id,split,eruption,sample_id,crystal_id,pair_mine_id,pair_liq_id,kd_value,kd_error,model,model_full_name,target_type,P_pred,T_pred,status,error_message
merapi_2006_0001,merapi_kd028_pass,2006,2006px2 Line 001 ,2006px2,0,9581,0.2799974498225476,2.55017745243169e-06,Pu08_31,"Putirka, 2008 eq33_T; eq31_P (cpx_liq)",P,14.490796668698318,,ok,
merapi_2006_0002,merapi_kd028_pass,2006,2006px2 Line 002 ,2006px2,1,4919,0.2799870689065713,1.293109342870302e-05,Pu08_31,"Putirka, 2008 eq33_T; eq31_P (cpx_liq)",P,15.491751268245913,,ok,
merapi_2006_0003,merapi_kd028_pass,2006,2006px2 Line 003 ,2006px2,2,13958,0.2800157045766593,1.570457665922564e-05,Pu08_31,"Putirka, 2008 eq33_T; eq31_P (cpx_liq)",P,,,calculation_failed,prediction returned NaN
merapi_2006_0004,merapi_kd028_pass,2006,2006px2 Line 004 ,2006px2,3,16902,0.2799995963332798,4.036667202722555e-07,Pu08_31,"Putirka, 2008 eq33_T; eq31_P (cpx_liq)",P,,,calculation_failed,prediction returned NaN
merapi_2006_0005,merapi_kd028_pass,2006,2006px2 Line 005 ,2006px2,4,11378,0.2800001900063491,1.900063490989368e-07,Pu08_31,"Putirka, 2008 eq33_T; eq31_P (cpx_liq)",P,,,calculation_failed,prediction returned NaN
merapi_2006_0006,merapi_kd028_pass,2006,2006px2 Line 011 ,2006px2,10,4745,0.2799668715475006,3.31284524994202e-05,Pu08_31,"Putirka, 2008 eq33_T; eq31_P (cpx_liq)",P,14.863250325931643,,ok,
merapi_2006_0007,merapi_kd028_pass,2006,2006px2 Line 012 ,2006px2,11,3134,0.2799997359248839,2.640751161631094e-07,Pu08_31,"Putirka, 2008 eq33_T; eq31_P (cpx_liq)",P,13.150882343445128,,ok,
merapi_2006_0008,merapi_kd028_pass,2006,2006px3 Line 023 ,2006px3,35,5834,0.2799684670032443,3.153299675573429e-05,Pu08_31,"Putirka, 2008 eq33_T; eq31_P (cpx_liq)",P,,,calculation_failed,prediction returned NaN
merapi_2006_0009,merapi_kd028_pass,2006,2006px3 Line 024 ,2006px3,36,17798,0.2800009358429474,9.358429474137786e-07,Pu08_31,"Putirka, 2008 eq33_T; eq31_P (cpx_liq)",P,,,calculation_failed,prediction returned NaN
merapi_2006_0010,merapi_kd028_pass,2006,2006px3 Line 025 ,2006px3,37,3428,0.2800156792466391,1.56792466390332e-05,Pu08_31,"Putirka, 2008 eq33_T; eq31_P (cpx_liq)",P,,,calculation_failed,prediction returned NaN
merapi_2006_0011,merapi_kd028_pass,2006,2006px3 Line 026 ,2006px3,38,5590,0.2799995436317146,4.56368285384201e-07,Pu08_31,"Putirka, 2008 eq33_T; eq31_P (cpx_liq)",P,,,calculation_failed,prediction returned NaN
merapi_2006_0012,merapi_kd028_pass,2006,2006px3 Line 027 ,2006px3,39,2553,0.2800041347572449,4.134757244922405e-06,Pu08_31,"Putirka, 2008 eq33_T; eq31_P (cpx_liq)",P,,,calculation_failed,prediction returned NaN
merapi_2006_0013,merapi_kd028_pass,2006,2006px3 Line 028 ,2006px3,40,10701,0.2799987824852813,1.217514718765411e-06,Pu08_31,"Putirka, 2008 eq33_T; eq31_P (cpx_liq)",P,,,calculation_failed,prediction returned NaN
merapi_2006_0014,merapi_kd028_pass,2006,2006px3 Line 029 ,2006px3,41,16550,0.27999970009488,2.999051200158753e-07,Pu08_31,"Putirka, 2008 eq33_T; eq31_P (cpx_liq)",P,,,calculation_failed,prediction returned NaN
merapi_2006_0015,merapi_kd028_pass,2006,2006px3 Line 030 ,2006px3,42,5881,0.280001740402496,1.740402496008819e-06,Pu08_31,"Putirka, 2008 eq33_T; eq31_P (cpx_liq)",P,,,calculation_failed,prediction returned NaN
merapi_2006_0016,merapi_kd028_pass,2006,2006px3 Line 031 ,2006px3,43,7032,0.2800079058247457,7.905824745690904e-06,Pu08_31,"Putirka, 2008 eq33_T; eq31_P (cpx_liq)",P,,,calculation_failed,prediction returned NaN
merapi_2006_0017,merapi_kd028_pass,2006,2006px3 Line 032 ,2006px3,44,12524,0.2799786851612204,2.131483877965135e-05,Pu08_31,"Putirka, 2008 eq33_T; eq31_P (cpx_liq)",P,15.876496580960078,,ok,
merapi_2006_0018,merapi_kd028_pass,2006,2006trav1n Line 001 ,2006trav1,58,14072,0.2800026645370314,2.66453703134939e-06,Pu08_31,"Putirka, 2008 eq33_T; eq31_P (cpx_liq)",P,,,calculation_failed,prediction returned NaN
merapi_2006_0019,merapi_kd028_pass,2006,2006trav1n Line 002 ,2006trav1,59,13298,0.2799967368270788,3.263172921208479e-06,Pu08_31,"Putirka, 2008 eq33_T; eq31_P (cpx_liq)",P,,,calculation_failed,prediction returned NaN
merapi_2006_0020,merapi_kd028_pass,2006,2006trav1n Line 017 ,2006trav1,74,19148,0.2800022664781375,2.266478137502581e-06,Pu08_31,"Putirka, 2008 eq33_T; eq31_P (cpx_liq)",P,,,calculation_failed,prediction returned NaN
merapi_2006_0021,merapi_kd028_pass,2006,2006trav1n Line 019 ,2006trav1,76,10696,0.2800256233985809,2.562339858092066e-05,Pu08_31,"Putirka, 2008 eq33_T; eq31_P (cpx_liq)",P,,,calculation_failed,prediction returned NaN
merapi_2006_0022,merapi_kd028_pass,2006,2006trav1n Line 020 ,2006trav1,77,9588,0.2800043793820398,4.379382039731983e-06,Pu08_31,"Putirka, 2008 eq33_T; eq31_P (cpx_liq)",P,,,calculation_failed,prediction returned NaN
merapi_2006_0023,merapi_kd028_pass,2006,2006trav1n Line 023 ,2006trav1,80,8720,0.2800041179486016,4.117948601556343e-06,Pu08_31,"Putirka, 2008 eq33_T; eq31_P (cpx_liq)",P,,,calculation_failed,prediction returned NaN
merapi_2006_0024,merapi_kd028_pass,2006,2006trav1n Line 024 ,2006trav1,81,2945,0.2799832553448161,1.67446551839201e-05,Pu08_31,"Putirka, 2008 eq33_T; eq31_P (cpx_liq)",P,,,calculation_failed,prediction returned NaN
merapi_2006_0025,merapi_kd028_pass,2006,2006trav1n Line 025 ,2006trav1,82,17864,0.2799966439377978,3.356062202253263e-06,Pu08_31,"Putirka, 2008 eq33_T; eq31_P (cpx_liq)",P,,,calculation_failed,prediction returned NaN
merapi_2006_0026,merapi_kd028_pass,2006,2006trav1n Line 026 ,2006trav1,83,9461,0.2800025180872135,2.518087213521092e-06,Pu08_31,"Putirka, 2008 eq33_T; eq31_P (cpx_liq)",P,,,calculation_failed,prediction returned NaN
merapi_2006_0027,merapi_kd028_pass,2006,2006trav1n Line 028 ,2006trav1,85,3380,0.2800126995628873,1.269956288724172e-05,Pu08_31,"Putirka, 2008 eq33_T; eq31_P (cpx_liq)",P,,,calculation_failed,prediction returned NaN
merapi_2006_0028,merapi_kd028_pass,2006,2006trav1n Line 029 ,2006trav1,86,19486,0.2799759551680616,2.404483193846341e-05,Pu08_31,"Putirka, 2008 eq33_T; eq31_P (cpx_liq)",P,,,calculation_failed,prediction returned NaN
merapi_2006_0029,merapi_kd028_pass,2006,2006trav1n Line 030 ,2006trav1,87,17741,0.2800037470948772,3.747094877160073e-06,Pu08_31,"Putirka, 2008 eq33_T; eq31_P (cpx_liq)",P,,,calculation_failed,prediction returned NaN
merapi_2006_0030,merapi_kd028_pass,2006,2006trav1n Line 031 ,2006trav1,88,14652,0.2799971993555523,2.800644447686906e-06,Pu08_31,"Putirka, 2008 eq33_T; eq31_P (cpx_liq)",P,,,calculation_failed,prediction returned NaN
merapi_2006_0031,merapi_kd028_pass,2006,2006trav1n Line 032 ,2006trav1,89,10065,0.2799724972348179,2.750276518209693e-05,Pu08_31,"Putirka, 2008 eq33_T; eq31_P (cpx_liq)",P,,,calculation_failed,prediction returned NaN
merapi_2006_0032,merapi_kd028_pass,2006,2006trav1n Line 033 ,2006trav1,90,6907,0.2799969238817676,3.076118232414604e-06,Pu08_31,"Putirka, 2008 eq33_T; eq31_P (cpx_liq)",P,,,calculation_failed,prediction returned NaN
merapi_2006_0033,merapi_kd028_pass,2006,2006trav1n Line 034 ,2006trav1,91,5036,0.2799912145287365,8.785471263539346e-06,Pu08_31,"Putirka, 2008 eq33_T; eq31_P (cpx_liq)",P,,,calculation_failed,prediction returned NaN
merapi_2006_0034,merapi_kd028_pass,2006,2006trav2n  Line 009 ,2006trav2,108,13140,0.2799949264581835,5.073541816558169e-06,Pu08_31,"Putirka, 2008 eq33_T; eq31_P (cpx_liq)",P,,,calculation_failed,prediction returned NaN
merapi_2006_0035,merapi_kd028_pass,2006,2006trav2n  Line 010 ,2006trav2,109,7560,0.2799936080720503,6.391927949767062e-06,Pu08_31,"Putirka, 2008 eq33_T; eq31_P (cpx_liq)",P,,,calculation_failed,prediction returned NaN
merapi_2006_0036,merapi_kd028_pass,2006,2006trav2n  Line 011 ,2006trav2,110,8900,0.2799962877122568,3.71228774326271e-06,Pu08_31,"Putirka, 2008 eq33_T; eq31_P (cpx_liq)",P,,,calculation_failed,prediction returned NaN
merapi_2006_0037,merapi_kd028_pass,2006,2006trav2n  Line 012 ,2006trav2,111,13896,0.2800091551834771,9.1551834770498e-06,Pu08_31,"Putirka, 2008 eq33_T; eq31_P (cpx_liq)",P,,,calculation_failed,prediction returned NaN
merapi_2006_0038,merapi_kd028_pass,2006,2006trav2n  Line 013 ,2006trav2,112,18840,0.2799861823323435,1.381766765651271e-05,Pu08_31,"Putirka, 2008 eq33_T; eq31_P (cpx_liq)",P,,,calculation_failed,prediction returned NaN
merapi_2006_0039,merapi_kd028_pass,2006,2006trav2n  Line 017 ,2006trav2,116,7030,0.279987146234402,1.285376559800877e-05,Pu08_31,"Putirka, 2008 eq33_T; eq31_P (cpx_liq)",P,,,calculation_failed,prediction returned NaN
merapi_2006_0040,merapi_kd028_pass,2006,Un   95  2006cpx1-80W,2006cpx1-80,135,19746,0.2799973584549343,2.641545065684703e-06,Pu08_31,"Putirka, 2008 eq33_T; eq31_P (cpx_liq)",P,14.050762048229618,,ok,
merapi_2006_0041,merapi_kd028_pass,2006,Un   96  2006cpx1-test,2006cpx1-test,139,11432,0.2800072280802169,7.228080216914456e-06,Pu08_31,"Putirka, 2008 eq33_T; eq31_P (cpx_liq)",P,15.267517049736998,,ok,
merapi_2006_0042,merapi_kd028_pass,2006,Un   97  2006cpx1-80E,2006cpx1-80,140,89,0.2799920485428923,7.951457107691073e-06,Pu08_31,"Putirka, 2008 eq33_T; eq31_P (cpx_liq)",P,13.583463163023527,,ok,
merapi_2010_0043,merapi_kd028_pass,2010,2010-cpx1 Line 002 ,2010-cpx1,0,6018,0.2799998030112246,1.969887754582622e-07,Pu08_31,"Putirka, 2008 eq33_T; eq31_P (cpx_liq)",P,,,calculation_failed,prediction returned NaN
merapi_2010_0044,merapi_kd028_pass,2010,2010-cpx1 Line 003 ,2010-cpx1,1,4057,0.2799981517158307,1.848284169325698e-06,Pu08_31,"Putirka, 2008 eq33_T; eq31_P (cpx_liq)",P,,,calculation_failed,prediction returned NaN
merapi_2010_0045,merapi_kd028_pass,2010,2010-cpx1 Line 004 ,2010-cpx1,2,5871,0.2799977644084414,2.235591558652494e-06,Pu08_31,"Putirka, 2008 eq33_T; eq31_P (cpx_liq)",P,,,calculation_failed,prediction returned NaN
merapi_2010_0046,merapi_kd028_pass,2010,2010-cpx1 Line 005 ,2010-cpx1,3,2435,0.2800051065098412,5.106509841146245e-06,Pu08_31,"Putirka, 2008 eq33_T; eq31_P (cpx_liq)",P,,,calculation_failed,prediction returned NaN
merapi_2010_0047,merapi_kd028_pass,2010,2010-cpx1 Line 006 ,2010-cpx1,4,15157,0.2799988812011857,1.118798814370159e-06,Pu08_31,"Putirka, 2008 eq33_T; eq31_P (cpx_liq)",P,,,calculation_failed,prediction returned NaN
merapi_2010_0048,merapi_kd028_pass,2010,2010-cpx1 Line 007 ,2010-cpx1,5,257,0.280005844839572,5.844839571944593e-06,Pu08_31,"Putirka, 2008 eq33_T; eq31_P (cpx_liq)",P,,,calculation_failed,prediction returned NaN
merapi_2010_0049,merapi_kd028_pass,2010,2010-cpx1 Line 008 ,2010-cpx1,6,1295,0.2800077662750068,7.76627500681526e-06,Pu08_31,"Putirka, 2008 eq33_T; eq31_P (cpx_liq)",P,,,calculation_failed,prediction returned NaN
merapi_2010_0050,merapi_kd028_pass,2010,2010-cpx1 Line 009 ,2010-cpx1,7,16888,0.2800021365885482,2.136588548196094e-06,Pu08_31,"Putirka, 2008 eq33_T; eq31_P (cpx_liq)",P,,,calculation_failed,prediction returned NaN
merapi_2010_0051,merapi_kd028_pass,2010,2010-cpx1 Line 010 ,2010-cpx1,8,8856,0.2800015856658248,1.585665824810345e-06,Pu08_31,"Putirka, 2008 eq33_T; eq31_P (cpx_liq)",P,,,calculation_failed,prediction returned NaN
merapi_2010_0052,merapi_kd028_pass,2010,2010-cpx1 Line 011 ,2010-cpx1,9,1439,0.2800011849694209,1.184969420919835e-06,Pu08_31,"Putirka, 2008 eq33_T; eq31_P (cpx_liq)",P,,,calculation_failed,prediction returned NaN
merapi_2010_0053,merapi_kd028_pass,2010,2010-cpx1 Line 012 ,2010-cpx1,10,14518,0.2800006107589095,6.107589094472843e-07,Pu08_31,"Putirka, 2008 eq33_T; eq31_P (cpx_liq)",P,,,calculation_failed,prediction returned NaN
merapi_2010_0054,merapi_kd028_pass,2010,2010-cpx1 Line 013 ,2010-cpx1,11,16676,0.2800025879305247,2.587930524711179e-06,Pu08_31,"Putirka, 2008 eq33_T; eq31_P (cpx_liq)",P,,,calculation_failed,prediction returned NaN
merapi_2010_0055,merapi_kd028_pass,2010,2010-cpx1 Line 014 ,2010-cpx1,12,8688,0.2800010648039675,1.064803967498751e-06,Pu08_31,"Putirka, 2008 eq33_T; eq31_P (cpx_liq)",P,,,calculation_failed,prediction returned NaN
merapi_2010_0056,merapi_kd028_pass,2010,2010-cpx1 Line 015 ,2010-cpx1,13,5877,0.2799969867108625,3.013289137543396e-06,Pu08_31,"Putirka, 2008 eq33_T; eq31_P (cpx_liq)",P,,,calculation_failed,prediction returned NaN
merapi_2010_0057,merapi_kd028_pass,2010,2010-cpx1 Line 016 ,2010-cpx1,14,452,0.2799821560205399,1.784397946014149e-05,Pu08_31,"Putirka, 2008 eq33_T; eq31_P (cpx_liq)",P,,,calculation_failed,prediction returned NaN
merapi_2010_0058,merapi_kd028_pass,2010,2010-cpx1 Line 017 ,2010-cpx1,15,2032,0.2800006717020297,6.717020297197784e-07,Pu08_31,"Putirka, 2008 eq33_T; eq31_P (cpx_liq)",P,,,calculation_failed,prediction returned NaN
merapi_2010_0059,merapi_kd028_pass,2010,2010-cpx1 Line 018 ,2010-cpx1,16,19283,0.2800046137817918,4.613781791784621e-06,Pu08_31,"Putirka, 2008 eq33_T; eq31_P (cpx_liq)",P,,,calculation_failed,prediction returned NaN
merapi_2010_0060,merapi_kd028_pass,2010,2010-cpx1 Line 019 ,2010-cpx1,17,8771,0.2800725605111906,7.256051119058915e-05,Pu08_31,"Putirka, 2008 eq33_T; eq31_P (cpx_liq)",P,14.07340162252185,,ok,
merapi_2010_0061,merapi_kd028_pass,2010,2010-cpx1 Line 020 ,2010-cpx1,18,5387,0.2800073241282617,7.324128261654295e-06,Pu08_31,"Putirka, 2008 eq33_T; eq31_P (cpx_liq)",P,14.574812540752232,,ok,
merapi_2010_0062,merapi_kd028_pass,2010,2010-cpx1 Line 021 ,2010-cpx1,19,3489,0.2799965137473102,3.486252689866021e-06,Pu08_31,"Putirka, 2008 eq33_T; eq31_P (cpx_liq)",P,14.761207288162035,,ok,
merapi_2010_0063,merapi_kd028_pass,2010,nov10_px5an Line 026 ,nov10_px5,84,17229,0.2799933632122469,6.636787753144802e-06,Pu08_31,"Putirka, 2008 eq33_T; eq31_P (cpx_liq)",P,,,calculation_failed,prediction returned NaN
merapi_2010_0064,merapi_kd028_pass,2010,nov10_px5an Line 027 ,nov10_px5,85,10975,0.279998405979791,1.594020209050306e-06,Pu08_31,"Putirka, 2008 eq33_T; eq31_P (cpx_liq)",P,,,calculation_failed,prediction returned NaN
merapi_2010_0065,merapi_kd028_pass,2010,nov10_px5an Line 028 ,nov10_px5,86,17829,0.2800100678768651,1.006787686508304e-05,Pu08_31,"Putirka, 2008 eq33_T; eq31_P (cpx_liq)",P,,,calculation_failed,prediction returned NaN
merapi_2010_0066,merapi_kd028_pass,2010,nov10_px5an Line 029 ,nov10_px5,87,16574,0.2799947642915669,5.235708433082298e-06,Pu08_31,"Putirka, 2008 eq33_T; eq31_P (cpx_liq)",P,,,calculation_failed,prediction returned NaN
merapi_2010_0067,merapi_kd028_pass,2010,nov10_px5an Line 030 ,nov10_px5,88,9438,0.2799969807857353,3.019214264765591e-06,Pu08_31,"Putirka, 2008 eq33_T; eq31_P (cpx_liq)",P,,,calculation_failed,prediction returned NaN
merapi_2010_0068,merapi_kd028_pass,2010,nov10_px5an Line 031 ,nov10_px5,89,16459,0.2800051022630541,5.102263054057588e-06,Pu08_31,"Putirka, 2008 eq33_T; eq31_P (cpx_liq)",P,,,calculation_failed,prediction returned NaN
merapi_2010_0069,merapi_kd028_pass,2010,nov10_px5an Line 032 ,nov10_px5,90,4559,0.280006369562572,6.369562571995058e-06,Pu08_31,"Putirka, 2008 eq33_T; eq31_P (cpx_liq)",P,,,calculation_failed,prediction returned NaN
merapi_2010_0070,merapi_kd028_pass,2010,nov10_px5an Line 033 ,nov10_px5,91,6918,0.279989171985401,1.082801459906246e-05,Pu08_31,"Putirka, 2008 eq33_T; eq31_P (cpx_liq)",P,,,calculation_failed,prediction returned NaN
merapi_2010_0071,merapi_kd028_pass,2010,nov10_px5an Line 034 ,nov10_px5,92,9687,0.2800279863805439,2.798638054390956e-05,Pu08_31,"Putirka, 2008 eq33_T; eq31_P (cpx_liq)",P,,,calculation_failed,prediction returned NaN
merapi_2010_0072,merapi_kd028_pass,2010,nov10_px5an Line 035 ,nov10_px5,93,14424,0.2800076247920927,7.624792092653099e-06,Pu08_31,"Putirka, 2008 eq33_T; eq31_P (cpx_liq)",P,,,calculation_failed,prediction returned NaN
merapi_2010_0073,merapi_kd028_pass,2010,nov10_px5an Line 036 ,nov10_px5,94,15711,0.279957811472103,4.218852789705796e-05,Pu08_31,"Putirka, 2008 eq33_T; eq31_P (cpx_liq)",P,,,calculation_failed,prediction returned NaN
merapi_2010_0074,merapi_kd028_pass,2010,nov10_px5an Line 037 ,nov10_px5,95,17572,0.2800034736768699,3.473676869869546e-06,Pu08_31,"Putirka, 2008 eq33_T; eq31_P (cpx_liq)",P,,,calculation_failed,prediction returned NaN
merapi_2010_0075,merapi_kd028_pass,2010,nov10_px5an Line 038 ,nov10_px5,96,19294,0.2800113853387882,1.138533878813908e-05,Pu08_31,"Putirka, 2008 eq33_T; eq31_P (cpx_liq)",P,,,calculation_failed,prediction returned NaN
merapi_2010_0076,merapi_kd028_pass,2010,nov10_px5an Line 039 ,nov10_px5,97,17149,0.2800314474896073,3.144748960731691e-05,Pu08_31,"Putirka, 2008 eq33_T; eq31_P (cpx_liq)",P,,,calculation_failed,prediction returned NaN
merapi_2010_0077,merapi_kd028_pass,2010,nov10_px5an Line 040 ,nov10_px5,98,2050,0.279950692550907,4.930744909298346e-05,Pu08_31,"Putirka, 2008 eq33_T; eq31_P (cpx_liq)",P,,,calculation_failed,prediction returned NaN
merapi_2010_0078,merapi_kd028_pass,2010,nov10_px5an Line 041 ,nov10_px5,99,5528,0.279996345939143,3.654060857005703e-06,Pu08_31,"Putirka, 2008 eq33_T; eq31_P (cpx_liq)",P,,,calculation_failed,prediction returned NaN
merapi_2010_0079,merapi_kd028_pass,2010,nov10_px5an Line 042 ,nov10_px5,100,798,0.2800264683941149,2.646839411485358e-05,Pu08_31,"Putirka, 2008 eq33_T; eq31_P (cpx_liq)",P,,,calculation_failed,prediction returned NaN
merapi_2010_0080,merapi_kd028_pass,2010,nov10_px5bn Line 020 ,nov10_px5,120,4575,0.2799610569113504,3.894308864965668e-05,Pu08_31,"Putirka, 2008 eq33_T; eq31_P (cpx_liq)",P,,,calculation_failed,prediction returned NaN
merapi_2010_0081,merapi_kd028_pass,2010,nov10_px5bn Line 035 ,nov10_px5,135,17245,0.2800006834025761,6.834025760849016e-07,Pu08_31,"Putirka, 2008 eq33_T; eq31_P (cpx_liq)",P,,,calculation_failed,prediction returned NaN
merapi_2010_0082,merapi_kd028_pass,2010,nov10_px5bn Line 036 ,nov10_px5,136,4990,0.2800030942003303,3.094200330233665e-06,Pu08_31,"Putirka, 2008 eq33_T; eq31_P (cpx_liq)",P,,,calculation_failed,prediction returned NaN
merapi_2010_0083,merapi_kd028_pass,2010,nov10_px5bn Line 037 ,nov10_px5,137,14581,0.2800020652329865,2.065232986458998e-06,Pu08_31,"Putirka, 2008 eq33_T; eq31_P (cpx_liq)",P,,,calculation_failed,prediction returned NaN
merapi_2010_0084,merapi_kd028_pass,2010,nov10_px5bn Line 038 ,nov10_px5,138,5241,0.2800028069195141,2.806919514097839e-06,Pu08_31,"Putirka, 2008 eq33_T; eq31_P (cpx_liq)",P,,,calculation_failed,prediction returned NaN
merapi_2010_0085,merapi_kd028_pass,2010,nov10_px5bn Line 039 ,nov10_px5,139,16670,0.2799988743007921,1.125699207960018e-06,Pu08_31,"Putirka, 2008 eq33_T; eq31_P (cpx_liq)",P,,,calculation_failed,prediction returned NaN
merapi_2010_0086,merapi_kd028_pass,2010,nov10_px5bn Line 040 ,nov10_px5,140,127,0.2800018784026617,1.878402661636969e-06,Pu08_31,"Putirka, 2008 eq33_T; eq31_P (cpx_liq)",P,,,calculation_failed,prediction returned NaN
merapi_2010_0087,merapi_kd028_pass,2010,nov10_px5bn Line 041 ,nov10_px5,141,4082,0.2800013188513222,1.318851322151815e-06,Pu08_31,"Putirka, 2008 eq33_T; eq31_P (cpx_liq)",P,,,calculation_failed,prediction returned NaN
merapi_2010_0088,merapi_kd028_pass,2010,nov10_px5bn Line 042 ,nov10_px5,142,11179,0.2800029317436675,2.931743667500264e-06,Pu08_31,"Putirka, 2008 eq33_T; eq31_P (cpx_liq)",P,,,calculation_failed,prediction returned NaN
merapi_2010_0089,merapi_kd028_pass,2010,nov10_px5cn Line 027 ,nov10_px5,169,8360,0.2800355603519092,3.556035190921403e-05,Pu08_31,"Putirka, 2008 eq33_T; eq31_P (cpx_liq)",P,,,calculation_failed,prediction returned NaN
merapi_2010_0090,merapi_kd028_pass,2010,nov10_px5cn Line 028 ,nov10_px5,170,10692,0.280010041862024,1.00418620239684e-05,Pu08_31,"Putirka, 2008 eq33_T; eq31_P (cpx_liq)",P,,,calculation_failed,prediction returned NaN
merapi_2010_0091,merapi_kd028_pass,2010,nov10_px5cn Line 029 ,nov10_px5,171,5211,0.2799959499111569,4.050088843077226e-06,Pu08_31,"Putirka, 2008 eq33_T; eq31_P (cpx_liq)",P,,,calculation_failed,prediction returned NaN
merapi_2010_0092,merapi_kd028_pass,2010,nov10_px5cn Line 030 ,nov10_px5,172,4070,0.2799978980475839,2.101952416122543e-06,Pu08_31,"Putirka, 2008 eq33_T; eq31_P (cpx_liq)",P,,,calculation_failed,prediction returned NaN
merapi_2010_0093,merapi_kd028_pass,2010,nov10_px5cn Line 031 ,nov10_px5,173,10188,0.2799935557963997,6.444203600353138e-06,Pu08_31,"Putirka, 2008 eq33_T; eq31_P (cpx_liq)",P,,,calculation_failed,prediction returned NaN
merapi_2010_0094,merapi_kd028_pass,2010,nov10_px5cn Line 032 ,nov10_px5,174,8753,0.2799985030544663,1.496945533752125e-06,Pu08_31,"Putirka, 2008 eq33_T; eq31_P (cpx_liq)",P,,,calculation_failed,prediction returned NaN
merapi_2010_0095,merapi_kd028_pass,2010,nov10_px5cn Line 033 ,nov10_px5,175,11365,0.2800044647547743,4.464754774224922e-06,Pu08_31,"Putirka, 2008 eq33_T; eq31_P (cpx_liq)",P,,,calculation_failed,prediction returned NaN
merapi_2010_0096,merapi_kd028_pass,2010,nov10_px5cn Line 034 ,nov10_px5,176,1381,0.2799976878007022,2.312199297860307e-06,Pu08_31,"Putirka, 2008 eq33_T; eq31_P (cpx_liq)",P,,,calculation_failed,prediction returned NaN
merapi_2010_0097,merapi_kd028_pass,2010,nov10_px5cn Line 035 ,nov10_px5,177,15978,0.279998997814827,1.002185173015757e-06,Pu08_31,"Putirka, 2008 eq33_T; eq31_P (cpx_liq)",P,,,calculation_failed,prediction returned NaN
merapi_2010_0098,merapi_kd028_pass,2010,nov10_px5cn Line 036 ,nov10_px5,178,8902,0.2800031271665638,3.127166563754447e-06,Pu08_31,"Putirka, 2008 eq33_T; eq31_P (cpx_liq)",P,,,calculation_failed,prediction returned NaN
merapi_2010_0099,merapi_kd028_pass,2010,nov10_px5cn Line 037 ,nov10_px5,179,14293,0.2800024680425633,2.468042563263939e-06,Pu08_31,"Putirka, 2008 eq33_T; eq31_P (cpx_liq)",P,,,calculation_failed,prediction returned NaN
merapi_2010_0100,merapi_kd028_pass,2010,nov10_px5cn Line 038 ,nov10_px5,180,12852,0.2800010792607041,1.079260704084373e-06,Pu08_31,"Putirka, 2008 eq33_T; eq31_P (cpx_liq)",P,,,calculation_failed,prediction returned NaN
merapi_2010_0101,merapi_kd028_pass,2010,nov10_px5cn Line 039 ,nov10_px5,181,81,0.2800027112246111,2.711224611040564e-06,Pu08_31,"Putirka, 2008 eq33_T; eq31_P (cpx_liq)",P,,,calculation_failed,prediction returned NaN
merapi_2010_0102,merapi_kd028_pass,2010,nov10_px5cn Line 040 ,nov10_px5,182,160,0.2800081154584018,8.11545840173622e-06,Pu08_31,"Putirka, 2008 eq33_T; eq31_P (cpx_liq)",P,,,calculation_failed,prediction returned NaN
merapi_2010_0103,merapi_kd028_pass,2010,nov10_px5cn Line 041 ,nov10_px5,183,14033,0.2799970809354401,2.919064559958606e-06,Pu08_31,"Putirka, 2008 eq33_T; eq31_P (cpx_liq)",P,,,calculation_failed,prediction returned NaN
merapi_2010_0104,merapi_kd028_pass,2010,nov10_px5cn Line 042 ,nov10_px5,184,11589,0.2800003808783538,3.808783537451177e-07,Pu08_31,"Putirka, 2008 eq33_T; eq31_P (cpx_liq)",P,,,calculation_failed,prediction returned NaN
merapi_2010_0105,merapi_kd028_pass,2010,nov10_px6bn Line 022 ,nov10_px6,206,5838,0.2799975763316663,2.423668333695339e-06,Pu08_31,"Putirka, 2008 eq33_T; eq31_P (cpx_liq)",P,,,calculation_failed,prediction returned NaN
merapi_2010_0106,merapi_kd028_pass,2010,nov10_px6bn Line 023 ,nov10_px6,207,12299,0.2799929724821653,7.027517834767849e-06,Pu08_31,"Putirka, 2008 eq33_T; eq31_P (cpx_liq)",P,,,calculation_failed,prediction returned NaN
merapi_2010_0107,merapi_kd028_pass,2010,nov10_px6bn Line 024 ,nov10_px6,208,8066,0.2799979396071882,2.060392811809031e-06,Pu08_31,"Putirka, 2008 eq33_T; eq31_P (cpx_liq)",P,,,calculation_failed,prediction returned NaN
merapi_2010_0108,merapi_kd028_pass,2010,nov10_px6bn Line 025 ,nov10_px6,209,2000,0.2800115110848241,1.151108482405627e-05,Pu08_31,"Putirka, 2008 eq33_T; eq31_P (cpx_liq)",P,,,calculation_failed,prediction returned NaN
merapi_2010_0109,merapi_kd028_pass,2010,nov10_px6bn Line 026 ,nov10_px6,210,4024,0.280001245370136,1.245370135960489e-06,Pu08_31,"Putirka, 2008 eq33_T; eq31_P (cpx_liq)",P,,,calculation_failed,prediction returned NaN
merapi_2010_0110,merapi_kd028_pass,2010,nov10_px6bn Line 027 ,nov10_px6,211,16911,0.2799848953098698,1.510469013021876e-05,Pu08_31,"Putirka, 2008 eq33_T; eq31_P (cpx_liq)",P,,,calculation_failed,prediction returned NaN
merapi_2010_0111,merapi_kd028_pass,2010,nov10_px6bn Line 028 ,nov10_px6,212,16798,0.2800080151835502,8.015183550147409e-06,Pu08_31,"Putirka, 2008 eq33_T; eq31_P (cpx_liq)",P,,,calculation_failed,prediction returned NaN
merapi_2010_0112,merapi_kd028_pass,2010,nov10_px6bn Line 029 ,nov10_px6,213,13586,0.2800028263253634,2.826325363414206e-06,Pu08_31,"Putirka, 2008 eq33_T; eq31_P (cpx_liq)",P,17.81009684840587,,ok,
merapi_2010_0113,merapi_kd028_pass,2010,nov10_px6bn Line 030 ,nov10_px6,214,17483,0.2800353341079006,3.533410790057534e-05,Pu08_31,"Putirka, 2008 eq33_T; eq31_P (cpx_liq)",P,17.44979189020503,,ok,
merapi_2010_0114,merapi_kd028_pass,2010,nov10_px6bn Line 031 ,nov10_px6,215,18016,0.2799966796108934,3.320389106609145e-06,Pu08_31,"Putirka, 2008 eq33_T; eq31_P (cpx_liq)",P,15.249523476233577,,ok,
merapi_2010_0115,merapi_kd028_pass,2010,nov10_px6bn Line 032 ,nov10_px6,216,4728,0.2799866525462,1.334745380004998e-05,Pu08_31,"Putirka, 2008 eq33_T; eq31_P (cpx_liq)",P,15.650608745848524,,ok,
merapi_2010_0116,merapi_kd028_pass,2010,nov10_px6bn Line 033 ,nov10_px6,217,4355,0.280003212463115,3.212463115020991e-06,Pu08_31,"Putirka, 2008 eq33_T; eq31_P (cpx_liq)",P,16.03953821321712,,ok,
merapi_2010_0117,merapi_kd028_pass,2010,oct10-px4a Line 001 ,oct10-px4a,218,3892,0.2800088174441775,8.817444177466882e-06,Pu08_31,"Putirka, 2008 eq33_T; eq31_P (cpx_liq)",P,,,calculation_failed,prediction returned NaN
merapi_2010_0118,merapi_kd028_pass,2010,oct10-px4a Line 002 ,oct10-px4a,219,7828,0.2799665652974266,3.343470257344272e-05,Pu08_31,"Putirka, 2008 eq33_T; eq31_P (cpx_liq)",P,,,calculation_failed,prediction returned NaN
merapi_2010_0119,merapi_kd028_pass,2010,oct10-px4a Line 008 ,oct10-px4a,225,14045,0.2800199062319113,1.990623191128194e-05,Pu08_31,"Putirka, 2008 eq33_T; eq31_P (cpx_liq)",P,15.81667315169195,,ok,
merapi_2010_0120,merapi_kd028_pass,2010,oct10-px4a Line 009 ,oct10-px4a,226,13348,0.2800058843242761,5.884324276117514e-06,Pu08_31,"Putirka, 2008 eq33_T; eq31_P (cpx_liq)",P,13.952925088599219,,ok,
merapi_2010_0121,merapi_kd028_pass,2010,oct10-px4a Line 011 ,oct10-px4a,227,7173,0.2800390814738258,3.908147382575278e-05,Pu08_31,"Putirka, 2008 eq33_T; eq31_P (cpx_liq)",P,13.801661941030506,,ok,
merapi_2010_0122,merapi_kd028_pass,2010,oct10-px4a Line 012 ,oct10-px4a,228,16050,0.2799826242196712,1.737578032878773e-05,Pu08_31,"Putirka, 2008 eq33_T; eq31_P (cpx_liq)",P,13.83167053029907,,ok,
merapi_2010_0123,merapi_kd028_pass,2010,oct10-px4a Line 015 ,oct10-px4a,231,8081,0.2799973712794988,2.628720501274273e-06,Pu08_31,"Putirka, 2008 eq33_T; eq31_P (cpx_liq)",P,15.001157390359722,,ok,
merapi_2010_0124,merapi_kd028_pass,2010,oct10-px4a Line 017 ,oct10-px4a,233,5508,0.2799943694425442,5.630557455782448e-06,Pu08_31,"Putirka, 2008 eq33_T; eq31_P (cpx_liq)",P,,,calculation_failed,prediction returned NaN
merapi_2010_0125,merapi_kd028_pass,2010,oct10-px4a Line 018 ,oct10-px4a,234,15738,0.2799929769501922,7.023049807819426e-06,Pu08_31,"Putirka, 2008 eq33_T; eq31_P (cpx_liq)",P,,,calculation_failed,prediction returned NaN
merapi_2010_0126,merapi_kd028_pass,2010,oct10-px7a Line 003 ,oct10-px7a,237,1018,0.2799773514750729,2.264852492711578e-05,Pu08_31,"Putirka, 2008 eq33_T; eq31_P (cpx_liq)",P,,,calculation_failed,prediction returned NaN
merapi_2010_0127,merapi_kd028_pass,2010,Un  207  2010-Cpx1-60S,2010-Cpx1-60,259,6010,0.2800185298718917,1.852987189171484e-05,Pu08_31,"Putirka, 2008 eq33_T; eq31_P (cpx_liq)",P,,,calculation_failed,prediction returned NaN
merapi_2010_0128,merapi_kd028_pass,2010,Un  208  2010-Cpx1-60E,2010-Cpx1-60,260,15630,0.2800210555938312,2.105559383119848e-05,Pu08_31,"Putirka, 2008 eq33_T; eq31_P (cpx_liq)",P,,,calculation_failed,prediction returned NaN
merapi_2010_0129,merapi_kd028_pass,2010,Un  209  2010-Cpx1-Core1,2010-Cpx1-CORE,261,9023,0.2800248773529943,2.487735299427918e-05,Pu08_31,"Putirka, 2008 eq33_T; eq31_P (cpx_liq)",P,,,calculation_failed,prediction returned NaN
merapi_2010_0130,merapi_kd028_pass,2010,Un  210  2010-Cpx1-Core2,2010-Cpx1-CORE,262,8312,0.2799934040601317,6.595939868347944e-06,Pu08_31,"Putirka, 2008 eq33_T; eq31_P (cpx_liq)",P,,,calculation_failed,prediction returned NaN
merapi_2010_0131,merapi_kd028_pass,2010,Un  211  2010-Cpx1-Core3,2010-Cpx1-CORE,263,16842,0.2800018738159906,1.873815990593997e-06,Pu08_31,"Putirka, 2008 eq33_T; eq31_P (cpx_liq)",P,,,calculation_failed,prediction returned NaN
merapi_2010_0132,merapi_kd028_pass,2010,Un  212  2010-Cpx1-61W,2010-Cpx1-61,264,9373,0.2800080710201749,8.071020174860166e-06,Pu08_31,"Putirka, 2008 eq33_T; eq31_P (cpx_liq)",P,,,calculation_failed,prediction returned NaN
merapi_2010_0133,merapi_kd028_pass,2010,Un  213  2010-Cpx1-61E,2010-Cpx1-61,265,11782,0.279988138916497,1.18610835029842e-05,Pu08_31,"Putirka, 2008 eq33_T; eq31_P (cpx_liq)",P,,,calculation_failed,prediction returned NaN
merapi_2010_0134,merapi_kd028_pass,2010,Un  214  2010-Cpx1-61N,2010-Cpx1-61,266,18560,0.2799839428361771,1.605716382291345e-05,Pu08_31,"Putirka, 2008 eq33_T; eq31_P (cpx_liq)",P,,,calculation_failed,prediction returned NaN
merapi_2010_0135,merapi_kd028_pass,2010,Un  216  2010-Cpx1-62W,2010-Cpx1-62,267,9894,0.27995379187536,4.620812464006807e-05,Pu08_31,"Putirka, 2008 eq33_T; eq31_P (cpx_liq)",P,,,calculation_failed,prediction returned NaN
merapi_2010_0136,merapi_kd028_pass,2010,Un  219  2010-Cpx1-RIM3,2010-Cpx1-RIM,268,17348,0.2799836140156229,1.638598437708749e-05,Pu08_31,"Putirka, 2008 eq33_T; eq31_P (cpx_liq)",P,,,calculation_failed,prediction returned NaN
merapi_2010_0137,merapi_kd028_pass,2010,Un  220  2010-Cpx1-Core4,2010-Cpx1-CORE,269,17822,0.2799927645626315,7.235437368524611e-06,Pu08_31,"Putirka, 2008 eq33_T; eq31_P (cpx_liq)",P,,,calculation_failed,prediction returned NaN
merapi_2010_0138,merapi_kd028_pass,2010,Un  221  2010-Cpx1-Core5,2010-Cpx1-CORE,270,15694,0.2799967501740619,3.249825938078654e-06,Pu08_31,"Putirka, 2008 eq33_T; eq31_P (cpx_liq)",P,,,calculation_failed,prediction returned NaN
merapi_2010_0139,merapi_kd028_pass,2010,Un  222  2010-Cpx1-Rim4,2010-Cpx1-RIM,271,11854,0.2800003101259549,3.10125954861018e-07,Pu08_31,"Putirka, 2008 eq33_T; eq31_P (cpx_liq)",P,,,calculation_failed,prediction returned NaN
merapi_2010_0140,merapi_kd028_pass,2010,Un  253  2010-Cpx6-52N,2010-Cpx6-52,273,7367,0.2799907355838421,9.264416157950262e-06,Pu08_31,"Putirka, 2008 eq33_T; eq31_P (cpx_liq)",P,,,calculation_failed,prediction returned NaN
merapi_2010_0141,merapi_kd028_pass,2010,Un  273  2010-Pair1-cpx-E2,2010-Pair1-cpx,277,6618,0.2799872793048427,1.272069515728669e-05,Pu08_31,"Putirka, 2008 eq33_T; eq31_P (cpx_liq)",P,,,calculation_failed,prediction returned NaN
merapi_2010_0142,merapi_kd028_pass,2010,Un  279  2010-CpxBottom-50E,2010-CpxBottom-50,283,2147,0.2799921576202294,7.842379770583996e-06,Pu08_31,"Putirka, 2008 eq33_T; eq31_P (cpx_liq)",P,14.208034750391887,,ok,
merapi_2010_0143,merapi_kd028_pass,2010,Un  281  2010-CpxBottom-49N,2010-CpxBottom-49,285,15424,0.2800310738358642,3.107383586420376e-05,Pu08_31,"Putirka, 2008 eq33_T; eq31_P (cpx_liq)",P,,,calculation_failed,prediction returned NaN
merapi_2010_0144,merapi_kd028_pass,2010,Un  286  2010-CpxBottom-R2,2010-CpxBottom,290,10807,0.2799972476730776,2.752326922428328e-06,Pu08_31,"Putirka, 2008 eq33_T; eq31_P (cpx_liq)",P,,,calculation_failed,prediction returned NaN
merapi_2010_0145,merapi_kd028_pass,2010,Un  287  2010-CpxSkull-56N,2010-CpxSkull-56,291,2157,0.2799892466082562,1.075339174383405e-05,Pu08_31,"Putirka, 2008 eq33_T; eq31_P (cpx_liq)",P,,,calculation_failed,prediction returned NaN
merapi_2010_0146,merapi_kd028_pass,2010,Un  297  2010-CpxSkull-Rim1,2010-CpxSkull,299,19222,0.2800106561710371,1.065617103707117e-05,Pu08_31,"Putirka, 2008 eq33_T; eq31_P (cpx_liq)",P,,,calculation_failed,prediction returned NaN
merapi_2010_0147,merapi_kd028_pass,2010,Un  300  2010-CpxSkull-Rim2,2010-CpxSkull,302,10692,0.2799953129372731,4.687062726937974e-06,Pu08_31,"Putirka, 2008 eq33_T; eq31_P (cpx_liq)",P,,,calculation_failed,prediction returned NaN
merapi_2010_0148,merapi_kd028_pass,2010,Un  301  2010-CpxSkull-Rim3,2010-CpxSkull,303,9366,0.2799988713753707,1.128624629309627e-06,Pu08_31,"Putirka, 2008 eq33_T; eq31_P (cpx_liq)",P,,,calculation_failed,prediction returned NaN
merapi_2006_0001,merapi_kd028_pass,2006,2006px2 Line 001 ,2006px2,0,9581,0.2799974498225476,2.55017745243169e-06,NP17,"Neave & Putirka, 2017 Pu08_eq33_T; eq1_P (cpx_liq) (cpx_liq)",P,8.18296869835357,,ok,
merapi_2006_0002,merapi_kd028_pass,2006,2006px2 Line 002 ,2006px2,1,4919,0.2799870689065713,1.293109342870302e-05,NP17,"Neave & Putirka, 2017 Pu08_eq33_T; eq1_P (cpx_liq) (cpx_liq)",P,6.620132897887009,,ok,
merapi_2006_0003,merapi_kd028_pass,2006,2006px2 Line 003 ,2006px2,2,13958,0.2800157045766593,1.570457665922564e-05,NP17,"Neave & Putirka, 2017 Pu08_eq33_T; eq1_P (cpx_liq) (cpx_liq)",P,-5.075230161727629,,ok,
merapi_2006_0004,merapi_kd028_pass,2006,2006px2 Line 004 ,2006px2,3,16902,0.2799995963332798,4.036667202722555e-07,NP17,"Neave & Putirka, 2017 Pu08_eq33_T; eq1_P (cpx_liq) (cpx_liq)",P,-4.089257571102121,,ok,
merapi_2006_0005,merapi_kd028_pass,2006,2006px2 Line 005 ,2006px2,4,11378,0.2800001900063491,1.900063490989368e-07,NP17,"Neave & Putirka, 2017 Pu08_eq33_T; eq1_P (cpx_liq) (cpx_liq)",P,-4.02865135228433,,ok,
merapi_2006_0006,merapi_kd028_pass,2006,2006px2 Line 011 ,2006px2,10,4745,0.2799668715475006,3.31284524994202e-05,NP17,"Neave & Putirka, 2017 Pu08_eq33_T; eq1_P (cpx_liq) (cpx_liq)",P,6.808611295826545,,ok,
merapi_2006_0007,merapi_kd028_pass,2006,2006px2 Line 012 ,2006px2,11,3134,0.2799997359248839,2.640751161631094e-07,NP17,"Neave & Putirka, 2017 Pu08_eq33_T; eq1_P (cpx_liq) (cpx_liq)",P,5.838371551681021,,ok,
merapi_2006_0008,merapi_kd028_pass,2006,2006px3 Line 023 ,2006px3,35,5834,0.2799684670032443,3.153299675573429e-05,NP17,"Neave & Putirka, 2017 Pu08_eq33_T; eq1_P (cpx_liq) (cpx_liq)",P,-5.247977645894308,,ok,
merapi_2006_0009,merapi_kd028_pass,2006,2006px3 Line 024 ,2006px3,36,17798,0.2800009358429474,9.358429474137786e-07,NP17,"Neave & Putirka, 2017 Pu08_eq33_T; eq1_P (cpx_liq) (cpx_liq)",P,-5.237724907384011,,ok,
merapi_2006_0010,merapi_kd028_pass,2006,2006px3 Line 025 ,2006px3,37,3428,0.2800156792466391,1.56792466390332e-05,NP17,"Neave & Putirka, 2017 Pu08_eq33_T; eq1_P (cpx_liq) (cpx_liq)",P,-5.325264165639428,,ok,
merapi_2006_0011,merapi_kd028_pass,2006,2006px3 Line 026 ,2006px3,38,5590,0.2799995436317146,4.56368285384201e-07,NP17,"Neave & Putirka, 2017 Pu08_eq33_T; eq1_P (cpx_liq) (cpx_liq)",P,-5.383354986819626,,ok,
merapi_2006_0012,merapi_kd028_pass,2006,2006px3 Line 027 ,2006px3,39,2553,0.2800041347572449,4.134757244922405e-06,NP17,"Neave & Putirka, 2017 Pu08_eq33_T; eq1_P (cpx_liq) (cpx_liq)",P,-4.487100258313902,,ok,
merapi_2006_0013,merapi_kd028_pass,2006,2006px3 Line 028 ,2006px3,40,10701,0.2799987824852813,1.217514718765411e-06,NP17,"Neave & Putirka, 2017 Pu08_eq33_T; eq1_P (cpx_liq) (cpx_liq)",P,-5.251757454799102,,ok,
merapi_2006_0014,merapi_kd028_pass,2006,2006px3 Line 029 ,2006px3,41,16550,0.27999970009488,2.999051200158753e-07,NP17,"Neave & Putirka, 2017 Pu08_eq33_T; eq1_P (cpx_liq) (cpx_liq)",P,-5.267424534270225,,ok,
merapi_2006_0015,merapi_kd028_pass,2006,2006px3 Line 030 ,2006px3,42,5881,0.280001740402496,1.740402496008819e-06,NP17,"Neave & Putirka, 2017 Pu08_eq33_T; eq1_P (cpx_liq) (cpx_liq)",P,-4.217358878598033,,ok,
merapi_2006_0016,merapi_kd028_pass,2006,2006px3 Line 031 ,2006px3,43,7032,0.2800079058247457,7.905824745690904e-06,NP17,"Neave & Putirka, 2017 Pu08_eq33_T; eq1_P (cpx_liq) (cpx_liq)",P,-4.449167645723637,,ok,
merapi_2006_0017,merapi_kd028_pass,2006,2006px3 Line 032 ,2006px3,44,12524,0.2799786851612204,2.131483877965135e-05,NP17,"Neave & Putirka, 2017 Pu08_eq33_T; eq1_P (cpx_liq) (cpx_liq)",P,6.779915029591395,,ok,
merapi_2006_0018,merapi_kd028_pass,2006,2006trav1n Line 001 ,2006trav1,58,14072,0.2800026645370314,2.66453703134939e-06,NP17,"Neave & Putirka, 2017 Pu08_eq33_T; eq1_P (cpx_liq) (cpx_liq)",P,-4.093360334007934,,ok,
merapi_2006_0019,merapi_kd028_pass,2006,2006trav1n Line 002 ,2006trav1,59,13298,0.2799967368270788,3.263172921208479e-06,NP17,"Neave & Putirka, 2017 Pu08_eq33_T; eq1_P (cpx_liq) (cpx_liq)",P,-5.077632966899138,,ok,
merapi_2006_0020,merapi_kd028_pass,2006,2006trav1n Line 017 ,2006trav1,74,19148,0.2800022664781375,2.266478137502581e-06,NP17,"Neave & Putirka, 2017 Pu08_eq33_T; eq1_P (cpx_liq) (cpx_liq)",P,-5.104708251840993,,ok,
merapi_2006_0021,merapi_kd028_pass,2006,2006trav1n Line 019 ,2006trav1,76,10696,0.2800256233985809,2.562339858092066e-05,NP17,"Neave & Putirka, 2017 Pu08_eq33_T; eq1_P (cpx_liq) (cpx_liq)",P,-5.038284558316201,,ok,
merapi_2006_0022,merapi_kd028_pass,2006,2006trav1n Line 020 ,2006trav1,77,9588,0.2800043793820398,4.379382039731983e-06,NP17,"Neave & Putirka, 2017 Pu08_eq33_T; eq1_P (cpx_liq) (cpx_liq)",P,-5.069057009911827,,ok,
merapi_2006_0023,merapi_kd028_pass,2006,2006trav1n Line 023 ,2006trav1,80,8720,0.2800041179486016,4.117948601556343e-06,NP17,"Neave & Putirka, 2017 Pu08_eq33_T; eq1_P (cpx_liq) (cpx_liq)",P,-5.100562090450163,,ok,
merapi_2006_0024,merapi_kd028_pass,2006,2006trav1n Line 024 ,2006trav1,81,2945,0.2799832553448161,1.67446551839201e-05,NP17,"Neave & Putirka, 2017 Pu08_eq33_T; eq1_P (cpx_liq) (cpx_liq)",P,-5.052199975076036,,ok,
merapi_2006_0025,merapi_kd028_pass,2006,2006trav1n Line 025 ,2006trav1,82,17864,0.2799966439377978,3.356062202253263e-06,NP17,"Neave & Putirka, 2017 Pu08_eq33_T; eq1_P (cpx_liq) (cpx_liq)",P,-5.169093948842523,,ok,
merapi_2006_0026,merapi_kd028_pass,2006,2006trav1n Line 026 ,2006trav1,83,9461,0.2800025180872135,2.518087213521092e-06,NP17,"Neave & Putirka, 2017 Pu08_eq33_T; eq1_P (cpx_liq) (cpx_liq)",P,-5.247891845688551,,ok,
merapi_2006_0027,merapi_kd028_pass,2006,2006trav1n Line 028 ,2006trav1,85,3380,0.2800126995628873,1.269956288724172e-05,NP17,"Neave & Putirka, 2017 Pu08_eq33_T; eq1_P (cpx_liq) (cpx_liq)",P,-5.124246671001625,,ok,
merapi_2006_0028,merapi_kd028_pass,2006,2006trav1n Line 029 ,2006trav1,86,19486,0.2799759551680616,2.404483193846341e-05,NP17,"Neave & Putirka, 2017 Pu08_eq33_T; eq1_P (cpx_liq) (cpx_liq)",P,-5.134736376428986,,ok,
merapi_2006_0029,merapi_kd028_pass,2006,2006trav1n Line 030 ,2006trav1,87,17741,0.2800037470948772,3.747094877160073e-06,NP17,"Neave & Putirka, 2017 Pu08_eq33_T; eq1_P (cpx_liq) (cpx_liq)",P,-5.054820688902557,,ok,
merapi_2006_0030,merapi_kd028_pass,2006,2006trav1n Line 031 ,2006trav1,88,14652,0.2799971993555523,2.800644447686906e-06,NP17,"Neave & Putirka, 2017 Pu08_eq33_T; eq1_P (cpx_liq) (cpx_liq)",P,-5.0766475163908265,,ok,
merapi_2006_0031,merapi_kd028_pass,2006,2006trav1n Line 032 ,2006trav1,89,10065,0.2799724972348179,2.750276518209693e-05,NP17,"Neave & Putirka, 2017 Pu08_eq33_T; eq1_P (cpx_liq) (cpx_liq)",P,-5.186275115095257,,ok,
merapi_2006_0032,merapi_kd028_pass,2006,2006trav1n Line 033 ,2006trav1,90,6907,0.2799969238817676,3.076118232414604e-06,NP17,"Neave & Putirka, 2017 Pu08_eq33_T; eq1_P (cpx_liq) (cpx_liq)",P,-5.070889694184892,,ok,
merapi_2006_0033,merapi_kd028_pass,2006,2006trav1n Line 034 ,2006trav1,91,5036,0.2799912145287365,8.785471263539346e-06,NP17,"Neave & Putirka, 2017 Pu08_eq33_T; eq1_P (cpx_liq) (cpx_liq)",P,-5.0951091657286804,,ok,
merapi_2006_0034,merapi_kd028_pass,2006,2006trav2n  Line 009 ,2006trav2,108,13140,0.2799949264581835,5.073541816558169e-06,NP17,"Neave & Putirka, 2017 Pu08_eq33_T; eq1_P (cpx_liq) (cpx_liq)",P,-4.563409917108447,,ok,
merapi_2006_0035,merapi_kd028_pass,2006,2006trav2n  Line 010 ,2006trav2,109,7560,0.2799936080720503,6.391927949767062e-06,NP17,"Neave & Putirka, 2017 Pu08_eq33_T; eq1_P (cpx_liq) (cpx_liq)",P,-4.835831661808761,,ok,
merapi_2006_0036,merapi_kd028_pass,2006,2006trav2n  Line 011 ,2006trav2,110,8900,0.2799962877122568,3.71228774326271e-06,NP17,"Neave & Putirka, 2017 Pu08_eq33_T; eq1_P (cpx_liq) (cpx_liq)",P,-4.712226306657764,,ok,
merapi_2006_0037,merapi_kd028_pass,2006,2006trav2n  Line 012 ,2006trav2,111,13896,0.2800091551834771,9.1551834770498e-06,NP17,"Neave & Putirka, 2017 Pu08_eq33_T; eq1_P (cpx_liq) (cpx_liq)",P,-4.217895533527509,,ok,
merapi_2006_0038,merapi_kd028_pass,2006,2006trav2n  Line 013 ,2006trav2,112,18840,0.2799861823323435,1.381766765651271e-05,NP17,"Neave & Putirka, 2017 Pu08_eq33_T; eq1_P (cpx_liq) (cpx_liq)",P,-4.856075514805701,,ok,
merapi_2006_0039,merapi_kd028_pass,2006,2006trav2n  Line 017 ,2006trav2,116,7030,0.279987146234402,1.285376559800877e-05,NP17,"Neave & Putirka, 2017 Pu08_eq33_T; eq1_P (cpx_liq) (cpx_liq)",P,-5.221251081691282,,ok,
merapi_2006_0040,merapi_kd028_pass,2006,Un   95  2006cpx1-80W,2006cpx1-80,135,19746,0.2799973584549343,2.641545065684703e-06,NP17,"Neave & Putirka, 2017 Pu08_eq33_T; eq1_P (cpx_liq) (cpx_liq)",P,5.455777899299373,,ok,
merapi_2006_0041,merapi_kd028_pass,2006,Un   96  2006cpx1-test,2006cpx1-test,139,11432,0.2800072280802169,7.228080216914456e-06,NP17,"Neave & Putirka, 2017 Pu08_eq33_T; eq1_P (cpx_liq) (cpx_liq)",P,5.507474802904968,,ok,
merapi_2006_0042,merapi_kd028_pass,2006,Un   97  2006cpx1-80E,2006cpx1-80,140,89,0.2799920485428923,7.951457107691073e-06,NP17,"Neave & Putirka, 2017 Pu08_eq33_T; eq1_P (cpx_liq) (cpx_liq)",P,7.997909447384561,,ok,
merapi_2010_0043,merapi_kd028_pass,2010,2010-cpx1 Line 002 ,2010-cpx1,0,6018,0.2799998030112246,1.969887754582622e-07,NP17,"Neave & Putirka, 2017 Pu08_eq33_T; eq1_P (cpx_liq) (cpx_liq)",P,-2.7067938603318416,,ok,
merapi_2010_0044,merapi_kd028_pass,2010,2010-cpx1 Line 003 ,2010-cpx1,1,4057,0.2799981517158307,1.848284169325698e-06,NP17,"Neave & Putirka, 2017 Pu08_eq33_T; eq1_P (cpx_liq) (cpx_liq)",P,-4.163729143428994,,ok,
merapi_2010_0045,merapi_kd028_pass,2010,2010-cpx1 Line 004 ,2010-cpx1,2,5871,0.2799977644084414,2.235591558652494e-06,NP17,"Neave & Putirka, 2017 Pu08_eq33_T; eq1_P (cpx_liq) (cpx_liq)",P,-4.098429983429787,,ok,
merapi_2010_0046,merapi_kd028_pass,2010,2010-cpx1 Line 005 ,2010-cpx1,3,2435,0.2800051065098412,5.106509841146245e-06,NP17,"Neave & Putirka, 2017 Pu08_eq33_T; eq1_P (cpx_liq) (cpx_liq)",P,-4.097675460721974,,ok,
merapi_2010_0047,merapi_kd028_pass,2010,2010-cpx1 Line 006 ,2010-cpx1,4,15157,0.2799988812011857,1.118798814370159e-06,NP17,"Neave & Putirka, 2017 Pu08_eq33_T; eq1_P (cpx_liq) (cpx_liq)",P,-4.006701479842825,,ok,
merapi_2010_0048,merapi_kd028_pass,2010,2010-cpx1 Line 007 ,2010-cpx1,5,257,0.280005844839572,5.844839571944593e-06,NP17,"Neave & Putirka, 2017 Pu08_eq33_T; eq1_P (cpx_liq) (cpx_liq)",P,-3.655174311129713,,ok,
merapi_2010_0049,merapi_kd028_pass,2010,2010-cpx1 Line 008 ,2010-cpx1,6,1295,0.2800077662750068,7.76627500681526e-06,NP17,"Neave & Putirka, 2017 Pu08_eq33_T; eq1_P (cpx_liq) (cpx_liq)",P,-3.962219119087819,,ok,
merapi_2010_0050,merapi_kd028_pass,2010,2010-cpx1 Line 009 ,2010-cpx1,7,16888,0.2800021365885482,2.136588548196094e-06,NP17,"Neave & Putirka, 2017 Pu08_eq33_T; eq1_P (cpx_liq) (cpx_liq)",P,-4.275147623876743,,ok,
merapi_2010_0051,merapi_kd028_pass,2010,2010-cpx1 Line 010 ,2010-cpx1,8,8856,0.2800015856658248,1.585665824810345e-06,NP17,"Neave & Putirka, 2017 Pu08_eq33_T; eq1_P (cpx_liq) (cpx_liq)",P,-3.802107481866643,,ok,
merapi_2010_0052,merapi_kd028_pass,2010,2010-cpx1 Line 011 ,2010-cpx1,9,1439,0.2800011849694209,1.184969420919835e-06,NP17,"Neave & Putirka, 2017 Pu08_eq33_T; eq1_P (cpx_liq) (cpx_liq)",P,-4.2692163940906855,,ok,
merapi_2010_0053,merapi_kd028_pass,2010,2010-cpx1 Line 012 ,2010-cpx1,10,14518,0.2800006107589095,6.107589094472843e-07,NP17,"Neave & Putirka, 2017 Pu08_eq33_T; eq1_P (cpx_liq) (cpx_liq)",P,-3.9369874373774953,,ok,
merapi_2010_0054,merapi_kd028_pass,2010,2010-cpx1 Line 013 ,2010-cpx1,11,16676,0.2800025879305247,2.587930524711179e-06,NP17,"Neave & Putirka, 2017 Pu08_eq33_T; eq1_P (cpx_liq) (cpx_liq)",P,-3.907094685000046,,ok,
merapi_2010_0055,merapi_kd028_pass,2010,2010-cpx1 Line 014 ,2010-cpx1,12,8688,0.2800010648039675,1.064803967498751e-06,NP17,"Neave & Putirka, 2017 Pu08_eq33_T; eq1_P (cpx_liq) (cpx_liq)",P,-3.829077793515263,,ok,
merapi_2010_0056,merapi_kd028_pass,2010,2010-cpx1 Line 015 ,2010-cpx1,13,5877,0.2799969867108625,3.013289137543396e-06,NP17,"Neave & Putirka, 2017 Pu08_eq33_T; eq1_P (cpx_liq) (cpx_liq)",P,-4.486528315352915,,ok,
merapi_2010_0057,merapi_kd028_pass,2010,2010-cpx1 Line 016 ,2010-cpx1,14,452,0.2799821560205399,1.784397946014149e-05,NP17,"Neave & Putirka, 2017 Pu08_eq33_T; eq1_P (cpx_liq) (cpx_liq)",P,-3.8023151112295333,,ok,
merapi_2010_0058,merapi_kd028_pass,2010,2010-cpx1 Line 017 ,2010-cpx1,15,2032,0.2800006717020297,6.717020297197784e-07,NP17,"Neave & Putirka, 2017 Pu08_eq33_T; eq1_P (cpx_liq) (cpx_liq)",P,-3.998784097352467,,ok,
merapi_2010_0059,merapi_kd028_pass,2010,2010-cpx1 Line 018 ,2010-cpx1,16,19283,0.2800046137817918,4.613781791784621e-06,NP17,"Neave & Putirka, 2017 Pu08_eq33_T; eq1_P (cpx_liq) (cpx_liq)",P,-4.13836986438095,,ok,
merapi_2010_0060,merapi_kd028_pass,2010,2010-cpx1 Line 019 ,2010-cpx1,17,8771,0.2800725605111906,7.256051119058915e-05,NP17,"Neave & Putirka, 2017 Pu08_eq33_T; eq1_P (cpx_liq) (cpx_liq)",P,6.769302834152079,,ok,
merapi_2010_0061,merapi_kd028_pass,2010,2010-cpx1 Line 020 ,2010-cpx1,18,5387,0.2800073241282617,7.324128261654295e-06,NP17,"Neave & Putirka, 2017 Pu08_eq33_T; eq1_P (cpx_liq) (cpx_liq)",P,7.07147245655328,,ok,
merapi_2010_0062,merapi_kd028_pass,2010,2010-cpx1 Line 021 ,2010-cpx1,19,3489,0.2799965137473102,3.486252689866021e-06,NP17,"Neave & Putirka, 2017 Pu08_eq33_T; eq1_P (cpx_liq) (cpx_liq)",P,8.499820753804764,,ok,
merapi_2010_0063,merapi_kd028_pass,2010,nov10_px5an Line 026 ,nov10_px5,84,17229,0.2799933632122469,6.636787753144802e-06,NP17,"Neave & Putirka, 2017 Pu08_eq33_T; eq1_P (cpx_liq) (cpx_liq)",P,-4.266483868289053,,ok,
merapi_2010_0064,merapi_kd028_pass,2010,nov10_px5an Line 027 ,nov10_px5,85,10975,0.279998405979791,1.594020209050306e-06,NP17,"Neave & Putirka, 2017 Pu08_eq33_T; eq1_P (cpx_liq) (cpx_liq)",P,-4.240512181503671,,ok,
merapi_2010_0065,merapi_kd028_pass,2010,nov10_px5an Line 028 ,nov10_px5,86,17829,0.2800100678768651,1.006787686508304e-05,NP17,"Neave & Putirka, 2017 Pu08_eq33_T; eq1_P (cpx_liq) (cpx_liq)",P,-3.928715300559662,,ok,
merapi_2010_0066,merapi_kd028_pass,2010,nov10_px5an Line 029 ,nov10_px5,87,16574,0.2799947642915669,5.235708433082298e-06,NP17,"Neave & Putirka, 2017 Pu08_eq33_T; eq1_P (cpx_liq) (cpx_liq)",P,-3.8912993778829135,,ok,
merapi_2010_0067,merapi_kd028_pass,2010,nov10_px5an Line 030 ,nov10_px5,88,9438,0.2799969807857353,3.019214264765591e-06,NP17,"Neave & Putirka, 2017 Pu08_eq33_T; eq1_P (cpx_liq) (cpx_liq)",P,-4.204318360161162,,ok,
merapi_2010_0068,merapi_kd028_pass,2010,nov10_px5an Line 031 ,nov10_px5,89,16459,0.2800051022630541,5.102263054057588e-06,NP17,"Neave & Putirka, 2017 Pu08_eq33_T; eq1_P (cpx_liq) (cpx_liq)",P,-3.9594371902637233,,ok,
merapi_2010_0069,merapi_kd028_pass,2010,nov10_px5an Line 032 ,nov10_px5,90,4559,0.280006369562572,6.369562571995058e-06,NP17,"Neave & Putirka, 2017 Pu08_eq33_T; eq1_P (cpx_liq) (cpx_liq)",P,-4.462449858699421,,ok,
merapi_2010_0070,merapi_kd028_pass,2010,nov10_px5an Line 033 ,nov10_px5,91,6918,0.279989171985401,1.082801459906246e-05,NP17,"Neave & Putirka, 2017 Pu08_eq33_T; eq1_P (cpx_liq) (cpx_liq)",P,-4.269169247382606,,ok,
merapi_2010_0071,merapi_kd028_pass,2010,nov10_px5an Line 034 ,nov10_px5,92,9687,0.2800279863805439,2.798638054390956e-05,NP17,"Neave & Putirka, 2017 Pu08_eq33_T; eq1_P (cpx_liq) (cpx_liq)",P,-4.279010894293579,,ok,
merapi_2010_0072,merapi_kd028_pass,2010,nov10_px5an Line 035 ,nov10_px5,93,14424,0.2800076247920927,7.624792092653099e-06,NP17,"Neave & Putirka, 2017 Pu08_eq33_T; eq1_P (cpx_liq) (cpx_liq)",P,-3.835213822942854,,ok,
merapi_2010_0073,merapi_kd028_pass,2010,nov10_px5an Line 036 ,nov10_px5,94,15711,0.279957811472103,4.218852789705796e-05,NP17,"Neave & Putirka, 2017 Pu08_eq33_T; eq1_P (cpx_liq) (cpx_liq)",P,-4.540200221059138,,ok,
merapi_2010_0074,merapi_kd028_pass,2010,nov10_px5an Line 037 ,nov10_px5,95,17572,0.2800034736768699,3.473676869869546e-06,NP17,"Neave & Putirka, 2017 Pu08_eq33_T; eq1_P (cpx_liq) (cpx_liq)",P,-4.2035128379455955,,ok,
merapi_2010_0075,merapi_kd028_pass,2010,nov10_px5an Line 038 ,nov10_px5,96,19294,0.2800113853387882,1.138533878813908e-05,NP17,"Neave & Putirka, 2017 Pu08_eq33_T; eq1_P (cpx_liq) (cpx_liq)",P,-4.332397585688516,,ok,
merapi_2010_0076,merapi_kd028_pass,2010,nov10_px5an Line 039 ,nov10_px5,97,17149,0.2800314474896073,3.144748960731691e-05,NP17,"Neave & Putirka, 2017 Pu08_eq33_T; eq1_P (cpx_liq) (cpx_liq)",P,-4.424173826037047,,ok,
merapi_2010_0077,merapi_kd028_pass,2010,nov10_px5an Line 040 ,nov10_px5,98,2050,0.279950692550907,4.930744909298346e-05,NP17,"Neave & Putirka, 2017 Pu08_eq33_T; eq1_P (cpx_liq) (cpx_liq)",P,-4.7173484418696345,,ok,
merapi_2010_0078,merapi_kd028_pass,2010,nov10_px5an Line 041 ,nov10_px5,99,5528,0.279996345939143,3.654060857005703e-06,NP17,"Neave & Putirka, 2017 Pu08_eq33_T; eq1_P (cpx_liq) (cpx_liq)",P,-4.457487113707995,,ok,
merapi_2010_0079,merapi_kd028_pass,2010,nov10_px5an Line 042 ,nov10_px5,100,798,0.2800264683941149,2.646839411485358e-05,NP17,"Neave & Putirka, 2017 Pu08_eq33_T; eq1_P (cpx_liq) (cpx_liq)",P,-4.358398356599897,,ok,
merapi_2010_0080,merapi_kd028_pass,2010,nov10_px5bn Line 020 ,nov10_px5,120,4575,0.2799610569113504,3.894308864965668e-05,NP17,"Neave & Putirka, 2017 Pu08_eq33_T; eq1_P (cpx_liq) (cpx_liq)",P,-5.148645672633662,,ok,
merapi_2010_0081,merapi_kd028_pass,2010,nov10_px5bn Line 035 ,nov10_px5,135,17245,0.2800006834025761,6.834025760849016e-07,NP17,"Neave & Putirka, 2017 Pu08_eq33_T; eq1_P (cpx_liq) (cpx_liq)",P,-4.28167272880562,,ok,
merapi_2010_0082,merapi_kd028_pass,2010,nov10_px5bn Line 036 ,nov10_px5,136,4990,0.2800030942003303,3.094200330233665e-06,NP17,"Neave & Putirka, 2017 Pu08_eq33_T; eq1_P (cpx_liq) (cpx_liq)",P,-4.214263232816517,,ok,
merapi_2010_0083,merapi_kd028_pass,2010,nov10_px5bn Line 037 ,nov10_px5,137,14581,0.2800020652329865,2.065232986458998e-06,NP17,"Neave & Putirka, 2017 Pu08_eq33_T; eq1_P (cpx_liq) (cpx_liq)",P,-4.528419509962206,,ok,
merapi_2010_0084,merapi_kd028_pass,2010,nov10_px5bn Line 038 ,nov10_px5,138,5241,0.2800028069195141,2.806919514097839e-06,NP17,"Neave & Putirka, 2017 Pu08_eq33_T; eq1_P (cpx_liq) (cpx_liq)",P,-3.9908634167460573,,ok,
merapi_2010_0085,merapi_kd028_pass,2010,nov10_px5bn Line 039 ,nov10_px5,139,16670,0.2799988743007921,1.125699207960018e-06,NP17,"Neave & Putirka, 2017 Pu08_eq33_T; eq1_P (cpx_liq) (cpx_liq)",P,-4.253935082562266,,ok,
merapi_2010_0086,merapi_kd028_pass,2010,nov10_px5bn Line 040 ,nov10_px5,140,127,0.2800018784026617,1.878402661636969e-06,NP17,"Neave & Putirka, 2017 Pu08_eq33_T; eq1_P (cpx_liq) (cpx_liq)",P,-3.807705323578036,,ok,
merapi_2010_0087,merapi_kd028_pass,2010,nov10_px5bn Line 041 ,nov10_px5,141,4082,0.2800013188513222,1.318851322151815e-06,NP17,"Neave & Putirka, 2017 Pu08_eq33_T; eq1_P (cpx_liq) (cpx_liq)",P,-3.933702049494997,,ok,
merapi_2010_0088,merapi_kd028_pass,2010,nov10_px5bn Line 042 ,nov10_px5,142,11179,0.2800029317436675,2.931743667500264e-06,NP17,"Neave & Putirka, 2017 Pu08_eq33_T; eq1_P (cpx_liq) (cpx_liq)",P,-3.701770418962482,,ok,
merapi_2010_0089,merapi_kd028_pass,2010,nov10_px5cn Line 027 ,nov10_px5,169,8360,0.2800355603519092,3.556035190921403e-05,NP17,"Neave & Putirka, 2017 Pu08_eq33_T; eq1_P (cpx_liq) (cpx_liq)",P,-4.908573454541905,,ok,
merapi_2010_0090,merapi_kd028_pass,2010,nov10_px5cn Line 028 ,nov10_px5,170,10692,0.280010041862024,1.00418620239684e-05,NP17,"Neave & Putirka, 2017 Pu08_eq33_T; eq1_P (cpx_liq) (cpx_liq)",P,-4.1622282662807715,,ok,
merapi_2010_0091,merapi_kd028_pass,2010,nov10_px5cn Line 029 ,nov10_px5,171,5211,0.2799959499111569,4.050088843077226e-06,NP17,"Neave & Putirka, 2017 Pu08_eq33_T; eq1_P (cpx_liq) (cpx_liq)",P,-4.004973786024196,,ok,
merapi_2010_0092,merapi_kd028_pass,2010,nov10_px5cn Line 030 ,nov10_px5,172,4070,0.2799978980475839,2.101952416122543e-06,NP17,"Neave & Putirka, 2017 Pu08_eq33_T; eq1_P (cpx_liq) (cpx_liq)",P,-4.184380912149718,,ok,
merapi_2010_0093,merapi_kd028_pass,2010,nov10_px5cn Line 031 ,nov10_px5,173,10188,0.2799935557963997,6.444203600353138e-06,NP17,"Neave & Putirka, 2017 Pu08_eq33_T; eq1_P (cpx_liq) (cpx_liq)",P,-3.830866977392861,,ok,
merapi_2010_0094,merapi_kd028_pass,2010,nov10_px5cn Line 032 ,nov10_px5,174,8753,0.2799985030544663,1.496945533752125e-06,NP17,"Neave & Putirka, 2017 Pu08_eq33_T; eq1_P (cpx_liq) (cpx_liq)",P,-4.14025115254096,,ok,
merapi_2010_0095,merapi_kd028_pass,2010,nov10_px5cn Line 033 ,nov10_px5,175,11365,0.2800044647547743,4.464754774224922e-06,NP17,"Neave & Putirka, 2017 Pu08_eq33_T; eq1_P (cpx_liq) (cpx_liq)",P,-3.6331030954221486,,ok,
merapi_2010_0096,merapi_kd028_pass,2010,nov10_px5cn Line 034 ,nov10_px5,176,1381,0.2799976878007022,2.312199297860307e-06,NP17,"Neave & Putirka, 2017 Pu08_eq33_T; eq1_P (cpx_liq) (cpx_liq)",P,-4.278863055027127,,ok,
merapi_2010_0097,merapi_kd028_pass,2010,nov10_px5cn Line 035 ,nov10_px5,177,15978,0.279998997814827,1.002185173015757e-06,NP17,"Neave & Putirka, 2017 Pu08_eq33_T; eq1_P (cpx_liq) (cpx_liq)",P,-4.231878538982456,,ok,
merapi_2010_0098,merapi_kd028_pass,2010,nov10_px5cn Line 036 ,nov10_px5,178,8902,0.2800031271665638,3.127166563754447e-06,NP17,"Neave & Putirka, 2017 Pu08_eq33_T; eq1_P (cpx_liq) (cpx_liq)",P,-3.4892601346565435,,ok,
merapi_2010_0099,merapi_kd028_pass,2010,nov10_px5cn Line 037 ,nov10_px5,179,14293,0.2800024680425633,2.468042563263939e-06,NP17,"Neave & Putirka, 2017 Pu08_eq33_T; eq1_P (cpx_liq) (cpx_liq)",P,-3.990686041023081,,ok,
merapi_2010_0100,merapi_kd028_pass,2010,nov10_px5cn Line 038 ,nov10_px5,180,12852,0.2800010792607041,1.079260704084373e-06,NP17,"Neave & Putirka, 2017 Pu08_eq33_T; eq1_P (cpx_liq) (cpx_liq)",P,-3.649677927531008,,ok,
merapi_2010_0101,merapi_kd028_pass,2010,nov10_px5cn Line 039 ,nov10_px5,181,81,0.2800027112246111,2.711224611040564e-06,NP17,"Neave & Putirka, 2017 Pu08_eq33_T; eq1_P (cpx_liq) (cpx_liq)",P,-4.216521207114149,,ok,
merapi_2010_0102,merapi_kd028_pass,2010,nov10_px5cn Line 040 ,nov10_px5,182,160,0.2800081154584018,8.11545840173622e-06,NP17,"Neave & Putirka, 2017 Pu08_eq33_T; eq1_P (cpx_liq) (cpx_liq)",P,-3.9645382337583905,,ok,
merapi_2010_0103,merapi_kd028_pass,2010,nov10_px5cn Line 041 ,nov10_px5,183,14033,0.2799970809354401,2.919064559958606e-06,NP17,"Neave & Putirka, 2017 Pu08_eq33_T; eq1_P (cpx_liq) (cpx_liq)",P,-3.6655495011693606,,ok,
merapi_2010_0104,merapi_kd028_pass,2010,nov10_px5cn Line 042 ,nov10_px5,184,11589,0.2800003808783538,3.808783537451177e-07,NP17,"Neave & Putirka, 2017 Pu08_eq33_T; eq1_P (cpx_liq) (cpx_liq)",P,-3.5039229840871338,,ok,
merapi_2010_0105,merapi_kd028_pass,2010,nov10_px6bn Line 022 ,nov10_px6,206,5838,0.2799975763316663,2.423668333695339e-06,NP17,"Neave & Putirka, 2017 Pu08_eq33_T; eq1_P (cpx_liq) (cpx_liq)",P,-4.861705144893054,,ok,
merapi_2010_0106,merapi_kd028_pass,2010,nov10_px6bn Line 023 ,nov10_px6,207,12299,0.2799929724821653,7.027517834767849e-06,NP17,"Neave & Putirka, 2017 Pu08_eq33_T; eq1_P (cpx_liq) (cpx_liq)",P,-4.496713951764437,,ok,
merapi_2010_0107,merapi_kd028_pass,2010,nov10_px6bn Line 024 ,nov10_px6,208,8066,0.2799979396071882,2.060392811809031e-06,NP17,"Neave & Putirka, 2017 Pu08_eq33_T; eq1_P (cpx_liq) (cpx_liq)",P,-4.838160918692592,,ok,
merapi_2010_0108,merapi_kd028_pass,2010,nov10_px6bn Line 025 ,nov10_px6,209,2000,0.2800115110848241,1.151108482405627e-05,NP17,"Neave & Putirka, 2017 Pu08_eq33_T; eq1_P (cpx_liq) (cpx_liq)",P,-4.7379109126407375,,ok,
merapi_2010_0109,merapi_kd028_pass,2010,nov10_px6bn Line 026 ,nov10_px6,210,4024,0.280001245370136,1.245370135960489e-06,NP17,"Neave & Putirka, 2017 Pu08_eq33_T; eq1_P (cpx_liq) (cpx_liq)",P,-4.172474719342679,,ok,
merapi_2010_0110,merapi_kd028_pass,2010,nov10_px6bn Line 027 ,nov10_px6,211,16911,0.2799848953098698,1.510469013021876e-05,NP17,"Neave & Putirka, 2017 Pu08_eq33_T; eq1_P (cpx_liq) (cpx_liq)",P,-4.211582419971365,,ok,
merapi_2010_0111,merapi_kd028_pass,2010,nov10_px6bn Line 028 ,nov10_px6,212,16798,0.2800080151835502,8.015183550147409e-06,NP17,"Neave & Putirka, 2017 Pu08_eq33_T; eq1_P (cpx_liq) (cpx_liq)",P,-4.128383303893414,,ok,
merapi_2010_0112,merapi_kd028_pass,2010,nov10_px6bn Line 029 ,nov10_px6,213,13586,0.2800028263253634,2.826325363414206e-06,NP17,"Neave & Putirka, 2017 Pu08_eq33_T; eq1_P (cpx_liq) (cpx_liq)",P,5.592206185865295,,ok,
merapi_2010_0113,merapi_kd028_pass,2010,nov10_px6bn Line 030 ,nov10_px6,214,17483,0.2800353341079006,3.533410790057534e-05,NP17,"Neave & Putirka, 2017 Pu08_eq33_T; eq1_P (cpx_liq) (cpx_liq)",P,6.060687145358543,,ok,
merapi_2010_0114,merapi_kd028_pass,2010,nov10_px6bn Line 031 ,nov10_px6,215,18016,0.2799966796108934,3.320389106609145e-06,NP17,"Neave & Putirka, 2017 Pu08_eq33_T; eq1_P (cpx_liq) (cpx_liq)",P,7.126546521675875,,ok,
merapi_2010_0115,merapi_kd028_pass,2010,nov10_px6bn Line 032 ,nov10_px6,216,4728,0.2799866525462,1.334745380004998e-05,NP17,"Neave & Putirka, 2017 Pu08_eq33_T; eq1_P (cpx_liq) (cpx_liq)",P,7.743848338786359,,ok,
merapi_2010_0116,merapi_kd028_pass,2010,nov10_px6bn Line 033 ,nov10_px6,217,4355,0.280003212463115,3.212463115020991e-06,NP17,"Neave & Putirka, 2017 Pu08_eq33_T; eq1_P (cpx_liq) (cpx_liq)",P,8.032329919605463,,ok,
merapi_2010_0117,merapi_kd028_pass,2010,oct10-px4a Line 001 ,oct10-px4a,218,3892,0.2800088174441775,8.817444177466882e-06,NP17,"Neave & Putirka, 2017 Pu08_eq33_T; eq1_P (cpx_liq) (cpx_liq)",P,-4.507019673410904,,ok,
merapi_2010_0118,merapi_kd028_pass,2010,oct10-px4a Line 002 ,oct10-px4a,219,7828,0.2799665652974266,3.343470257344272e-05,NP17,"Neave & Putirka, 2017 Pu08_eq33_T; eq1_P (cpx_liq) (cpx_liq)",P,-4.510173459443187,,ok,
merapi_2010_0119,merapi_kd028_pass,2010,oct10-px4a Line 008 ,oct10-px4a,225,14045,0.2800199062319113,1.990623191128194e-05,NP17,"Neave & Putirka, 2017 Pu08_eq33_T; eq1_P (cpx_liq) (cpx_liq)",P,9.371896408167455,,ok,
merapi_2010_0120,merapi_kd028_pass,2010,oct10-px4a Line 009 ,oct10-px4a,226,13348,0.2800058843242761,5.884324276117514e-06,NP17,"Neave & Putirka, 2017 Pu08_eq33_T; eq1_P (cpx_liq) (cpx_liq)",P,7.172460656476644,,ok,
merapi_2010_0121,merapi_kd028_pass,2010,oct10-px4a Line 011 ,oct10-px4a,227,7173,0.2800390814738258,3.908147382575278e-05,NP17,"Neave & Putirka, 2017 Pu08_eq33_T; eq1_P (cpx_liq) (cpx_liq)",P,7.719206016608688,,ok,
merapi_2010_0122,merapi_kd028_pass,2010,oct10-px4a Line 012 ,oct10-px4a,228,16050,0.2799826242196712,1.737578032878773e-05,NP17,"Neave & Putirka, 2017 Pu08_eq33_T; eq1_P (cpx_liq) (cpx_liq)",P,8.268929945033616,,ok,
merapi_2010_0123,merapi_kd028_pass,2010,oct10-px4a Line 015 ,oct10-px4a,231,8081,0.2799973712794988,2.628720501274273e-06,NP17,"Neave & Putirka, 2017 Pu08_eq33_T; eq1_P (cpx_liq) (cpx_liq)",P,8.210986594932464,,ok,
merapi_2010_0124,merapi_kd028_pass,2010,oct10-px4a Line 017 ,oct10-px4a,233,5508,0.2799943694425442,5.630557455782448e-06,NP17,"Neave & Putirka, 2017 Pu08_eq33_T; eq1_P (cpx_liq) (cpx_liq)",P,-5.1329065241439,,ok,
merapi_2010_0125,merapi_kd028_pass,2010,oct10-px4a Line 018 ,oct10-px4a,234,15738,0.2799929769501922,7.023049807819426e-06,NP17,"Neave & Putirka, 2017 Pu08_eq33_T; eq1_P (cpx_liq) (cpx_liq)",P,-4.613413281761389,,ok,
merapi_2010_0126,merapi_kd028_pass,2010,oct10-px7a Line 003 ,oct10-px7a,237,1018,0.2799773514750729,2.264852492711578e-05,NP17,"Neave & Putirka, 2017 Pu08_eq33_T; eq1_P (cpx_liq) (cpx_liq)",P,-5.120442498181398,,ok,
merapi_2010_0127,merapi_kd028_pass,2010,Un  207  2010-Cpx1-60S,2010-Cpx1-60,259,6010,0.2800185298718917,1.852987189171484e-05,NP17,"Neave & Putirka, 2017 Pu08_eq33_T; eq1_P (cpx_liq) (cpx_liq)",P,-4.553839096252188,,ok,
merapi_2010_0128,merapi_kd028_pass,2010,Un  208  2010-Cpx1-60E,2010-Cpx1-60,260,15630,0.2800210555938312,2.105559383119848e-05,NP17,"Neave & Putirka, 2017 Pu08_eq33_T; eq1_P (cpx_liq) (cpx_liq)",P,-5.050751502823362,,ok,
merapi_2010_0129,merapi_kd028_pass,2010,Un  209  2010-Cpx1-Core1,2010-Cpx1-CORE,261,9023,0.2800248773529943,2.487735299427918e-05,NP17,"Neave & Putirka, 2017 Pu08_eq33_T; eq1_P (cpx_liq) (cpx_liq)",P,-5.232952357400507,,ok,
merapi_2010_0130,merapi_kd028_pass,2010,Un  210  2010-Cpx1-Core2,2010-Cpx1-CORE,262,8312,0.2799934040601317,6.595939868347944e-06,NP17,"Neave & Putirka, 2017 Pu08_eq33_T; eq1_P (cpx_liq) (cpx_liq)",P,-4.537089641142115,,ok,
merapi_2010_0131,merapi_kd028_pass,2010,Un  211  2010-Cpx1-Core3,2010-Cpx1-CORE,263,16842,0.2800018738159906,1.873815990593997e-06,NP17,"Neave & Putirka, 2017 Pu08_eq33_T; eq1_P (cpx_liq) (cpx_liq)",P,-4.544533463099642,,ok,
merapi_2010_0132,merapi_kd028_pass,2010,Un  212  2010-Cpx1-61W,2010-Cpx1-61,264,9373,0.2800080710201749,8.071020174860166e-06,NP17,"Neave & Putirka, 2017 Pu08_eq33_T; eq1_P (cpx_liq) (cpx_liq)",P,-5.139813496755573,,ok,
merapi_2010_0133,merapi_kd028_pass,2010,Un  213  2010-Cpx1-61E,2010-Cpx1-61,265,11782,0.279988138916497,1.18610835029842e-05,NP17,"Neave & Putirka, 2017 Pu08_eq33_T; eq1_P (cpx_liq) (cpx_liq)",P,-5.05841674946465,,ok,
merapi_2010_0134,merapi_kd028_pass,2010,Un  214  2010-Cpx1-61N,2010-Cpx1-61,266,18560,0.2799839428361771,1.605716382291345e-05,NP17,"Neave & Putirka, 2017 Pu08_eq33_T; eq1_P (cpx_liq) (cpx_liq)",P,-5.142720553688436,,ok,
merapi_2010_0135,merapi_kd028_pass,2010,Un  216  2010-Cpx1-62W,2010-Cpx1-62,267,9894,0.27995379187536,4.620812464006807e-05,NP17,"Neave & Putirka, 2017 Pu08_eq33_T; eq1_P (cpx_liq) (cpx_liq)",P,-4.47105759308671,,ok,
merapi_2010_0136,merapi_kd028_pass,2010,Un  219  2010-Cpx1-RIM3,2010-Cpx1-RIM,268,17348,0.2799836140156229,1.638598437708749e-05,NP17,"Neave & Putirka, 2017 Pu08_eq33_T; eq1_P (cpx_liq) (cpx_liq)",P,-4.925668631992851,,ok,
merapi_2010_0137,merapi_kd028_pass,2010,Un  220  2010-Cpx1-Core4,2010-Cpx1-CORE,269,17822,0.2799927645626315,7.235437368524611e-06,NP17,"Neave & Putirka, 2017 Pu08_eq33_T; eq1_P (cpx_liq) (cpx_liq)",P,-5.070963380714277,,ok,
merapi_2010_0138,merapi_kd028_pass,2010,Un  221  2010-Cpx1-Core5,2010-Cpx1-CORE,270,15694,0.2799967501740619,3.249825938078654e-06,NP17,"Neave & Putirka, 2017 Pu08_eq33_T; eq1_P (cpx_liq) (cpx_liq)",P,-5.345745873970482,,ok,
merapi_2010_0139,merapi_kd028_pass,2010,Un  222  2010-Cpx1-Rim4,2010-Cpx1-RIM,271,11854,0.2800003101259549,3.10125954861018e-07,NP17,"Neave & Putirka, 2017 Pu08_eq33_T; eq1_P (cpx_liq) (cpx_liq)",P,-3.238133131857832,,ok,
merapi_2010_0140,merapi_kd028_pass,2010,Un  253  2010-Cpx6-52N,2010-Cpx6-52,273,7367,0.2799907355838421,9.264416157950262e-06,NP17,"Neave & Putirka, 2017 Pu08_eq33_T; eq1_P (cpx_liq) (cpx_liq)",P,-5.202140981779735,,ok,
merapi_2010_0141,merapi_kd028_pass,2010,Un  273  2010-Pair1-cpx-E2,2010-Pair1-cpx,277,6618,0.2799872793048427,1.272069515728669e-05,NP17,"Neave & Putirka, 2017 Pu08_eq33_T; eq1_P (cpx_liq) (cpx_liq)",P,-4.173698541607741,,ok,
merapi_2010_0142,merapi_kd028_pass,2010,Un  279  2010-CpxBottom-50E,2010-CpxBottom-50,283,2147,0.2799921576202294,7.842379770583996e-06,NP17,"Neave & Putirka, 2017 Pu08_eq33_T; eq1_P (cpx_liq) (cpx_liq)",P,6.932365315523023,,ok,
merapi_2010_0143,merapi_kd028_pass,2010,Un  281  2010-CpxBottom-49N,2010-CpxBottom-49,285,15424,0.2800310738358642,3.107383586420376e-05,NP17,"Neave & Putirka, 2017 Pu08_eq33_T; eq1_P (cpx_liq) (cpx_liq)",P,-4.387068709866739,,ok,
merapi_2010_0144,merapi_kd028_pass,2010,Un  286  2010-CpxBottom-R2,2010-CpxBottom,290,10807,0.2799972476730776,2.752326922428328e-06,NP17,"Neave & Putirka, 2017 Pu08_eq33_T; eq1_P (cpx_liq) (cpx_liq)",P,-4.319714412837829,,ok,
merapi_2010_0145,merapi_kd028_pass,2010,Un  287  2010-CpxSkull-56N,2010-CpxSkull-56,291,2157,0.2799892466082562,1.075339174383405e-05,NP17,"Neave & Putirka, 2017 Pu08_eq33_T; eq1_P (cpx_liq) (cpx_liq)",P,-4.803718650145548,,ok,
merapi_2010_0146,merapi_kd028_pass,2010,Un  297  2010-CpxSkull-Rim1,2010-CpxSkull,299,19222,0.2800106561710371,1.065617103707117e-05,NP17,"Neave & Putirka, 2017 Pu08_eq33_T; eq1_P (cpx_liq) (cpx_liq)",P,-4.533603684034506,,ok,
merapi_2010_0147,merapi_kd028_pass,2010,Un  300  2010-CpxSkull-Rim2,2010-CpxSkull,302,10692,0.2799953129372731,4.687062726937974e-06,NP17,"Neave & Putirka, 2017 Pu08_eq33_T; eq1_P (cpx_liq) (cpx_liq)",P,-4.269971709785044,,ok,
merapi_2010_0148,merapi_kd028_pass,2010,Un  301  2010-CpxSkull-Rim3,2010-CpxSkull,303,9366,0.2799988713753707,1.128624629309627e-06,NP17,"Neave & Putirka, 2017 Pu08_eq33_T; eq1_P (cpx_liq) (cpx_liq)",P,-4.520485403516154,,ok,
merapi_2006_0001,merapi_kd028_pass,2006,2006px2 Line 001 ,2006px2,0,9581,0.2799974498225476,2.55017745243169e-06,Pet20,"Petrelli et al., 2020 (cpx_liq)",P,5.867725714285711,,ok,
merapi_2006_0002,merapi_kd028_pass,2006,2006px2 Line 002 ,2006px2,1,4919,0.2799870689065713,1.293109342870302e-05,Pet20,"Petrelli et al., 2020 (cpx_liq)",P,5.587328571428569,,ok,
merapi_2006_0003,merapi_kd028_pass,2006,2006px2 Line 003 ,2006px2,2,13958,0.2800157045766593,1.570457665922564e-05,Pet20,"Petrelli et al., 2020 (cpx_liq)",P,5.203625714285714,,ok,
merapi_2006_0004,merapi_kd028_pass,2006,2006px2 Line 004 ,2006px2,3,16902,0.2799995963332798,4.036667202722555e-07,Pet20,"Petrelli et al., 2020 (cpx_liq)",P,4.643794285714284,,ok,
merapi_2006_0005,merapi_kd028_pass,2006,2006px2 Line 005 ,2006px2,4,11378,0.2800001900063491,1.900063490989368e-07,Pet20,"Petrelli et al., 2020 (cpx_liq)",P,4.813122857142858,,ok,
merapi_2006_0006,merapi_kd028_pass,2006,2006px2 Line 011 ,2006px2,10,4745,0.2799668715475006,3.31284524994202e-05,Pet20,"Petrelli et al., 2020 (cpx_liq)",P,4.955742857142856,,ok,
merapi_2006_0007,merapi_kd028_pass,2006,2006px2 Line 012 ,2006px2,11,3134,0.2799997359248839,2.640751161631094e-07,Pet20,"Petrelli et al., 2020 (cpx_liq)",P,4.775805714285712,,ok,
merapi_2006_0008,merapi_kd028_pass,2006,2006px3 Line 023 ,2006px3,35,5834,0.2799684670032443,3.153299675573429e-05,Pet20,"Petrelli et al., 2020 (cpx_liq)",P,4.9165199999999984,,ok,
merapi_2006_0009,merapi_kd028_pass,2006,2006px3 Line 024 ,2006px3,36,17798,0.2800009358429474,9.358429474137786e-07,Pet20,"Petrelli et al., 2020 (cpx_liq)",P,5.0585428571428555,,ok,
merapi_2006_0010,merapi_kd028_pass,2006,2006px3 Line 025 ,2006px3,37,3428,0.2800156792466391,1.56792466390332e-05,Pet20,"Petrelli et al., 2020 (cpx_liq)",P,4.956779999999998,,ok,
merapi_2006_0011,merapi_kd028_pass,2006,2006px3 Line 026 ,2006px3,38,5590,0.2799995436317146,4.56368285384201e-07,Pet20,"Petrelli et al., 2020 (cpx_liq)",P,4.900557142857144,,ok,
merapi_2006_0012,merapi_kd028_pass,2006,2006px3 Line 027 ,2006px3,39,2553,0.2800041347572449,4.134757244922405e-06,Pet20,"Petrelli et al., 2020 (cpx_liq)",P,4.734442857142858,,ok,
merapi_2006_0013,merapi_kd028_pass,2006,2006px3 Line 028 ,2006px3,40,10701,0.2799987824852813,1.217514718765411e-06,Pet20,"Petrelli et al., 2020 (cpx_liq)",P,5.226814285714286,,ok,
merapi_2006_0014,merapi_kd028_pass,2006,2006px3 Line 029 ,2006px3,41,16550,0.27999970009488,2.999051200158753e-07,Pet20,"Petrelli et al., 2020 (cpx_liq)",P,4.78826,,ok,
merapi_2006_0015,merapi_kd028_pass,2006,2006px3 Line 030 ,2006px3,42,5881,0.280001740402496,1.740402496008819e-06,Pet20,"Petrelli et al., 2020 (cpx_liq)",P,4.580814285714284,,ok,
merapi_2006_0016,merapi_kd028_pass,2006,2006px3 Line 031 ,2006px3,43,7032,0.2800079058247457,7.905824745690904e-06,Pet20,"Petrelli et al., 2020 (cpx_liq)",P,4.473551428571427,,ok,
merapi_2006_0017,merapi_kd028_pass,2006,2006px3 Line 032 ,2006px3,44,12524,0.2799786851612204,2.131483877965135e-05,Pet20,"Petrelli et al., 2020 (cpx_liq)",P,5.155714285714283,,ok,
merapi_2006_0018,merapi_kd028_pass,2006,2006trav1n Line 001 ,2006trav1,58,14072,0.2800026645370314,2.66453703134939e-06,Pet20,"Petrelli et al., 2020 (cpx_liq)",P,4.774545714285713,,ok,
merapi_2006_0019,merapi_kd028_pass,2006,2006trav1n Line 002 ,2006trav1,59,13298,0.2799967368270788,3.263172921208479e-06,Pet20,"Petrelli et al., 2020 (cpx_liq)",P,4.947111428571427,,ok,
merapi_2006_0020,merapi_kd028_pass,2006,2006trav1n Line 017 ,2006trav1,74,19148,0.2800022664781375,2.266478137502581e-06,Pet20,"Petrelli et al., 2020 (cpx_liq)",P,4.6662599999999985,,ok,
merapi_2006_0021,merapi_kd028_pass,2006,2006trav1n Line 019 ,2006trav1,76,10696,0.2800256233985809,2.562339858092066e-05,Pet20,"Petrelli et al., 2020 (cpx_liq)",P,4.559277142857141,,ok,
merapi_2006_0022,merapi_kd028_pass,2006,2006trav1n Line 020 ,2006trav1,77,9588,0.2800043793820398,4.379382039731983e-06,Pet20,"Petrelli et al., 2020 (cpx_liq)",P,4.82196857142857,,ok,
merapi_2006_0023,merapi_kd028_pass,2006,2006trav1n Line 023 ,2006trav1,80,8720,0.2800041179486016,4.117948601556343e-06,Pet20,"Petrelli et al., 2020 (cpx_liq)",P,4.953185714285713,,ok,
merapi_2006_0024,merapi_kd028_pass,2006,2006trav1n Line 024 ,2006trav1,81,2945,0.2799832553448161,1.67446551839201e-05,Pet20,"Petrelli et al., 2020 (cpx_liq)",P,4.8985714285714295,,ok,
merapi_2006_0025,merapi_kd028_pass,2006,2006trav1n Line 025 ,2006trav1,82,17864,0.2799966439377978,3.356062202253263e-06,Pet20,"Petrelli et al., 2020 (cpx_liq)",P,4.706382857142857,,ok,
merapi_2006_0026,merapi_kd028_pass,2006,2006trav1n Line 026 ,2006trav1,83,9461,0.2800025180872135,2.518087213521092e-06,Pet20,"Petrelli et al., 2020 (cpx_liq)",P,4.604425714285713,,ok,
merapi_2006_0027,merapi_kd028_pass,2006,2006trav1n Line 028 ,2006trav1,85,3380,0.2800126995628873,1.269956288724172e-05,Pet20,"Petrelli et al., 2020 (cpx_liq)",P,4.635759999999998,,ok,
merapi_2006_0028,merapi_kd028_pass,2006,2006trav1n Line 029 ,2006trav1,86,19486,0.2799759551680616,2.404483193846341e-05,Pet20,"Petrelli et al., 2020 (cpx_liq)",P,4.653142857142857,,ok,
merapi_2006_0029,merapi_kd028_pass,2006,2006trav1n Line 030 ,2006trav1,87,17741,0.2800037470948772,3.747094877160073e-06,Pet20,"Petrelli et al., 2020 (cpx_liq)",P,4.719314285714286,,ok,
merapi_2006_0030,merapi_kd028_pass,2006,2006trav1n Line 031 ,2006trav1,88,14652,0.2799971993555523,2.800644447686906e-06,Pet20,"Petrelli et al., 2020 (cpx_liq)",P,4.754525714285713,,ok,
merapi_2006_0031,merapi_kd028_pass,2006,2006trav1n Line 032 ,2006trav1,89,10065,0.2799724972348179,2.750276518209693e-05,Pet20,"Petrelli et al., 2020 (cpx_liq)",P,4.671125714285714,,ok,
merapi_2006_0032,merapi_kd028_pass,2006,2006trav1n Line 033 ,2006trav1,90,6907,0.2799969238817676,3.076118232414604e-06,Pet20,"Petrelli et al., 2020 (cpx_liq)",P,4.85439142857143,,ok,
merapi_2006_0033,merapi_kd028_pass,2006,2006trav1n Line 034 ,2006trav1,91,5036,0.2799912145287365,8.785471263539346e-06,Pet20,"Petrelli et al., 2020 (cpx_liq)",P,4.75636857142857,,ok,
merapi_2006_0034,merapi_kd028_pass,2006,2006trav2n  Line 009 ,2006trav2,108,13140,0.2799949264581835,5.073541816558169e-06,Pet20,"Petrelli et al., 2020 (cpx_liq)",P,4.746811428571426,,ok,
merapi_2006_0035,merapi_kd028_pass,2006,2006trav2n  Line 010 ,2006trav2,109,7560,0.2799936080720503,6.391927949767062e-06,Pet20,"Petrelli et al., 2020 (cpx_liq)",P,4.879585714285711,,ok,
merapi_2006_0036,merapi_kd028_pass,2006,2006trav2n  Line 011 ,2006trav2,110,8900,0.2799962877122568,3.71228774326271e-06,Pet20,"Petrelli et al., 2020 (cpx_liq)",P,4.823851428571423,,ok,
merapi_2006_0037,merapi_kd028_pass,2006,2006trav2n  Line 012 ,2006trav2,111,13896,0.2800091551834771,9.1551834770498e-06,Pet20,"Petrelli et al., 2020 (cpx_liq)",P,4.327119999999998,,ok,
merapi_2006_0038,merapi_kd028_pass,2006,2006trav2n  Line 013 ,2006trav2,112,18840,0.2799861823323435,1.381766765651271e-05,Pet20,"Petrelli et al., 2020 (cpx_liq)",P,4.99188,,ok,
merapi_2006_0039,merapi_kd028_pass,2006,2006trav2n  Line 017 ,2006trav2,116,7030,0.279987146234402,1.285376559800877e-05,Pet20,"Petrelli et al., 2020 (cpx_liq)",P,4.996914285714284,,ok,
merapi_2006_0040,merapi_kd028_pass,2006,Un   95  2006cpx1-80W,2006cpx1-80,135,19746,0.2799973584549343,2.641545065684703e-06,Pet20,"Petrelli et al., 2020 (cpx_liq)",P,4.75867146642857,,ok,
merapi_2006_0041,merapi_kd028_pass,2006,Un   96  2006cpx1-test,2006cpx1-test,139,11432,0.2800072280802169,7.228080216914456e-06,Pet20,"Petrelli et al., 2020 (cpx_liq)",P,5.198294285714282,,ok,
merapi_2006_0042,merapi_kd028_pass,2006,Un   97  2006cpx1-80E,2006cpx1-80,140,89,0.2799920485428923,7.951457107691073e-06,Pet20,"Petrelli et al., 2020 (cpx_liq)",P,5.932274285714286,,ok,
merapi_2010_0043,merapi_kd028_pass,2010,2010-cpx1 Line 002 ,2010-cpx1,0,6018,0.2799998030112246,1.969887754582622e-07,Pet20,"Petrelli et al., 2020 (cpx_liq)",P,5.12318571428571,,ok,
merapi_2010_0044,merapi_kd028_pass,2010,2010-cpx1 Line 003 ,2010-cpx1,1,4057,0.2799981517158307,1.848284169325698e-06,Pet20,"Petrelli et al., 2020 (cpx_liq)",P,4.082291428571423,,ok,
merapi_2010_0045,merapi_kd028_pass,2010,2010-cpx1 Line 004 ,2010-cpx1,2,5871,0.2799977644084414,2.235591558652494e-06,Pet20,"Petrelli et al., 2020 (cpx_liq)",P,4.808131428571425,,ok,
merapi_2010_0046,merapi_kd028_pass,2010,2010-cpx1 Line 005 ,2010-cpx1,3,2435,0.2800051065098412,5.106509841146245e-06,Pet20,"Petrelli et al., 2020 (cpx_liq)",P,4.710982857142853,,ok,
merapi_2010_0047,merapi_kd028_pass,2010,2010-cpx1 Line 006 ,2010-cpx1,4,15157,0.2799988812011857,1.118798814370159e-06,Pet20,"Petrelli et al., 2020 (cpx_liq)",P,4.3041485714285646,,ok,
merapi_2010_0048,merapi_kd028_pass,2010,2010-cpx1 Line 007 ,2010-cpx1,5,257,0.280005844839572,5.844839571944593e-06,Pet20,"Petrelli et al., 2020 (cpx_liq)",P,4.006162857142853,,ok,
merapi_2010_0049,merapi_kd028_pass,2010,2010-cpx1 Line 008 ,2010-cpx1,6,1295,0.2800077662750068,7.76627500681526e-06,Pet20,"Petrelli et al., 2020 (cpx_liq)",P,4.032551428571424,,ok,
merapi_2010_0050,merapi_kd028_pass,2010,2010-cpx1 Line 009 ,2010-cpx1,7,16888,0.2800021365885482,2.136588548196094e-06,Pet20,"Petrelli et al., 2020 (cpx_liq)",P,4.475862857142852,,ok,
merapi_2010_0051,merapi_kd028_pass,2010,2010-cpx1 Line 010 ,2010-cpx1,8,8856,0.2800015856658248,1.585665824810345e-06,Pet20,"Petrelli et al., 2020 (cpx_liq)",P,4.04278571428571,,ok,
merapi_2010_0052,merapi_kd028_pass,2010,2010-cpx1 Line 011 ,2010-cpx1,9,1439,0.2800011849694209,1.184969420919835e-06,Pet20,"Petrelli et al., 2020 (cpx_liq)",P,4.375114285714281,,ok,
merapi_2010_0053,merapi_kd028_pass,2010,2010-cpx1 Line 012 ,2010-cpx1,10,14518,0.2800006107589095,6.107589094472843e-07,Pet20,"Petrelli et al., 2020 (cpx_liq)",P,4.242408571428569,,ok,
merapi_2010_0054,merapi_kd028_pass,2010,2010-cpx1 Line 013 ,2010-cpx1,11,16676,0.2800025879305247,2.587930524711179e-06,Pet20,"Petrelli et al., 2020 (cpx_liq)",P,4.343431428571424,,ok,
merapi_2010_0055,merapi_kd028_pass,2010,2010-cpx1 Line 014 ,2010-cpx1,12,8688,0.2800010648039675,1.064803967498751e-06,Pet20,"Petrelli et al., 2020 (cpx_liq)",P,4.448699999999996,,ok,
merapi_2010_0056,merapi_kd028_pass,2010,2010-cpx1 Line 015 ,2010-cpx1,13,5877,0.2799969867108625,3.013289137543396e-06,Pet20,"Petrelli et al., 2020 (cpx_liq)",P,5.007162857142854,,ok,
merapi_2010_0057,merapi_kd028_pass,2010,2010-cpx1 Line 016 ,2010-cpx1,14,452,0.2799821560205399,1.784397946014149e-05,Pet20,"Petrelli et al., 2020 (cpx_liq)",P,4.445085714285711,,ok,
merapi_2010_0058,merapi_kd028_pass,2010,2010-cpx1 Line 017 ,2010-cpx1,15,2032,0.2800006717020297,6.717020297197784e-07,Pet20,"Petrelli et al., 2020 (cpx_liq)",P,4.3711628571428545,,ok,
merapi_2010_0059,merapi_kd028_pass,2010,2010-cpx1 Line 018 ,2010-cpx1,16,19283,0.2800046137817918,4.613781791784621e-06,Pet20,"Petrelli et al., 2020 (cpx_liq)",P,5.1449657142857115,,ok,
merapi_2010_0060,merapi_kd028_pass,2010,2010-cpx1 Line 019 ,2010-cpx1,17,8771,0.2800725605111906,7.256051119058915e-05,Pet20,"Petrelli et al., 2020 (cpx_liq)",P,5.375882894999999,,ok,
merapi_2010_0061,merapi_kd028_pass,2010,2010-cpx1 Line 020 ,2010-cpx1,18,5387,0.2800073241282617,7.324128261654295e-06,Pet20,"Petrelli et al., 2020 (cpx_liq)",P,5.802685752142857,,ok,
merapi_2010_0062,merapi_kd028_pass,2010,2010-cpx1 Line 021 ,2010-cpx1,19,3489,0.2799965137473102,3.486252689866021e-06,Pet20,"Petrelli et al., 2020 (cpx_liq)",P,6.243831466428571,,ok,
merapi_2010_0063,merapi_kd028_pass,2010,nov10_px5an Line 026 ,nov10_px5,84,17229,0.2799933632122469,6.636787753144802e-06,Pet20,"Petrelli et al., 2020 (cpx_liq)",P,4.964339999999999,,ok,
merapi_2010_0064,merapi_kd028_pass,2010,nov10_px5an Line 027 ,nov10_px5,85,10975,0.279998405979791,1.594020209050306e-06,Pet20,"Petrelli et al., 2020 (cpx_liq)",P,4.594859999999997,,ok,
merapi_2010_0065,merapi_kd028_pass,2010,nov10_px5an Line 028 ,nov10_px5,86,17829,0.2800100678768651,1.006787686508304e-05,Pet20,"Petrelli et al., 2020 (cpx_liq)",P,4.581088571428569,,ok,
merapi_2010_0066,merapi_kd028_pass,2010,nov10_px5an Line 029 ,nov10_px5,87,16574,0.2799947642915669,5.235708433082298e-06,Pet20,"Petrelli et al., 2020 (cpx_liq)",P,4.607185714285711,,ok,
merapi_2010_0067,merapi_kd028_pass,2010,nov10_px5an Line 030 ,nov10_px5,88,9438,0.2799969807857353,3.019214264765591e-06,Pet20,"Petrelli et al., 2020 (cpx_liq)",P,4.314968571428566,,ok,
merapi_2010_0068,merapi_kd028_pass,2010,nov10_px5an Line 031 ,nov10_px5,89,16459,0.2800051022630541,5.102263054057588e-06,Pet20,"Petrelli et al., 2020 (cpx_liq)",P,4.674071428571425,,ok,
merapi_2010_0069,merapi_kd028_pass,2010,nov10_px5an Line 032 ,nov10_px5,90,4559,0.280006369562572,6.369562571995058e-06,Pet20,"Petrelli et al., 2020 (cpx_liq)",P,4.842571428571425,,ok,
merapi_2010_0070,merapi_kd028_pass,2010,nov10_px5an Line 033 ,nov10_px5,91,6918,0.279989171985401,1.082801459906246e-05,Pet20,"Petrelli et al., 2020 (cpx_liq)",P,4.572199999999996,,ok,
merapi_2010_0071,merapi_kd028_pass,2010,nov10_px5an Line 034 ,nov10_px5,92,9687,0.2800279863805439,2.798638054390956e-05,Pet20,"Petrelli et al., 2020 (cpx_liq)",P,4.573337142857139,,ok,
merapi_2010_0072,merapi_kd028_pass,2010,nov10_px5an Line 035 ,nov10_px5,93,14424,0.2800076247920927,7.624792092653099e-06,Pet20,"Petrelli et al., 2020 (cpx_liq)",P,4.556239999999996,,ok,
merapi_2010_0073,merapi_kd028_pass,2010,nov10_px5an Line 036 ,nov10_px5,94,15711,0.279957811472103,4.218852789705796e-05,Pet20,"Petrelli et al., 2020 (cpx_liq)",P,4.803085714285711,,ok,
merapi_2010_0074,merapi_kd028_pass,2010,nov10_px5an Line 037 ,nov10_px5,95,17572,0.2800034736768699,3.473676869869546e-06,Pet20,"Petrelli et al., 2020 (cpx_liq)",P,4.54181428571428,,ok,
merapi_2010_0075,merapi_kd028_pass,2010,nov10_px5an Line 038 ,nov10_px5,96,19294,0.2800113853387882,1.138533878813908e-05,Pet20,"Petrelli et al., 2020 (cpx_liq)",P,4.609554285714282,,ok,
merapi_2010_0076,merapi_kd028_pass,2010,nov10_px5an Line 039 ,nov10_px5,97,17149,0.2800314474896073,3.144748960731691e-05,Pet20,"Petrelli et al., 2020 (cpx_liq)",P,4.53120571428571,,ok,
merapi_2010_0077,merapi_kd028_pass,2010,nov10_px5an Line 040 ,nov10_px5,98,2050,0.279950692550907,4.930744909298346e-05,Pet20,"Petrelli et al., 2020 (cpx_liq)",P,4.688368571428567,,ok,
merapi_2010_0078,merapi_kd028_pass,2010,nov10_px5an Line 041 ,nov10_px5,99,5528,0.279996345939143,3.654060857005703e-06,Pet20,"Petrelli et al., 2020 (cpx_liq)",P,4.581008571428569,,ok,
merapi_2010_0079,merapi_kd028_pass,2010,nov10_px5an Line 042 ,nov10_px5,100,798,0.2800264683941149,2.646839411485358e-05,Pet20,"Petrelli et al., 2020 (cpx_liq)",P,4.623074285714282,,ok,
merapi_2010_0080,merapi_kd028_pass,2010,nov10_px5bn Line 020 ,nov10_px5,120,4575,0.2799610569113504,3.894308864965668e-05,Pet20,"Petrelli et al., 2020 (cpx_liq)",P,4.519291428571425,,ok,
merapi_2010_0081,merapi_kd028_pass,2010,nov10_px5bn Line 035 ,nov10_px5,135,17245,0.2800006834025761,6.834025760849016e-07,Pet20,"Petrelli et al., 2020 (cpx_liq)",P,4.511377142857142,,ok,
merapi_2010_0082,merapi_kd028_pass,2010,nov10_px5bn Line 036 ,nov10_px5,136,4990,0.2800030942003303,3.094200330233665e-06,Pet20,"Petrelli et al., 2020 (cpx_liq)",P,3.9439542857142804,,ok,
merapi_2010_0083,merapi_kd028_pass,2010,nov10_px5bn Line 037 ,nov10_px5,137,14581,0.2800020652329865,2.065232986458998e-06,Pet20,"Petrelli et al., 2020 (cpx_liq)",P,4.73221428571428,,ok,
merapi_2010_0084,merapi_kd028_pass,2010,nov10_px5bn Line 038 ,nov10_px5,138,5241,0.2800028069195141,2.806919514097839e-06,Pet20,"Petrelli et al., 2020 (cpx_liq)",P,4.077977142857139,,ok,
merapi_2010_0085,merapi_kd028_pass,2010,nov10_px5bn Line 039 ,nov10_px5,139,16670,0.2799988743007921,1.125699207960018e-06,Pet20,"Petrelli et al., 2020 (cpx_liq)",P,4.122897142857137,,ok,
merapi_2010_0086,merapi_kd028_pass,2010,nov10_px5bn Line 040 ,nov10_px5,140,127,0.2800018784026617,1.878402661636969e-06,Pet20,"Petrelli et al., 2020 (cpx_liq)",P,4.090074285714283,,ok,
merapi_2010_0087,merapi_kd028_pass,2010,nov10_px5bn Line 041 ,nov10_px5,141,4082,0.2800013188513222,1.318851322151815e-06,Pet20,"Petrelli et al., 2020 (cpx_liq)",P,3.7815342857142826,,ok,
merapi_2010_0088,merapi_kd028_pass,2010,nov10_px5bn Line 042 ,nov10_px5,142,11179,0.2800029317436675,2.931743667500264e-06,Pet20,"Petrelli et al., 2020 (cpx_liq)",P,4.37511714285714,,ok,
merapi_2010_0089,merapi_kd028_pass,2010,nov10_px5cn Line 027 ,nov10_px5,169,8360,0.2800355603519092,3.556035190921403e-05,Pet20,"Petrelli et al., 2020 (cpx_liq)",P,5.1248999999999985,,ok,
merapi_2010_0090,merapi_kd028_pass,2010,nov10_px5cn Line 028 ,nov10_px5,170,10692,0.280010041862024,1.00418620239684e-05,Pet20,"Petrelli et al., 2020 (cpx_liq)",P,4.616214285714282,,ok,
merapi_2010_0091,merapi_kd028_pass,2010,nov10_px5cn Line 029 ,nov10_px5,171,5211,0.2799959499111569,4.050088843077226e-06,Pet20,"Petrelli et al., 2020 (cpx_liq)",P,4.027977142857139,,ok,
merapi_2010_0092,merapi_kd028_pass,2010,nov10_px5cn Line 030 ,nov10_px5,172,4070,0.2799978980475839,2.101952416122543e-06,Pet20,"Petrelli et al., 2020 (cpx_liq)",P,4.3787799999999955,,ok,
merapi_2010_0093,merapi_kd028_pass,2010,nov10_px5cn Line 031 ,nov10_px5,173,10188,0.2799935557963997,6.444203600353138e-06,Pet20,"Petrelli et al., 2020 (cpx_liq)",P,4.078419999999998,,ok,
merapi_2010_0094,merapi_kd028_pass,2010,nov10_px5cn Line 032 ,nov10_px5,174,8753,0.2799985030544663,1.496945533752125e-06,Pet20,"Petrelli et al., 2020 (cpx_liq)",P,3.9849971428571385,,ok,
merapi_2010_0095,merapi_kd028_pass,2010,nov10_px5cn Line 033 ,nov10_px5,175,11365,0.2800044647547743,4.464754774224922e-06,Pet20,"Petrelli et al., 2020 (cpx_liq)",P,4.174719999999997,,ok,
merapi_2010_0096,merapi_kd028_pass,2010,nov10_px5cn Line 034 ,nov10_px5,176,1381,0.2799976878007022,2.312199297860307e-06,Pet20,"Petrelli et al., 2020 (cpx_liq)",P,4.007699999999996,,ok,
merapi_2010_0097,merapi_kd028_pass,2010,nov10_px5cn Line 035 ,nov10_px5,177,15978,0.279998997814827,1.002185173015757e-06,Pet20,"Petrelli et al., 2020 (cpx_liq)",P,4.528982857142853,,ok,
merapi_2010_0098,merapi_kd028_pass,2010,nov10_px5cn Line 036 ,nov10_px5,178,8902,0.2800031271665638,3.127166563754447e-06,Pet20,"Petrelli et al., 2020 (cpx_liq)",P,4.445819999999997,,ok,
merapi_2010_0099,merapi_kd028_pass,2010,nov10_px5cn Line 037 ,nov10_px5,179,14293,0.2800024680425633,2.468042563263939e-06,Pet20,"Petrelli et al., 2020 (cpx_liq)",P,4.070817142857139,,ok,
merapi_2010_0100,merapi_kd028_pass,2010,nov10_px5cn Line 038 ,nov10_px5,180,12852,0.2800010792607041,1.079260704084373e-06,Pet20,"Petrelli et al., 2020 (cpx_liq)",P,4.295602857142852,,ok,
merapi_2010_0101,merapi_kd028_pass,2010,nov10_px5cn Line 039 ,nov10_px5,181,81,0.2800027112246111,2.711224611040564e-06,Pet20,"Petrelli et al., 2020 (cpx_liq)",P,4.2404799999999945,,ok,
merapi_2010_0102,merapi_kd028_pass,2010,nov10_px5cn Line 040 ,nov10_px5,182,160,0.2800081154584018,8.11545840173622e-06,Pet20,"Petrelli et al., 2020 (cpx_liq)",P,4.3073714285714235,,ok,
merapi_2010_0103,merapi_kd028_pass,2010,nov10_px5cn Line 041 ,nov10_px5,183,14033,0.2799970809354401,2.919064559958606e-06,Pet20,"Petrelli et al., 2020 (cpx_liq)",P,4.023919999999997,,ok,
merapi_2010_0104,merapi_kd028_pass,2010,nov10_px5cn Line 042 ,nov10_px5,184,11589,0.2800003808783538,3.808783537451177e-07,Pet20,"Petrelli et al., 2020 (cpx_liq)",P,4.352465714285711,,ok,
merapi_2010_0105,merapi_kd028_pass,2010,nov10_px6bn Line 022 ,nov10_px6,206,5838,0.2799975763316663,2.423668333695339e-06,Pet20,"Petrelli et al., 2020 (cpx_liq)",P,4.864742857142854,,ok,
merapi_2010_0106,merapi_kd028_pass,2010,nov10_px6bn Line 023 ,nov10_px6,207,12299,0.2799929724821653,7.027517834767849e-06,Pet20,"Petrelli et al., 2020 (cpx_liq)",P,4.599094285714283,,ok,
merapi_2010_0107,merapi_kd028_pass,2010,nov10_px6bn Line 024 ,nov10_px6,208,8066,0.2799979396071882,2.060392811809031e-06,Pet20,"Petrelli et al., 2020 (cpx_liq)",P,4.921428571428568,,ok,
merapi_2010_0108,merapi_kd028_pass,2010,nov10_px6bn Line 025 ,nov10_px6,209,2000,0.2800115110848241,1.151108482405627e-05,Pet20,"Petrelli et al., 2020 (cpx_liq)",P,4.706722857142856,,ok,
merapi_2010_0109,merapi_kd028_pass,2010,nov10_px6bn Line 026 ,nov10_px6,210,4024,0.280001245370136,1.245370135960489e-06,Pet20,"Petrelli et al., 2020 (cpx_liq)",P,4.759425714285713,,ok,
merapi_2010_0110,merapi_kd028_pass,2010,nov10_px6bn Line 027 ,nov10_px6,211,16911,0.2799848953098698,1.510469013021876e-05,Pet20,"Petrelli et al., 2020 (cpx_liq)",P,4.885659999999997,,ok,
merapi_2010_0111,merapi_kd028_pass,2010,nov10_px6bn Line 028 ,nov10_px6,212,16798,0.2800080151835502,8.015183550147409e-06,Pet20,"Petrelli et al., 2020 (cpx_liq)",P,4.990699999999997,,ok,
merapi_2010_0112,merapi_kd028_pass,2010,nov10_px6bn Line 029 ,nov10_px6,213,13586,0.2800028263253634,2.826325363414206e-06,Pet20,"Petrelli et al., 2020 (cpx_liq)",P,5.229562857142855,,ok,
merapi_2010_0113,merapi_kd028_pass,2010,nov10_px6bn Line 030 ,nov10_px6,214,17483,0.2800353341079006,3.533410790057534e-05,Pet20,"Petrelli et al., 2020 (cpx_liq)",P,5.429014285714285,,ok,
merapi_2010_0114,merapi_kd028_pass,2010,nov10_px6bn Line 031 ,nov10_px6,215,18016,0.2799966796108934,3.320389106609145e-06,Pet20,"Petrelli et al., 2020 (cpx_liq)",P,5.4284085714285695,,ok,
merapi_2010_0115,merapi_kd028_pass,2010,nov10_px6bn Line 032 ,nov10_px6,216,4728,0.2799866525462,1.334745380004998e-05,Pet20,"Petrelli et al., 2020 (cpx_liq)",P,5.531134285714283,,ok,
merapi_2010_0116,merapi_kd028_pass,2010,nov10_px6bn Line 033 ,nov10_px6,217,4355,0.280003212463115,3.212463115020991e-06,Pet20,"Petrelli et al., 2020 (cpx_liq)",P,6.250285714285713,,ok,
merapi_2010_0117,merapi_kd028_pass,2010,oct10-px4a Line 001 ,oct10-px4a,218,3892,0.2800088174441775,8.817444177466882e-06,Pet20,"Petrelli et al., 2020 (cpx_liq)",P,4.64866857142857,,ok,
merapi_2010_0118,merapi_kd028_pass,2010,oct10-px4a Line 002 ,oct10-px4a,219,7828,0.2799665652974266,3.343470257344272e-05,Pet20,"Petrelli et al., 2020 (cpx_liq)",P,4.581859999999995,,ok,
merapi_2010_0119,merapi_kd028_pass,2010,oct10-px4a Line 008 ,oct10-px4a,225,14045,0.2800199062319113,1.990623191128194e-05,Pet20,"Petrelli et al., 2020 (cpx_liq)",P,6.618891428571429,,ok,
merapi_2010_0120,merapi_kd028_pass,2010,oct10-px4a Line 009 ,oct10-px4a,226,13348,0.2800058843242761,5.884324276117514e-06,Pet20,"Petrelli et al., 2020 (cpx_liq)",P,5.3898355349999925,,ok,
merapi_2010_0121,merapi_kd028_pass,2010,oct10-px4a Line 011 ,oct10-px4a,227,7173,0.2800390814738258,3.908147382575278e-05,Pet20,"Petrelli et al., 2020 (cpx_liq)",P,6.461868760714284,,ok,
merapi_2010_0122,merapi_kd028_pass,2010,oct10-px4a Line 012 ,oct10-px4a,228,16050,0.2799826242196712,1.737578032878773e-05,Pet20,"Petrelli et al., 2020 (cpx_liq)",P,5.794442894999999,,ok,
merapi_2010_0123,merapi_kd028_pass,2010,oct10-px4a Line 015 ,oct10-px4a,231,8081,0.2799973712794988,2.628720501274273e-06,Pet20,"Petrelli et al., 2020 (cpx_liq)",P,5.196274285714284,,ok,
merapi_2010_0124,merapi_kd028_pass,2010,oct10-px4a Line 017 ,oct10-px4a,233,5508,0.2799943694425442,5.630557455782448e-06,Pet20,"Petrelli et al., 2020 (cpx_liq)",P,4.894397142857143,,ok,
merapi_2010_0125,merapi_kd028_pass,2010,oct10-px4a Line 018 ,oct10-px4a,234,15738,0.2799929769501922,7.023049807819426e-06,Pet20,"Petrelli et al., 2020 (cpx_liq)",P,4.161931428571423,,ok,
merapi_2010_0126,merapi_kd028_pass,2010,oct10-px7a Line 003 ,oct10-px7a,237,1018,0.2799773514750729,2.264852492711578e-05,Pet20,"Petrelli et al., 2020 (cpx_liq)",P,4.998082857142857,,ok,
merapi_2010_0127,merapi_kd028_pass,2010,Un  207  2010-Cpx1-60S,2010-Cpx1-60,259,6010,0.2800185298718917,1.852987189171484e-05,Pet20,"Petrelli et al., 2020 (cpx_liq)",P,4.289571428571426,,ok,
merapi_2010_0128,merapi_kd028_pass,2010,Un  208  2010-Cpx1-60E,2010-Cpx1-60,260,15630,0.2800210555938312,2.105559383119848e-05,Pet20,"Petrelli et al., 2020 (cpx_liq)",P,4.269051428571425,,ok,
merapi_2010_0129,merapi_kd028_pass,2010,Un  209  2010-Cpx1-Core1,2010-Cpx1-CORE,261,9023,0.2800248773529943,2.487735299427918e-05,Pet20,"Petrelli et al., 2020 (cpx_liq)",P,4.430771428571424,,ok,
merapi_2010_0130,merapi_kd028_pass,2010,Un  210  2010-Cpx1-Core2,2010-Cpx1-CORE,262,8312,0.2799934040601317,6.595939868347944e-06,Pet20,"Petrelli et al., 2020 (cpx_liq)",P,4.49444571428571,,ok,
merapi_2010_0131,merapi_kd028_pass,2010,Un  211  2010-Cpx1-Core3,2010-Cpx1-CORE,263,16842,0.2800018738159906,1.873815990593997e-06,Pet20,"Petrelli et al., 2020 (cpx_liq)",P,4.6139314285714255,,ok,
merapi_2010_0132,merapi_kd028_pass,2010,Un  212  2010-Cpx1-61W,2010-Cpx1-61,264,9373,0.2800080710201749,8.071020174860166e-06,Pet20,"Petrelli et al., 2020 (cpx_liq)",P,4.34000857142857,,ok,
merapi_2010_0133,merapi_kd028_pass,2010,Un  213  2010-Cpx1-61E,2010-Cpx1-61,265,11782,0.279988138916497,1.18610835029842e-05,Pet20,"Petrelli et al., 2020 (cpx_liq)",P,4.35797714285714,,ok,
merapi_2010_0134,merapi_kd028_pass,2010,Un  214  2010-Cpx1-61N,2010-Cpx1-61,266,18560,0.2799839428361771,1.605716382291345e-05,Pet20,"Petrelli et al., 2020 (cpx_liq)",P,4.54427714285714,,ok,
merapi_2010_0135,merapi_kd028_pass,2010,Un  216  2010-Cpx1-62W,2010-Cpx1-62,267,9894,0.27995379187536,4.620812464006807e-05,Pet20,"Petrelli et al., 2020 (cpx_liq)",P,4.308905714285713,,ok,
merapi_2010_0136,merapi_kd028_pass,2010,Un  219  2010-Cpx1-RIM3,2010-Cpx1-RIM,268,17348,0.2799836140156229,1.638598437708749e-05,Pet20,"Petrelli et al., 2020 (cpx_liq)",P,4.601477142857138,,ok,
merapi_2010_0137,merapi_kd028_pass,2010,Un  220  2010-Cpx1-Core4,2010-Cpx1-CORE,269,17822,0.2799927645626315,7.235437368524611e-06,Pet20,"Petrelli et al., 2020 (cpx_liq)",P,4.4135971428571406,,ok,
merapi_2010_0138,merapi_kd028_pass,2010,Un  221  2010-Cpx1-Core5,2010-Cpx1-CORE,270,15694,0.2799967501740619,3.249825938078654e-06,Pet20,"Petrelli et al., 2020 (cpx_liq)",P,4.638699999999997,,ok,
merapi_2010_0139,merapi_kd028_pass,2010,Un  222  2010-Cpx1-Rim4,2010-Cpx1-RIM,271,11854,0.2800003101259549,3.10125954861018e-07,Pet20,"Petrelli et al., 2020 (cpx_liq)",P,4.199594285714281,,ok,
merapi_2010_0140,merapi_kd028_pass,2010,Un  253  2010-Cpx6-52N,2010-Cpx6-52,273,7367,0.2799907355838421,9.264416157950262e-06,Pet20,"Petrelli et al., 2020 (cpx_liq)",P,4.835871428571427,,ok,
merapi_2010_0141,merapi_kd028_pass,2010,Un  273  2010-Pair1-cpx-E2,2010-Pair1-cpx,277,6618,0.2799872793048427,1.272069515728669e-05,Pet20,"Petrelli et al., 2020 (cpx_liq)",P,4.654105714285711,,ok,
merapi_2010_0142,merapi_kd028_pass,2010,Un  279  2010-CpxBottom-50E,2010-CpxBottom-50,283,2147,0.2799921576202294,7.842379770583996e-06,Pet20,"Petrelli et al., 2020 (cpx_liq)",P,4.998228571428569,,ok,
merapi_2010_0143,merapi_kd028_pass,2010,Un  281  2010-CpxBottom-49N,2010-CpxBottom-49,285,15424,0.2800310738358642,3.107383586420376e-05,Pet20,"Petrelli et al., 2020 (cpx_liq)",P,4.700565714285712,,ok,
merapi_2010_0144,merapi_kd028_pass,2010,Un  286  2010-CpxBottom-R2,2010-CpxBottom,290,10807,0.2799972476730776,2.752326922428328e-06,Pet20,"Petrelli et al., 2020 (cpx_liq)",P,4.599774285714283,,ok,
merapi_2010_0145,merapi_kd028_pass,2010,Un  287  2010-CpxSkull-56N,2010-CpxSkull-56,291,2157,0.2799892466082562,1.075339174383405e-05,Pet20,"Petrelli et al., 2020 (cpx_liq)",P,4.590417142857141,,ok,
merapi_2010_0146,merapi_kd028_pass,2010,Un  297  2010-CpxSkull-Rim1,2010-CpxSkull,299,19222,0.2800106561710371,1.065617103707117e-05,Pet20,"Petrelli et al., 2020 (cpx_liq)",P,4.233219999999995,,ok,
merapi_2010_0147,merapi_kd028_pass,2010,Un  300  2010-CpxSkull-Rim2,2010-CpxSkull,302,10692,0.2799953129372731,4.687062726937974e-06,Pet20,"Petrelli et al., 2020 (cpx_liq)",P,4.480748571428568,,ok,
merapi_2010_0148,merapi_kd028_pass,2010,Un  301  2010-CpxSkull-Rim3,2010-CpxSkull,303,9366,0.2799988713753707,1.128624629309627e-06,Pet20,"Petrelli et al., 2020 (cpx_liq)",P,4.1861399999999955,,ok,
merapi_2006_0001,merapi_kd028_pass,2006,2006px2 Line 001 ,2006px2,0,9581,0.2799974498225476,2.55017745243169e-06,Jor22,"Jorgenson et al., 2022 (cpx_liq)",P,2.776666666666667,,ok,
merapi_2006_0002,merapi_kd028_pass,2006,2006px2 Line 002 ,2006px2,1,4919,0.2799870689065713,1.293109342870302e-05,Jor22,"Jorgenson et al., 2022 (cpx_liq)",P,2.005,,ok,
merapi_2006_0003,merapi_kd028_pass,2006,2006px2 Line 003 ,2006px2,2,13958,0.2800157045766593,1.570457665922564e-05,Jor22,"Jorgenson et al., 2022 (cpx_liq)",P,2.0,,ok,
merapi_2006_0004,merapi_kd028_pass,2006,2006px2 Line 004 ,2006px2,3,16902,0.2799995963332798,4.036667202722555e-07,Jor22,"Jorgenson et al., 2022 (cpx_liq)",P,2.885,,ok,
merapi_2006_0005,merapi_kd028_pass,2006,2006px2 Line 005 ,2006px2,4,11378,0.2800001900063491,1.900063490989368e-07,Jor22,"Jorgenson et al., 2022 (cpx_liq)",P,2.5,,ok,
merapi_2006_0006,merapi_kd028_pass,2006,2006px2 Line 011 ,2006px2,10,4745,0.2799668715475006,3.31284524994202e-05,Jor22,"Jorgenson et al., 2022 (cpx_liq)",P,2.04,,ok,
merapi_2006_0007,merapi_kd028_pass,2006,2006px2 Line 012 ,2006px2,11,3134,0.2799997359248839,2.640751161631094e-07,Jor22,"Jorgenson et al., 2022 (cpx_liq)",P,2.3666666666666667,,ok,
merapi_2006_0008,merapi_kd028_pass,2006,2006px3 Line 023 ,2006px3,35,5834,0.2799684670032443,3.153299675573429e-05,Jor22,"Jorgenson et al., 2022 (cpx_liq)",P,1.375,,ok,
merapi_2006_0009,merapi_kd028_pass,2006,2006px3 Line 024 ,2006px3,36,17798,0.2800009358429474,9.358429474137786e-07,Jor22,"Jorgenson et al., 2022 (cpx_liq)",P,1.7525,,ok,
merapi_2006_0010,merapi_kd028_pass,2006,2006px3 Line 025 ,2006px3,37,3428,0.2800156792466391,1.56792466390332e-05,Jor22,"Jorgenson et al., 2022 (cpx_liq)",P,1.5666666666666667,,ok,
merapi_2006_0011,merapi_kd028_pass,2006,2006px3 Line 026 ,2006px3,38,5590,0.2799995436317146,4.56368285384201e-07,Jor22,"Jorgenson et al., 2022 (cpx_liq)",P,1.42,,ok,
merapi_2006_0012,merapi_kd028_pass,2006,2006px3 Line 027 ,2006px3,39,2553,0.2800041347572449,4.134757244922405e-06,Jor22,"Jorgenson et al., 2022 (cpx_liq)",P,2.0475,,ok,
merapi_2006_0013,merapi_kd028_pass,2006,2006px3 Line 028 ,2006px3,40,10701,0.2799987824852813,1.217514718765411e-06,Jor22,"Jorgenson et al., 2022 (cpx_liq)",P,1.375,,ok,
merapi_2006_0014,merapi_kd028_pass,2006,2006px3 Line 029 ,2006px3,41,16550,0.27999970009488,2.999051200158753e-07,Jor22,"Jorgenson et al., 2022 (cpx_liq)",P,1.785,,ok,
merapi_2006_0015,merapi_kd028_pass,2006,2006px3 Line 030 ,2006px3,42,5881,0.280001740402496,1.740402496008819e-06,Jor22,"Jorgenson et al., 2022 (cpx_liq)",P,3.466666666666667,,ok,
merapi_2006_0016,merapi_kd028_pass,2006,2006px3 Line 031 ,2006px3,43,7032,0.2800079058247457,7.905824745690904e-06,Jor22,"Jorgenson et al., 2022 (cpx_liq)",P,2.01925,,ok,
merapi_2006_0017,merapi_kd028_pass,2006,2006px3 Line 032 ,2006px3,44,12524,0.2799786851612204,2.131483877965135e-05,Jor22,"Jorgenson et al., 2022 (cpx_liq)",P,2.0,,ok,
merapi_2006_0018,merapi_kd028_pass,2006,2006trav1n Line 001 ,2006trav1,58,14072,0.2800026645370314,2.66453703134939e-06,Jor22,"Jorgenson et al., 2022 (cpx_liq)",P,2.125,,ok,
merapi_2006_0019,merapi_kd028_pass,2006,2006trav1n Line 002 ,2006trav1,59,13298,0.2799967368270788,3.263172921208479e-06,Jor22,"Jorgenson et al., 2022 (cpx_liq)",P,2.0,,ok,
merapi_2006_0020,merapi_kd028_pass,2006,2006trav1n Line 017 ,2006trav1,74,19148,0.2800022664781375,2.266478137502581e-06,Jor22,"Jorgenson et al., 2022 (cpx_liq)",P,2.0,,ok,
merapi_2006_0021,merapi_kd028_pass,2006,2006trav1n Line 019 ,2006trav1,76,10696,0.2800256233985809,2.562339858092066e-05,Jor22,"Jorgenson et al., 2022 (cpx_liq)",P,2.4,,ok,
merapi_2006_0022,merapi_kd028_pass,2006,2006trav1n Line 020 ,2006trav1,77,9588,0.2800043793820398,4.379382039731983e-06,Jor22,"Jorgenson et al., 2022 (cpx_liq)",P,2.0,,ok,
merapi_2006_0023,merapi_kd028_pass,2006,2006trav1n Line 023 ,2006trav1,80,8720,0.2800041179486016,4.117948601556343e-06,Jor22,"Jorgenson et al., 2022 (cpx_liq)",P,1.6166666666666665,,ok,
merapi_2006_0024,merapi_kd028_pass,2006,2006trav1n Line 024 ,2006trav1,81,2945,0.2799832553448161,1.67446551839201e-05,Jor22,"Jorgenson et al., 2022 (cpx_liq)",P,1.75,,ok,
merapi_2006_0025,merapi_kd028_pass,2006,2006trav1n Line 025 ,2006trav1,82,17864,0.2799966439377978,3.356062202253263e-06,Jor22,"Jorgenson et al., 2022 (cpx_liq)",P,1.785,,ok,
merapi_2006_0026,merapi_kd028_pass,2006,2006trav1n Line 026 ,2006trav1,83,9461,0.2800025180872135,2.518087213521092e-06,Jor22,"Jorgenson et al., 2022 (cpx_liq)",P,2.0,,ok,
merapi_2006_0027,merapi_kd028_pass,2006,2006trav1n Line 028 ,2006trav1,85,3380,0.2800126995628873,1.269956288724172e-05,Jor22,"Jorgenson et al., 2022 (cpx_liq)",P,2.14,,ok,
merapi_2006_0028,merapi_kd028_pass,2006,2006trav1n Line 029 ,2006trav1,86,19486,0.2799759551680616,2.404483193846341e-05,Jor22,"Jorgenson et al., 2022 (cpx_liq)",P,1.8,,ok,
merapi_2006_0029,merapi_kd028_pass,2006,2006trav1n Line 030 ,2006trav1,87,17741,0.2800037470948772,3.747094877160073e-06,Jor22,"Jorgenson et al., 2022 (cpx_liq)",P,2.0,,ok,
merapi_2006_0030,merapi_kd028_pass,2006,2006trav1n Line 031 ,2006trav1,88,14652,0.2799971993555523,2.800644447686906e-06,Jor22,"Jorgenson et al., 2022 (cpx_liq)",P,2.0225,,ok,
merapi_2006_0031,merapi_kd028_pass,2006,2006trav1n Line 032 ,2006trav1,89,10065,0.2799724972348179,2.750276518209693e-05,Jor22,"Jorgenson et al., 2022 (cpx_liq)",P,1.8,,ok,
merapi_2006_0032,merapi_kd028_pass,2006,2006trav1n Line 033 ,2006trav1,90,6907,0.2799969238817676,3.076118232414604e-06,Jor22,"Jorgenson et al., 2022 (cpx_liq)",P,2.0025,,ok,
merapi_2006_0033,merapi_kd028_pass,2006,2006trav1n Line 034 ,2006trav1,91,5036,0.2799912145287365,8.785471263539346e-06,Jor22,"Jorgenson et al., 2022 (cpx_liq)",P,1.7,,ok,
merapi_2006_0034,merapi_kd028_pass,2006,2006trav2n  Line 009 ,2006trav2,108,13140,0.2799949264581835,5.073541816558169e-06,Jor22,"Jorgenson et al., 2022 (cpx_liq)",P,2.7733333333333334,,ok,
merapi_2006_0035,merapi_kd028_pass,2006,2006trav2n  Line 010 ,2006trav2,109,7560,0.2799936080720503,6.391927949767062e-06,Jor22,"Jorgenson et al., 2022 (cpx_liq)",P,2.023333333333333,,ok,
merapi_2006_0036,merapi_kd028_pass,2006,2006trav2n  Line 011 ,2006trav2,110,8900,0.2799962877122568,3.71228774326271e-06,Jor22,"Jorgenson et al., 2022 (cpx_liq)",P,2.0066666666666664,,ok,
merapi_2006_0037,merapi_kd028_pass,2006,2006trav2n  Line 012 ,2006trav2,111,13896,0.2800091551834771,9.1551834770498e-06,Jor22,"Jorgenson et al., 2022 (cpx_liq)",P,2.1275,,ok,
merapi_2006_0038,merapi_kd028_pass,2006,2006trav2n  Line 013 ,2006trav2,112,18840,0.2799861823323435,1.381766765651271e-05,Jor22,"Jorgenson et al., 2022 (cpx_liq)",P,2.0,,ok,
merapi_2006_0039,merapi_kd028_pass,2006,2006trav2n  Line 017 ,2006trav2,116,7030,0.279987146234402,1.285376559800877e-05,Jor22,"Jorgenson et al., 2022 (cpx_liq)",P,2.046666666666667,,ok,
merapi_2006_0040,merapi_kd028_pass,2006,Un   95  2006cpx1-80W,2006cpx1-80,135,19746,0.2799973584549343,2.641545065684703e-06,Jor22,"Jorgenson et al., 2022 (cpx_liq)",P,2.21,,ok,
merapi_2006_0041,merapi_kd028_pass,2006,Un   96  2006cpx1-test,2006cpx1-test,139,11432,0.2800072280802169,7.228080216914456e-06,Jor22,"Jorgenson et al., 2022 (cpx_liq)",P,2.0033333333333334,,ok,
merapi_2006_0042,merapi_kd028_pass,2006,Un   97  2006cpx1-80E,2006cpx1-80,140,89,0.2799920485428923,7.951457107691073e-06,Jor22,"Jorgenson et al., 2022 (cpx_liq)",P,4.033333333333333,,ok,
merapi_2010_0043,merapi_kd028_pass,2010,2010-cpx1 Line 002 ,2010-cpx1,0,6018,0.2799998030112246,1.969887754582622e-07,Jor22,"Jorgenson et al., 2022 (cpx_liq)",P,5.0,,ok,
merapi_2010_0044,merapi_kd028_pass,2010,2010-cpx1 Line 003 ,2010-cpx1,1,4057,0.2799981517158307,1.848284169325698e-06,Jor22,"Jorgenson et al., 2022 (cpx_liq)",P,3.0,,ok,
merapi_2010_0045,merapi_kd028_pass,2010,2010-cpx1 Line 004 ,2010-cpx1,2,5871,0.2799977644084414,2.235591558652494e-06,Jor22,"Jorgenson et al., 2022 (cpx_liq)",P,4.25,,ok,
merapi_2010_0046,merapi_kd028_pass,2010,2010-cpx1 Line 005 ,2010-cpx1,3,2435,0.2800051065098412,5.106509841146245e-06,Jor22,"Jorgenson et al., 2022 (cpx_liq)",P,2.5,,ok,
merapi_2010_0047,merapi_kd028_pass,2010,2010-cpx1 Line 006 ,2010-cpx1,4,15157,0.2799988812011857,1.118798814370159e-06,Jor22,"Jorgenson et al., 2022 (cpx_liq)",P,3.0,,ok,
merapi_2010_0048,merapi_kd028_pass,2010,2010-cpx1 Line 007 ,2010-cpx1,5,257,0.280005844839572,5.844839571944593e-06,Jor22,"Jorgenson et al., 2022 (cpx_liq)",P,3.67,,ok,
merapi_2010_0049,merapi_kd028_pass,2010,2010-cpx1 Line 008 ,2010-cpx1,6,1295,0.2800077662750068,7.76627500681526e-06,Jor22,"Jorgenson et al., 2022 (cpx_liq)",P,3.143333333333333,,ok,
merapi_2010_0050,merapi_kd028_pass,2010,2010-cpx1 Line 009 ,2010-cpx1,7,16888,0.2800021365885482,2.136588548196094e-06,Jor22,"Jorgenson et al., 2022 (cpx_liq)",P,2.7775,,ok,
merapi_2010_0051,merapi_kd028_pass,2010,2010-cpx1 Line 010 ,2010-cpx1,8,8856,0.2800015856658248,1.585665824810345e-06,Jor22,"Jorgenson et al., 2022 (cpx_liq)",P,3.3333333333333335,,ok,
merapi_2010_0052,merapi_kd028_pass,2010,2010-cpx1 Line 011 ,2010-cpx1,9,1439,0.2800011849694209,1.184969420919835e-06,Jor22,"Jorgenson et al., 2022 (cpx_liq)",P,2.8333333333333335,,ok,
merapi_2010_0053,merapi_kd028_pass,2010,2010-cpx1 Line 012 ,2010-cpx1,10,14518,0.2800006107589095,6.107589094472843e-07,Jor22,"Jorgenson et al., 2022 (cpx_liq)",P,4.7,,ok,
merapi_2010_0054,merapi_kd028_pass,2010,2010-cpx1 Line 013 ,2010-cpx1,11,16676,0.2800025879305247,2.587930524711179e-06,Jor22,"Jorgenson et al., 2022 (cpx_liq)",P,2.75,,ok,
merapi_2010_0055,merapi_kd028_pass,2010,2010-cpx1 Line 014 ,2010-cpx1,12,8688,0.2800010648039675,1.064803967498751e-06,Jor22,"Jorgenson et al., 2022 (cpx_liq)",P,3.0,,ok,
merapi_2010_0056,merapi_kd028_pass,2010,2010-cpx1 Line 015 ,2010-cpx1,13,5877,0.2799969867108625,3.013289137543396e-06,Jor22,"Jorgenson et al., 2022 (cpx_liq)",P,2.766666666666667,,ok,
merapi_2010_0057,merapi_kd028_pass,2010,2010-cpx1 Line 016 ,2010-cpx1,14,452,0.2799821560205399,1.784397946014149e-05,Jor22,"Jorgenson et al., 2022 (cpx_liq)",P,3.0,,ok,
merapi_2010_0058,merapi_kd028_pass,2010,2010-cpx1 Line 017 ,2010-cpx1,15,2032,0.2800006717020297,6.717020297197784e-07,Jor22,"Jorgenson et al., 2022 (cpx_liq)",P,2.885,,ok,
merapi_2010_0059,merapi_kd028_pass,2010,2010-cpx1 Line 018 ,2010-cpx1,16,19283,0.2800046137817918,4.613781791784621e-06,Jor22,"Jorgenson et al., 2022 (cpx_liq)",P,2.0324999999999998,,ok,
merapi_2010_0060,merapi_kd028_pass,2010,2010-cpx1 Line 019 ,2010-cpx1,17,8771,0.2800725605111906,7.256051119058915e-05,Jor22,"Jorgenson et al., 2022 (cpx_liq)",P,3.2625,,ok,
merapi_2010_0061,merapi_kd028_pass,2010,2010-cpx1 Line 020 ,2010-cpx1,18,5387,0.2800073241282617,7.324128261654295e-06,Jor22,"Jorgenson et al., 2022 (cpx_liq)",P,2.04,,ok,
merapi_2010_0062,merapi_kd028_pass,2010,2010-cpx1 Line 021 ,2010-cpx1,19,3489,0.2799965137473102,3.486252689866021e-06,Jor22,"Jorgenson et al., 2022 (cpx_liq)",P,4.0,,ok,
merapi_2010_0063,merapi_kd028_pass,2010,nov10_px5an Line 026 ,nov10_px5,84,17229,0.2799933632122469,6.636787753144802e-06,Jor22,"Jorgenson et al., 2022 (cpx_liq)",P,3.49825,,ok,
merapi_2010_0064,merapi_kd028_pass,2010,nov10_px5an Line 027 ,nov10_px5,85,10975,0.279998405979791,1.594020209050306e-06,Jor22,"Jorgenson et al., 2022 (cpx_liq)",P,4.266666666666667,,ok,
merapi_2010_0065,merapi_kd028_pass,2010,nov10_px5an Line 028 ,nov10_px5,86,17829,0.2800100678768651,1.006787686508304e-05,Jor22,"Jorgenson et al., 2022 (cpx_liq)",P,4.285,,ok,
merapi_2010_0066,merapi_kd028_pass,2010,nov10_px5an Line 029 ,nov10_px5,87,16574,0.2799947642915669,5.235708433082298e-06,Jor22,"Jorgenson et al., 2022 (cpx_liq)",P,4.953,,ok,
merapi_2010_0067,merapi_kd028_pass,2010,nov10_px5an Line 030 ,nov10_px5,88,9438,0.2799969807857353,3.019214264765591e-06,Jor22,"Jorgenson et al., 2022 (cpx_liq)",P,4.036666666666666,,ok,
merapi_2010_0068,merapi_kd028_pass,2010,nov10_px5an Line 031 ,nov10_px5,89,16459,0.2800051022630541,5.102263054057588e-06,Jor22,"Jorgenson et al., 2022 (cpx_liq)",P,4.609666666666667,,ok,
merapi_2010_0069,merapi_kd028_pass,2010,nov10_px5an Line 032 ,nov10_px5,90,4559,0.280006369562572,6.369562571995058e-06,Jor22,"Jorgenson et al., 2022 (cpx_liq)",P,4.036666666666666,,ok,
merapi_2010_0070,merapi_kd028_pass,2010,nov10_px5an Line 033 ,nov10_px5,91,6918,0.279989171985401,1.082801459906246e-05,Jor22,"Jorgenson et al., 2022 (cpx_liq)",P,4.49325,,ok,
merapi_2010_0071,merapi_kd028_pass,2010,nov10_px5an Line 034 ,nov10_px5,92,9687,0.2800279863805439,2.798638054390956e-05,Jor22,"Jorgenson et al., 2022 (cpx_liq)",P,4.45,,ok,
merapi_2010_0072,merapi_kd028_pass,2010,nov10_px5an Line 035 ,nov10_px5,93,14424,0.2800076247920927,7.624792092653099e-06,Jor22,"Jorgenson et al., 2022 (cpx_liq)",P,4.525,,ok,
merapi_2010_0073,merapi_kd028_pass,2010,nov10_px5an Line 036 ,nov10_px5,94,15711,0.279957811472103,4.218852789705796e-05,Jor22,"Jorgenson et al., 2022 (cpx_liq)",P,4.3,,ok,
merapi_2010_0074,merapi_kd028_pass,2010,nov10_px5an Line 037 ,nov10_px5,95,17572,0.2800034736768699,3.473676869869546e-06,Jor22,"Jorgenson et al., 2022 (cpx_liq)",P,4.0,,ok,
merapi_2010_0075,merapi_kd028_pass,2010,nov10_px5an Line 038 ,nov10_px5,96,19294,0.2800113853387882,1.138533878813908e-05,Jor22,"Jorgenson et al., 2022 (cpx_liq)",P,3.7,,ok,
merapi_2010_0076,merapi_kd028_pass,2010,nov10_px5an Line 039 ,nov10_px5,97,17149,0.2800314474896073,3.144748960731691e-05,Jor22,"Jorgenson et al., 2022 (cpx_liq)",P,2.7875,,ok,
merapi_2010_0077,merapi_kd028_pass,2010,nov10_px5an Line 040 ,nov10_px5,98,2050,0.279950692550907,4.930744909298346e-05,Jor22,"Jorgenson et al., 2022 (cpx_liq)",P,3.0076666666666667,,ok,
merapi_2010_0078,merapi_kd028_pass,2010,nov10_px5an Line 041 ,nov10_px5,99,5528,0.279996345939143,3.654060857005703e-06,Jor22,"Jorgenson et al., 2022 (cpx_liq)",P,2.525,,ok,
merapi_2010_0079,merapi_kd028_pass,2010,nov10_px5an Line 042 ,nov10_px5,100,798,0.2800264683941149,2.646839411485358e-05,Jor22,"Jorgenson et al., 2022 (cpx_liq)",P,2.74825,,ok,
merapi_2010_0080,merapi_kd028_pass,2010,nov10_px5bn Line 020 ,nov10_px5,120,4575,0.2799610569113504,3.894308864965668e-05,Jor22,"Jorgenson et al., 2022 (cpx_liq)",P,2.5,,ok,
merapi_2010_0081,merapi_kd028_pass,2010,nov10_px5bn Line 035 ,nov10_px5,135,17245,0.2800006834025761,6.834025760849016e-07,Jor22,"Jorgenson et al., 2022 (cpx_liq)",P,2.07,,ok,
merapi_2010_0082,merapi_kd028_pass,2010,nov10_px5bn Line 036 ,nov10_px5,136,4990,0.2800030942003303,3.094200330233665e-06,Jor22,"Jorgenson et al., 2022 (cpx_liq)",P,3.6333333333333333,,ok,
merapi_2010_0083,merapi_kd028_pass,2010,nov10_px5bn Line 037 ,nov10_px5,137,14581,0.2800020652329865,2.065232986458998e-06,Jor22,"Jorgenson et al., 2022 (cpx_liq)",P,2.5,,ok,
merapi_2010_0084,merapi_kd028_pass,2010,nov10_px5bn Line 038 ,nov10_px5,138,5241,0.2800028069195141,2.806919514097839e-06,Jor22,"Jorgenson et al., 2022 (cpx_liq)",P,4.0,,ok,
merapi_2010_0085,merapi_kd028_pass,2010,nov10_px5bn Line 039 ,nov10_px5,139,16670,0.2799988743007921,1.125699207960018e-06,Jor22,"Jorgenson et al., 2022 (cpx_liq)",P,2.703333333333333,,ok,
merapi_2010_0086,merapi_kd028_pass,2010,nov10_px5bn Line 040 ,nov10_px5,140,127,0.2800018784026617,1.878402661636969e-06,Jor22,"Jorgenson et al., 2022 (cpx_liq)",P,4.036666666666666,,ok,
merapi_2010_0087,merapi_kd028_pass,2010,nov10_px5bn Line 041 ,nov10_px5,141,4082,0.2800013188513222,1.318851322151815e-06,Jor22,"Jorgenson et al., 2022 (cpx_liq)",P,4.0,,ok,
merapi_2010_0088,merapi_kd028_pass,2010,nov10_px5bn Line 042 ,nov10_px5,142,11179,0.2800029317436675,2.931743667500264e-06,Jor22,"Jorgenson et al., 2022 (cpx_liq)",P,4.5,,ok,
merapi_2010_0089,merapi_kd028_pass,2010,nov10_px5cn Line 027 ,nov10_px5,169,8360,0.2800355603519092,3.556035190921403e-05,Jor22,"Jorgenson et al., 2022 (cpx_liq)",P,1.75,,ok,
merapi_2010_0090,merapi_kd028_pass,2010,nov10_px5cn Line 028 ,nov10_px5,170,10692,0.280010041862024,1.00418620239684e-05,Jor22,"Jorgenson et al., 2022 (cpx_liq)",P,3.5,,ok,
merapi_2010_0091,merapi_kd028_pass,2010,nov10_px5cn Line 029 ,nov10_px5,171,5211,0.2799959499111569,4.050088843077226e-06,Jor22,"Jorgenson et al., 2022 (cpx_liq)",P,4.0,,ok,
merapi_2010_0092,merapi_kd028_pass,2010,nov10_px5cn Line 030 ,nov10_px5,172,4070,0.2799978980475839,2.101952416122543e-06,Jor22,"Jorgenson et al., 2022 (cpx_liq)",P,2.5,,ok,
merapi_2010_0093,merapi_kd028_pass,2010,nov10_px5cn Line 031 ,nov10_px5,173,10188,0.2799935557963997,6.444203600353138e-06,Jor22,"Jorgenson et al., 2022 (cpx_liq)",P,4.036666666666666,,ok,
merapi_2010_0094,merapi_kd028_pass,2010,nov10_px5cn Line 032 ,nov10_px5,174,8753,0.2799985030544663,1.496945533752125e-06,Jor22,"Jorgenson et al., 2022 (cpx_liq)",P,3.5,,ok,
merapi_2010_0095,merapi_kd028_pass,2010,nov10_px5cn Line 033 ,nov10_px5,175,11365,0.2800044647547743,4.464754774224922e-06,Jor22,"Jorgenson et al., 2022 (cpx_liq)",P,3.6666666666666665,,ok,
merapi_2010_0096,merapi_kd028_pass,2010,nov10_px5cn Line 034 ,nov10_px5,176,1381,0.2799976878007022,2.312199297860307e-06,Jor22,"Jorgenson et al., 2022 (cpx_liq)",P,3.5549999999999997,,ok,
merapi_2010_0097,merapi_kd028_pass,2010,nov10_px5cn Line 035 ,nov10_px5,177,15978,0.279998997814827,1.002185173015757e-06,Jor22,"Jorgenson et al., 2022 (cpx_liq)",P,3.505,,ok,
merapi_2010_0098,merapi_kd028_pass,2010,nov10_px5cn Line 036 ,nov10_px5,178,8902,0.2800031271665638,3.127166563754447e-06,Jor22,"Jorgenson et al., 2022 (cpx_liq)",P,4.0,,ok,
merapi_2010_0099,merapi_kd028_pass,2010,nov10_px5cn Line 037 ,nov10_px5,179,14293,0.2800024680425633,2.468042563263939e-06,Jor22,"Jorgenson et al., 2022 (cpx_liq)",P,3.5549999999999997,,ok,
merapi_2010_0100,merapi_kd028_pass,2010,nov10_px5cn Line 038 ,nov10_px5,180,12852,0.2800010792607041,1.079260704084373e-06,Jor22,"Jorgenson et al., 2022 (cpx_liq)",P,4.013333333333333,,ok,
merapi_2010_0101,merapi_kd028_pass,2010,nov10_px5cn Line 039 ,nov10_px5,181,81,0.2800027112246111,2.711224611040564e-06,Jor22,"Jorgenson et al., 2022 (cpx_liq)",P,3.6666666666666665,,ok,
merapi_2010_0102,merapi_kd028_pass,2010,nov10_px5cn Line 040 ,nov10_px5,182,160,0.2800081154584018,8.11545840173622e-06,Jor22,"Jorgenson et al., 2022 (cpx_liq)",P,4.0,,ok,
merapi_2010_0103,merapi_kd028_pass,2010,nov10_px5cn Line 041 ,nov10_px5,183,14033,0.2799970809354401,2.919064559958606e-06,Jor22,"Jorgenson et al., 2022 (cpx_liq)",P,4.036666666666666,,ok,
merapi_2010_0104,merapi_kd028_pass,2010,nov10_px5cn Line 042 ,nov10_px5,184,11589,0.2800003808783538,3.808783537451177e-07,Jor22,"Jorgenson et al., 2022 (cpx_liq)",P,3.645,,ok,
merapi_2010_0105,merapi_kd028_pass,2010,nov10_px6bn Line 022 ,nov10_px6,206,5838,0.2799975763316663,2.423668333695339e-06,Jor22,"Jorgenson et al., 2022 (cpx_liq)",P,3.5,,ok,
merapi_2010_0106,merapi_kd028_pass,2010,nov10_px6bn Line 023 ,nov10_px6,207,12299,0.2799929724821653,7.027517834767849e-06,Jor22,"Jorgenson et al., 2022 (cpx_liq)",P,3.5549999999999997,,ok,
merapi_2010_0107,merapi_kd028_pass,2010,nov10_px6bn Line 024 ,nov10_px6,208,8066,0.2799979396071882,2.060392811809031e-06,Jor22,"Jorgenson et al., 2022 (cpx_liq)",P,2.0255,,ok,
merapi_2010_0108,merapi_kd028_pass,2010,nov10_px6bn Line 025 ,nov10_px6,209,2000,0.2800115110848241,1.151108482405627e-05,Jor22,"Jorgenson et al., 2022 (cpx_liq)",P,2.07,,ok,
merapi_2010_0109,merapi_kd028_pass,2010,nov10_px6bn Line 026 ,nov10_px6,210,4024,0.280001245370136,1.245370135960489e-06,Jor22,"Jorgenson et al., 2022 (cpx_liq)",P,3.95,,ok,
merapi_2010_0110,merapi_kd028_pass,2010,nov10_px6bn Line 027 ,nov10_px6,211,16911,0.2799848953098698,1.510469013021876e-05,Jor22,"Jorgenson et al., 2022 (cpx_liq)",P,3.08,,ok,
merapi_2010_0111,merapi_kd028_pass,2010,nov10_px6bn Line 028 ,nov10_px6,212,16798,0.2800080151835502,8.015183550147409e-06,Jor22,"Jorgenson et al., 2022 (cpx_liq)",P,3.466666666666667,,ok,
merapi_2010_0112,merapi_kd028_pass,2010,nov10_px6bn Line 029 ,nov10_px6,213,13586,0.2800028263253634,2.826325363414206e-06,Jor22,"Jorgenson et al., 2022 (cpx_liq)",P,3.6,,ok,
merapi_2010_0113,merapi_kd028_pass,2010,nov10_px6bn Line 030 ,nov10_px6,214,17483,0.2800353341079006,3.533410790057534e-05,Jor22,"Jorgenson et al., 2022 (cpx_liq)",P,2.0324999999999998,,ok,
merapi_2010_0114,merapi_kd028_pass,2010,nov10_px6bn Line 031 ,nov10_px6,215,18016,0.2799966796108934,3.320389106609145e-06,Jor22,"Jorgenson et al., 2022 (cpx_liq)",P,2.5175,,ok,
merapi_2010_0115,merapi_kd028_pass,2010,nov10_px6bn Line 032 ,nov10_px6,216,4728,0.2799866525462,1.334745380004998e-05,Jor22,"Jorgenson et al., 2022 (cpx_liq)",P,2.075,,ok,
merapi_2010_0116,merapi_kd028_pass,2010,nov10_px6bn Line 033 ,nov10_px6,217,4355,0.280003212463115,3.212463115020991e-06,Jor22,"Jorgenson et al., 2022 (cpx_liq)",P,2.575,,ok,
merapi_2010_0117,merapi_kd028_pass,2010,oct10-px4a Line 001 ,oct10-px4a,218,3892,0.2800088174441775,8.817444177466882e-06,Jor22,"Jorgenson et al., 2022 (cpx_liq)",P,2.1606666666666667,,ok,
merapi_2010_0118,merapi_kd028_pass,2010,oct10-px4a Line 002 ,oct10-px4a,219,7828,0.2799665652974266,3.343470257344272e-05,Jor22,"Jorgenson et al., 2022 (cpx_liq)",P,3.596,,ok,
merapi_2010_0119,merapi_kd028_pass,2010,oct10-px4a Line 008 ,oct10-px4a,225,14045,0.2800199062319113,1.990623191128194e-05,Jor22,"Jorgenson et al., 2022 (cpx_liq)",P,4.2475000000000005,,ok,
merapi_2010_0120,merapi_kd028_pass,2010,oct10-px4a Line 009 ,oct10-px4a,226,13348,0.2800058843242761,5.884324276117514e-06,Jor22,"Jorgenson et al., 2022 (cpx_liq)",P,2.0,,ok,
merapi_2010_0121,merapi_kd028_pass,2010,oct10-px4a Line 011 ,oct10-px4a,227,7173,0.2800390814738258,3.908147382575278e-05,Jor22,"Jorgenson et al., 2022 (cpx_liq)",P,4.0,,ok,
merapi_2010_0122,merapi_kd028_pass,2010,oct10-px4a Line 012 ,oct10-px4a,228,16050,0.2799826242196712,1.737578032878773e-05,Jor22,"Jorgenson et al., 2022 (cpx_liq)",P,3.316333333333334,,ok,
merapi_2010_0123,merapi_kd028_pass,2010,oct10-px4a Line 015 ,oct10-px4a,231,8081,0.2799973712794988,2.628720501274273e-06,Jor22,"Jorgenson et al., 2022 (cpx_liq)",P,2.38875,,ok,
merapi_2010_0124,merapi_kd028_pass,2010,oct10-px4a Line 017 ,oct10-px4a,233,5508,0.2799943694425442,5.630557455782448e-06,Jor22,"Jorgenson et al., 2022 (cpx_liq)",P,2.0,,ok,
merapi_2010_0125,merapi_kd028_pass,2010,oct10-px4a Line 018 ,oct10-px4a,234,15738,0.2799929769501922,7.023049807819426e-06,Jor22,"Jorgenson et al., 2022 (cpx_liq)",P,4.0,,ok,
merapi_2010_0126,merapi_kd028_pass,2010,oct10-px7a Line 003 ,oct10-px7a,237,1018,0.2799773514750729,2.264852492711578e-05,Jor22,"Jorgenson et al., 2022 (cpx_liq)",P,2.0,,ok,
merapi_2010_0127,merapi_kd028_pass,2010,Un  207  2010-Cpx1-60S,2010-Cpx1-60,259,6010,0.2800185298718917,1.852987189171484e-05,Jor22,"Jorgenson et al., 2022 (cpx_liq)",P,3.3666666666666667,,ok,
merapi_2010_0128,merapi_kd028_pass,2010,Un  208  2010-Cpx1-60E,2010-Cpx1-60,260,15630,0.2800210555938312,2.105559383119848e-05,Jor22,"Jorgenson et al., 2022 (cpx_liq)",P,2.6666666666666665,,ok,
merapi_2010_0129,merapi_kd028_pass,2010,Un  209  2010-Cpx1-Core1,2010-Cpx1-CORE,261,9023,0.2800248773529943,2.487735299427918e-05,Jor22,"Jorgenson et al., 2022 (cpx_liq)",P,2.575,,ok,
merapi_2010_0130,merapi_kd028_pass,2010,Un  210  2010-Cpx1-Core2,2010-Cpx1-CORE,262,8312,0.2799934040601317,6.595939868347944e-06,Jor22,"Jorgenson et al., 2022 (cpx_liq)",P,3.5,,ok,
merapi_2010_0131,merapi_kd028_pass,2010,Un  211  2010-Cpx1-Core3,2010-Cpx1-CORE,263,16842,0.2800018738159906,1.873815990593997e-06,Jor22,"Jorgenson et al., 2022 (cpx_liq)",P,2.74825,,ok,
merapi_2010_0132,merapi_kd028_pass,2010,Un  212  2010-Cpx1-61W,2010-Cpx1-61,264,9373,0.2800080710201749,8.071020174860166e-06,Jor22,"Jorgenson et al., 2022 (cpx_liq)",P,2.0275,,ok,
merapi_2010_0133,merapi_kd028_pass,2010,Un  213  2010-Cpx1-61E,2010-Cpx1-61,265,11782,0.279988138916497,1.18610835029842e-05,Jor22,"Jorgenson et al., 2022 (cpx_liq)",P,3.18,,ok,
merapi_2010_0134,merapi_kd028_pass,2010,Un  214  2010-Cpx1-61N,2010-Cpx1-61,266,18560,0.2799839428361771,1.605716382291345e-05,Jor22,"Jorgenson et al., 2022 (cpx_liq)",P,3.1466666666666665,,ok,
merapi_2010_0135,merapi_kd028_pass,2010,Un  216  2010-Cpx1-62W,2010-Cpx1-62,267,9894,0.27995379187536,4.620812464006807e-05,Jor22,"Jorgenson et al., 2022 (cpx_liq)",P,4.0,,ok,
merapi_2010_0136,merapi_kd028_pass,2010,Un  219  2010-Cpx1-RIM3,2010-Cpx1-RIM,268,17348,0.2799836140156229,1.638598437708749e-05,Jor22,"Jorgenson et al., 2022 (cpx_liq)",P,2.75,,ok,
merapi_2010_0137,merapi_kd028_pass,2010,Un  220  2010-Cpx1-Core4,2010-Cpx1-CORE,269,17822,0.2799927645626315,7.235437368524611e-06,Jor22,"Jorgenson et al., 2022 (cpx_liq)",P,3.2125,,ok,
merapi_2010_0138,merapi_kd028_pass,2010,Un  221  2010-Cpx1-Core5,2010-Cpx1-CORE,270,15694,0.2799967501740619,3.249825938078654e-06,Jor22,"Jorgenson et al., 2022 (cpx_liq)",P,3.0,,ok,
merapi_2010_0139,merapi_kd028_pass,2010,Un  222  2010-Cpx1-Rim4,2010-Cpx1-RIM,271,11854,0.2800003101259549,3.10125954861018e-07,Jor22,"Jorgenson et al., 2022 (cpx_liq)",P,4.25,,ok,
merapi_2010_0140,merapi_kd028_pass,2010,Un  253  2010-Cpx6-52N,2010-Cpx6-52,273,7367,0.2799907355838421,9.264416157950262e-06,Jor22,"Jorgenson et al., 2022 (cpx_liq)",P,2.0,,ok,
merapi_2010_0141,merapi_kd028_pass,2010,Un  273  2010-Pair1-cpx-E2,2010-Pair1-cpx,277,6618,0.2799872793048427,1.272069515728669e-05,Jor22,"Jorgenson et al., 2022 (cpx_liq)",P,2.4,,ok,
merapi_2010_0142,merapi_kd028_pass,2010,Un  279  2010-CpxBottom-50E,2010-CpxBottom-50,283,2147,0.2799921576202294,7.842379770583996e-06,Jor22,"Jorgenson et al., 2022 (cpx_liq)",P,2.56675,,ok,
merapi_2010_0143,merapi_kd028_pass,2010,Un  281  2010-CpxBottom-49N,2010-CpxBottom-49,285,15424,0.2800310738358642,3.107383586420376e-05,Jor22,"Jorgenson et al., 2022 (cpx_liq)",P,2.25,,ok,
merapi_2010_0144,merapi_kd028_pass,2010,Un  286  2010-CpxBottom-R2,2010-CpxBottom,290,10807,0.2799972476730776,2.752326922428328e-06,Jor22,"Jorgenson et al., 2022 (cpx_liq)",P,2.1792499999999997,,ok,
merapi_2010_0145,merapi_kd028_pass,2010,Un  287  2010-CpxSkull-56N,2010-CpxSkull-56,291,2157,0.2799892466082562,1.075339174383405e-05,Jor22,"Jorgenson et al., 2022 (cpx_liq)",P,2.0067500000000003,,ok,
merapi_2010_0146,merapi_kd028_pass,2010,Un  297  2010-CpxSkull-Rim1,2010-CpxSkull,299,19222,0.2800106561710371,1.065617103707117e-05,Jor22,"Jorgenson et al., 2022 (cpx_liq)",P,2.06,,ok,
merapi_2010_0147,merapi_kd028_pass,2010,Un  300  2010-CpxSkull-Rim2,2010-CpxSkull,302,10692,0.2799953129372731,4.687062726937974e-06,Jor22,"Jorgenson et al., 2022 (cpx_liq)",P,2.74825,,ok,
merapi_2010_0148,merapi_kd028_pass,2010,Un  301  2010-CpxSkull-Rim3,2010-CpxSkull,303,9366,0.2799988713753707,1.128624629309627e-06,Jor22,"Jorgenson et al., 2022 (cpx_liq)",P,2.0366666666666666,,ok,
merapi_2006_0001,merapi_kd028_pass,2006,2006px2 Line 001 ,2006px2,0,9581,0.2799974498225476,2.55017745243169e-06,AgL24,"Ágreda-López et al., 2024 (cpx_liq)",P,5.447605764884162,,ok,
merapi_2006_0002,merapi_kd028_pass,2006,2006px2 Line 002 ,2006px2,1,4919,0.2799870689065713,1.293109342870302e-05,AgL24,"Ágreda-López et al., 2024 (cpx_liq)",P,4.758106498461677,,ok,
merapi_2006_0003,merapi_kd028_pass,2006,2006px2 Line 003 ,2006px2,2,13958,0.2800157045766593,1.570457665922564e-05,AgL24,"Ágreda-López et al., 2024 (cpx_liq)",P,4.468297955986957,,ok,
merapi_2006_0004,merapi_kd028_pass,2006,2006px2 Line 004 ,2006px2,3,16902,0.2799995963332798,4.036667202722555e-07,AgL24,"Ágreda-López et al., 2024 (cpx_liq)",P,4.052936571122154,,ok,
merapi_2006_0005,merapi_kd028_pass,2006,2006px2 Line 005 ,2006px2,4,11378,0.2800001900063491,1.900063490989368e-07,AgL24,"Ágreda-López et al., 2024 (cpx_liq)",P,3.9351476356090687,,ok,
merapi_2006_0006,merapi_kd028_pass,2006,2006px2 Line 011 ,2006px2,10,4745,0.2799668715475006,3.31284524994202e-05,AgL24,"Ágreda-López et al., 2024 (cpx_liq)",P,5.229991742438276,,ok,
merapi_2006_0007,merapi_kd028_pass,2006,2006px2 Line 012 ,2006px2,11,3134,0.2799997359248839,2.640751161631094e-07,AgL24,"Ágreda-López et al., 2024 (cpx_liq)",P,4.64084587936459,,ok,
merapi_2006_0008,merapi_kd028_pass,2006,2006px3 Line 023 ,2006px3,35,5834,0.2799684670032443,3.153299675573429e-05,AgL24,"Ágreda-López et al., 2024 (cpx_liq)",P,4.3213692896488745,,ok,
merapi_2006_0009,merapi_kd028_pass,2006,2006px3 Line 024 ,2006px3,36,17798,0.2800009358429474,9.358429474137786e-07,AgL24,"Ágreda-López et al., 2024 (cpx_liq)",P,4.67282292559604,,ok,
merapi_2006_0010,merapi_kd028_pass,2006,2006px3 Line 025 ,2006px3,37,3428,0.2800156792466391,1.56792466390332e-05,AgL24,"Ágreda-López et al., 2024 (cpx_liq)",P,4.393051849807099,,ok,
merapi_2006_0011,merapi_kd028_pass,2006,2006px3 Line 026 ,2006px3,38,5590,0.2799995436317146,4.56368285384201e-07,AgL24,"Ágreda-López et al., 2024 (cpx_liq)",P,4.492609234613732,,ok,
merapi_2006_0012,merapi_kd028_pass,2006,2006px3 Line 027 ,2006px3,39,2553,0.2800041347572449,4.134757244922405e-06,AgL24,"Ágreda-López et al., 2024 (cpx_liq)",P,3.7488836584881353,,ok,
merapi_2006_0013,merapi_kd028_pass,2006,2006px3 Line 028 ,2006px3,40,10701,0.2799987824852813,1.217514718765411e-06,AgL24,"Ágreda-López et al., 2024 (cpx_liq)",P,4.3348819770111975,,ok,
merapi_2006_0014,merapi_kd028_pass,2006,2006px3 Line 029 ,2006px3,41,16550,0.27999970009488,2.999051200158753e-07,AgL24,"Ágreda-López et al., 2024 (cpx_liq)",P,4.039324108832971,,ok,
merapi_2006_0015,merapi_kd028_pass,2006,2006px3 Line 030 ,2006px3,42,5881,0.280001740402496,1.740402496008819e-06,AgL24,"Ágreda-López et al., 2024 (cpx_liq)",P,4.265419545280158,,ok,
merapi_2006_0016,merapi_kd028_pass,2006,2006px3 Line 031 ,2006px3,43,7032,0.2800079058247457,7.905824745690904e-06,AgL24,"Ágreda-López et al., 2024 (cpx_liq)",P,3.7670383334312696,,ok,
merapi_2006_0017,merapi_kd028_pass,2006,2006px3 Line 032 ,2006px3,44,12524,0.2799786851612204,2.131483877965135e-05,AgL24,"Ágreda-López et al., 2024 (cpx_liq)",P,5.61592879258835,,ok,
merapi_2006_0018,merapi_kd028_pass,2006,2006trav1n Line 001 ,2006trav1,58,14072,0.2800026645370314,2.66453703134939e-06,AgL24,"Ágreda-López et al., 2024 (cpx_liq)",P,4.004971546993159,,ok,
merapi_2006_0019,merapi_kd028_pass,2006,2006trav1n Line 002 ,2006trav1,59,13298,0.2799967368270788,3.263172921208479e-06,AgL24,"Ágreda-López et al., 2024 (cpx_liq)",P,3.9745603673734173,,ok,
merapi_2006_0020,merapi_kd028_pass,2006,2006trav1n Line 017 ,2006trav1,74,19148,0.2800022664781375,2.266478137502581e-06,AgL24,"Ágreda-López et al., 2024 (cpx_liq)",P,3.695585310126641,,ok,
merapi_2006_0021,merapi_kd028_pass,2006,2006trav1n Line 019 ,2006trav1,76,10696,0.2800256233985809,2.562339858092066e-05,AgL24,"Ágreda-López et al., 2024 (cpx_liq)",P,3.9087132773910698,,ok,
merapi_2006_0022,merapi_kd028_pass,2006,2006trav1n Line 020 ,2006trav1,77,9588,0.2800043793820398,4.379382039731983e-06,AgL24,"Ágreda-López et al., 2024 (cpx_liq)",P,4.179828469361246,,ok,
merapi_2006_0023,merapi_kd028_pass,2006,2006trav1n Line 023 ,2006trav1,80,8720,0.2800041179486016,4.117948601556343e-06,AgL24,"Ágreda-López et al., 2024 (cpx_liq)",P,4.2354363619313755,,ok,
merapi_2006_0024,merapi_kd028_pass,2006,2006trav1n Line 024 ,2006trav1,81,2945,0.2799832553448161,1.67446551839201e-05,AgL24,"Ágreda-López et al., 2024 (cpx_liq)",P,4.013371178267527,,ok,
merapi_2006_0025,merapi_kd028_pass,2006,2006trav1n Line 025 ,2006trav1,82,17864,0.2799966439377978,3.356062202253263e-06,AgL24,"Ágreda-López et al., 2024 (cpx_liq)",P,3.998190668493917,,ok,
merapi_2006_0026,merapi_kd028_pass,2006,2006trav1n Line 026 ,2006trav1,83,9461,0.2800025180872135,2.518087213521092e-06,AgL24,"Ágreda-López et al., 2024 (cpx_liq)",P,4.065027329472174,,ok,
merapi_2006_0027,merapi_kd028_pass,2006,2006trav1n Line 028 ,2006trav1,85,3380,0.2800126995628873,1.269956288724172e-05,AgL24,"Ágreda-López et al., 2024 (cpx_liq)",P,3.8978863347812807,,ok,
merapi_2006_0028,merapi_kd028_pass,2006,2006trav1n Line 029 ,2006trav1,86,19486,0.2799759551680616,2.404483193846341e-05,AgL24,"Ágreda-López et al., 2024 (cpx_liq)",P,3.9493320317686154,,ok,
merapi_2006_0029,merapi_kd028_pass,2006,2006trav1n Line 030 ,2006trav1,87,17741,0.2800037470948772,3.747094877160073e-06,AgL24,"Ágreda-López et al., 2024 (cpx_liq)",P,3.7988768942451103,,ok,
merapi_2006_0030,merapi_kd028_pass,2006,2006trav1n Line 031 ,2006trav1,88,14652,0.2799971993555523,2.800644447686906e-06,AgL24,"Ágreda-López et al., 2024 (cpx_liq)",P,3.8056648605806864,,ok,
merapi_2006_0031,merapi_kd028_pass,2006,2006trav1n Line 032 ,2006trav1,89,10065,0.2799724972348179,2.750276518209693e-05,AgL24,"Ágreda-López et al., 2024 (cpx_liq)",P,3.9729672398527303,,ok,
merapi_2006_0032,merapi_kd028_pass,2006,2006trav1n Line 033 ,2006trav1,90,6907,0.2799969238817676,3.076118232414604e-06,AgL24,"Ágreda-López et al., 2024 (cpx_liq)",P,4.187244527039681,,ok,
merapi_2006_0033,merapi_kd028_pass,2006,2006trav1n Line 034 ,2006trav1,91,5036,0.2799912145287365,8.785471263539346e-06,AgL24,"Ágreda-López et al., 2024 (cpx_liq)",P,4.426711984558865,,ok,
merapi_2006_0034,merapi_kd028_pass,2006,2006trav2n  Line 009 ,2006trav2,108,13140,0.2799949264581835,5.073541816558169e-06,AgL24,"Ágreda-López et al., 2024 (cpx_liq)",P,4.275471732856786,,ok,
merapi_2006_0035,merapi_kd028_pass,2006,2006trav2n  Line 010 ,2006trav2,109,7560,0.2799936080720503,6.391927949767062e-06,AgL24,"Ágreda-López et al., 2024 (cpx_liq)",P,4.007889009472008,,ok,
merapi_2006_0036,merapi_kd028_pass,2006,2006trav2n  Line 011 ,2006trav2,110,8900,0.2799962877122568,3.71228774326271e-06,AgL24,"Ágreda-López et al., 2024 (cpx_liq)",P,4.022055413431628,,ok,
merapi_2006_0037,merapi_kd028_pass,2006,2006trav2n  Line 012 ,2006trav2,111,13896,0.2800091551834771,9.1551834770498e-06,AgL24,"Ágreda-López et al., 2024 (cpx_liq)",P,3.960886295429943,,ok,
merapi_2006_0038,merapi_kd028_pass,2006,2006trav2n  Line 013 ,2006trav2,112,18840,0.2799861823323435,1.381766765651271e-05,AgL24,"Ágreda-López et al., 2024 (cpx_liq)",P,4.069756551961715,,ok,
merapi_2006_0039,merapi_kd028_pass,2006,2006trav2n  Line 017 ,2006trav2,116,7030,0.279987146234402,1.285376559800877e-05,AgL24,"Ágreda-López et al., 2024 (cpx_liq)",P,3.6614622851404257,,ok,
merapi_2006_0040,merapi_kd028_pass,2006,Un   95  2006cpx1-80W,2006cpx1-80,135,19746,0.2799973584549343,2.641545065684703e-06,AgL24,"Ágreda-López et al., 2024 (cpx_liq)",P,4.921126734151422,,ok,
merapi_2006_0041,merapi_kd028_pass,2006,Un   96  2006cpx1-test,2006cpx1-test,139,11432,0.2800072280802169,7.228080216914456e-06,AgL24,"Ágreda-López et al., 2024 (cpx_liq)",P,5.32279060269103,,ok,
merapi_2006_0042,merapi_kd028_pass,2006,Un   97  2006cpx1-80E,2006cpx1-80,140,89,0.2799920485428923,7.951457107691073e-06,AgL24,"Ágreda-López et al., 2024 (cpx_liq)",P,4.826818164759456,,ok,
merapi_2010_0043,merapi_kd028_pass,2010,2010-cpx1 Line 002 ,2010-cpx1,0,6018,0.2799998030112246,1.969887754582622e-07,AgL24,"Ágreda-López et al., 2024 (cpx_liq)",P,5.117943954356004,,ok,
merapi_2010_0044,merapi_kd028_pass,2010,2010-cpx1 Line 003 ,2010-cpx1,1,4057,0.2799981517158307,1.848284169325698e-06,AgL24,"Ágreda-López et al., 2024 (cpx_liq)",P,4.678761442007855,,ok,
merapi_2010_0045,merapi_kd028_pass,2010,2010-cpx1 Line 004 ,2010-cpx1,2,5871,0.2799977644084414,2.235591558652494e-06,AgL24,"Ágreda-López et al., 2024 (cpx_liq)",P,5.300642749800766,,ok,
merapi_2010_0046,merapi_kd028_pass,2010,2010-cpx1 Line 005 ,2010-cpx1,3,2435,0.2800051065098412,5.106509841146245e-06,AgL24,"Ágreda-López et al., 2024 (cpx_liq)",P,4.693017806967104,,ok,
merapi_2010_0047,merapi_kd028_pass,2010,2010-cpx1 Line 006 ,2010-cpx1,4,15157,0.2799988812011857,1.118798814370159e-06,AgL24,"Ágreda-López et al., 2024 (cpx_liq)",P,4.741005185041462,,ok,
merapi_2010_0048,merapi_kd028_pass,2010,2010-cpx1 Line 007 ,2010-cpx1,5,257,0.280005844839572,5.844839571944593e-06,AgL24,"Ágreda-López et al., 2024 (cpx_liq)",P,4.782142987125952,,ok,
merapi_2010_0049,merapi_kd028_pass,2010,2010-cpx1 Line 008 ,2010-cpx1,6,1295,0.2800077662750068,7.76627500681526e-06,AgL24,"Ágreda-López et al., 2024 (cpx_liq)",P,4.424567096240458,,ok,
merapi_2010_0050,merapi_kd028_pass,2010,2010-cpx1 Line 009 ,2010-cpx1,7,16888,0.2800021365885482,2.136588548196094e-06,AgL24,"Ágreda-López et al., 2024 (cpx_liq)",P,4.4806689564812725,,ok,
merapi_2010_0051,merapi_kd028_pass,2010,2010-cpx1 Line 010 ,2010-cpx1,8,8856,0.2800015856658248,1.585665824810345e-06,AgL24,"Ágreda-López et al., 2024 (cpx_liq)",P,4.653897857365181,,ok,
merapi_2010_0052,merapi_kd028_pass,2010,2010-cpx1 Line 011 ,2010-cpx1,9,1439,0.2800011849694209,1.184969420919835e-06,AgL24,"Ágreda-López et al., 2024 (cpx_liq)",P,4.7455599377135425,,ok,
merapi_2010_0053,merapi_kd028_pass,2010,2010-cpx1 Line 012 ,2010-cpx1,10,14518,0.2800006107589095,6.107589094472843e-07,AgL24,"Ágreda-López et al., 2024 (cpx_liq)",P,4.815302066370697,,ok,
merapi_2010_0054,merapi_kd028_pass,2010,2010-cpx1 Line 013 ,2010-cpx1,11,16676,0.2800025879305247,2.587930524711179e-06,AgL24,"Ágreda-López et al., 2024 (cpx_liq)",P,4.551283979443911,,ok,
merapi_2010_0055,merapi_kd028_pass,2010,2010-cpx1 Line 014 ,2010-cpx1,12,8688,0.2800010648039675,1.064803967498751e-06,AgL24,"Ágreda-López et al., 2024 (cpx_liq)",P,4.7003008314097245,,ok,
merapi_2010_0056,merapi_kd028_pass,2010,2010-cpx1 Line 015 ,2010-cpx1,13,5877,0.2799969867108625,3.013289137543396e-06,AgL24,"Ágreda-López et al., 2024 (cpx_liq)",P,5.075932712747851,,ok,
merapi_2010_0057,merapi_kd028_pass,2010,2010-cpx1 Line 016 ,2010-cpx1,14,452,0.2799821560205399,1.784397946014149e-05,AgL24,"Ágreda-López et al., 2024 (cpx_liq)",P,5.301058751271774,,ok,
merapi_2010_0058,merapi_kd028_pass,2010,2010-cpx1 Line 017 ,2010-cpx1,15,2032,0.2800006717020297,6.717020297197784e-07,AgL24,"Ágreda-López et al., 2024 (cpx_liq)",P,5.3069492884837866,,ok,
merapi_2010_0059,merapi_kd028_pass,2010,2010-cpx1 Line 018 ,2010-cpx1,16,19283,0.2800046137817918,4.613781791784621e-06,AgL24,"Ágreda-López et al., 2024 (cpx_liq)",P,4.597387083489694,,ok,
merapi_2010_0060,merapi_kd028_pass,2010,2010-cpx1 Line 019 ,2010-cpx1,17,8771,0.2800725605111906,7.256051119058915e-05,AgL24,"Ágreda-López et al., 2024 (cpx_liq)",P,4.650371386179758,,ok,
merapi_2010_0061,merapi_kd028_pass,2010,2010-cpx1 Line 020 ,2010-cpx1,18,5387,0.2800073241282617,7.324128261654295e-06,AgL24,"Ágreda-López et al., 2024 (cpx_liq)",P,4.909218078673378,,ok,
merapi_2010_0062,merapi_kd028_pass,2010,2010-cpx1 Line 021 ,2010-cpx1,19,3489,0.2799965137473102,3.486252689866021e-06,AgL24,"Ágreda-López et al., 2024 (cpx_liq)",P,5.329038803028837,,ok,
merapi_2010_0063,merapi_kd028_pass,2010,nov10_px5an Line 026 ,nov10_px5,84,17229,0.2799933632122469,6.636787753144802e-06,AgL24,"Ágreda-López et al., 2024 (cpx_liq)",P,4.751676195251895,,ok,
merapi_2010_0064,merapi_kd028_pass,2010,nov10_px5an Line 027 ,nov10_px5,85,10975,0.279998405979791,1.594020209050306e-06,AgL24,"Ágreda-López et al., 2024 (cpx_liq)",P,5.273251533677632,,ok,
merapi_2010_0065,merapi_kd028_pass,2010,nov10_px5an Line 028 ,nov10_px5,86,17829,0.2800100678768651,1.006787686508304e-05,AgL24,"Ágreda-López et al., 2024 (cpx_liq)",P,5.003748006646248,,ok,
merapi_2010_0066,merapi_kd028_pass,2010,nov10_px5an Line 029 ,nov10_px5,87,16574,0.2799947642915669,5.235708433082298e-06,AgL24,"Ágreda-López et al., 2024 (cpx_liq)",P,5.047664240573798,,ok,
merapi_2010_0067,merapi_kd028_pass,2010,nov10_px5an Line 030 ,nov10_px5,88,9438,0.2799969807857353,3.019214264765591e-06,AgL24,"Ágreda-López et al., 2024 (cpx_liq)",P,4.374311610539113,,ok,
merapi_2010_0068,merapi_kd028_pass,2010,nov10_px5an Line 031 ,nov10_px5,89,16459,0.2800051022630541,5.102263054057588e-06,AgL24,"Ágreda-López et al., 2024 (cpx_liq)",P,5.297841418794164,,ok,
merapi_2010_0069,merapi_kd028_pass,2010,nov10_px5an Line 032 ,nov10_px5,90,4559,0.280006369562572,6.369562571995058e-06,AgL24,"Ágreda-López et al., 2024 (cpx_liq)",P,5.312307692752546,,ok,
merapi_2010_0070,merapi_kd028_pass,2010,nov10_px5an Line 033 ,nov10_px5,91,6918,0.279989171985401,1.082801459906246e-05,AgL24,"Ágreda-López et al., 2024 (cpx_liq)",P,4.761952467500325,,ok,
merapi_2010_0071,merapi_kd028_pass,2010,nov10_px5an Line 034 ,nov10_px5,92,9687,0.2800279863805439,2.798638054390956e-05,AgL24,"Ágreda-López et al., 2024 (cpx_liq)",P,5.343069992879927,,ok,
merapi_2010_0072,merapi_kd028_pass,2010,nov10_px5an Line 035 ,nov10_px5,93,14424,0.2800076247920927,7.624792092653099e-06,AgL24,"Ágreda-López et al., 2024 (cpx_liq)",P,5.136136794571708,,ok,
merapi_2010_0073,merapi_kd028_pass,2010,nov10_px5an Line 036 ,nov10_px5,94,15711,0.279957811472103,4.218852789705796e-05,AgL24,"Ágreda-López et al., 2024 (cpx_liq)",P,4.947269945861534,,ok,
merapi_2010_0074,merapi_kd028_pass,2010,nov10_px5an Line 037 ,nov10_px5,95,17572,0.2800034736768699,3.473676869869546e-06,AgL24,"Ágreda-López et al., 2024 (cpx_liq)",P,4.553399971198799,,ok,
merapi_2010_0075,merapi_kd028_pass,2010,nov10_px5an Line 038 ,nov10_px5,96,19294,0.2800113853387882,1.138533878813908e-05,AgL24,"Ágreda-López et al., 2024 (cpx_liq)",P,4.6393252658617845,,ok,
merapi_2010_0076,merapi_kd028_pass,2010,nov10_px5an Line 039 ,nov10_px5,97,17149,0.2800314474896073,3.144748960731691e-05,AgL24,"Ágreda-López et al., 2024 (cpx_liq)",P,4.765351357631729,,ok,
merapi_2010_0077,merapi_kd028_pass,2010,nov10_px5an Line 040 ,nov10_px5,98,2050,0.279950692550907,4.930744909298346e-05,AgL24,"Ágreda-López et al., 2024 (cpx_liq)",P,4.577519333026368,,ok,
merapi_2010_0078,merapi_kd028_pass,2010,nov10_px5an Line 041 ,nov10_px5,99,5528,0.279996345939143,3.654060857005703e-06,AgL24,"Ágreda-López et al., 2024 (cpx_liq)",P,4.333813349379251,,ok,
merapi_2010_0079,merapi_kd028_pass,2010,nov10_px5an Line 042 ,nov10_px5,100,798,0.2800264683941149,2.646839411485358e-05,AgL24,"Ágreda-López et al., 2024 (cpx_liq)",P,3.9150694309284315,,ok,
merapi_2010_0080,merapi_kd028_pass,2010,nov10_px5bn Line 020 ,nov10_px5,120,4575,0.2799610569113504,3.894308864965668e-05,AgL24,"Ágreda-López et al., 2024 (cpx_liq)",P,4.333524383744082,,ok,
merapi_2010_0081,merapi_kd028_pass,2010,nov10_px5bn Line 035 ,nov10_px5,135,17245,0.2800006834025761,6.834025760849016e-07,AgL24,"Ágreda-López et al., 2024 (cpx_liq)",P,4.161468247164416,,ok,
merapi_2010_0082,merapi_kd028_pass,2010,nov10_px5bn Line 036 ,nov10_px5,136,4990,0.2800030942003303,3.094200330233665e-06,AgL24,"Ágreda-López et al., 2024 (cpx_liq)",P,4.454574814407322,,ok,
merapi_2010_0083,merapi_kd028_pass,2010,nov10_px5bn Line 037 ,nov10_px5,137,14581,0.2800020652329865,2.065232986458998e-06,AgL24,"Ágreda-López et al., 2024 (cpx_liq)",P,4.646516148432059,,ok,
merapi_2010_0084,merapi_kd028_pass,2010,nov10_px5bn Line 038 ,nov10_px5,138,5241,0.2800028069195141,2.806919514097839e-06,AgL24,"Ágreda-López et al., 2024 (cpx_liq)",P,4.6323999045449575,,ok,
merapi_2010_0085,merapi_kd028_pass,2010,nov10_px5bn Line 039 ,nov10_px5,139,16670,0.2799988743007921,1.125699207960018e-06,AgL24,"Ágreda-López et al., 2024 (cpx_liq)",P,4.377512586471335,,ok,
merapi_2010_0086,merapi_kd028_pass,2010,nov10_px5bn Line 040 ,nov10_px5,140,127,0.2800018784026617,1.878402661636969e-06,AgL24,"Ágreda-López et al., 2024 (cpx_liq)",P,4.664295713267653,,ok,
merapi_2010_0087,merapi_kd028_pass,2010,nov10_px5bn Line 041 ,nov10_px5,141,4082,0.2800013188513222,1.318851322151815e-06,AgL24,"Ágreda-López et al., 2024 (cpx_liq)",P,4.450848793368179,,ok,
merapi_2010_0088,merapi_kd028_pass,2010,nov10_px5bn Line 042 ,nov10_px5,142,11179,0.2800029317436675,2.931743667500264e-06,AgL24,"Ágreda-López et al., 2024 (cpx_liq)",P,4.8798297283585,,ok,
merapi_2010_0089,merapi_kd028_pass,2010,nov10_px5cn Line 027 ,nov10_px5,169,8360,0.2800355603519092,3.556035190921403e-05,AgL24,"Ágreda-López et al., 2024 (cpx_liq)",P,4.669378782355731,,ok,
merapi_2010_0090,merapi_kd028_pass,2010,nov10_px5cn Line 028 ,nov10_px5,170,10692,0.280010041862024,1.00418620239684e-05,AgL24,"Ágreda-López et al., 2024 (cpx_liq)",P,4.040394917337635,,ok,
merapi_2010_0091,merapi_kd028_pass,2010,nov10_px5cn Line 029 ,nov10_px5,171,5211,0.2799959499111569,4.050088843077226e-06,AgL24,"Ágreda-López et al., 2024 (cpx_liq)",P,4.622904384729665,,ok,
merapi_2010_0092,merapi_kd028_pass,2010,nov10_px5cn Line 030 ,nov10_px5,172,4070,0.2799978980475839,2.101952416122543e-06,AgL24,"Ágreda-López et al., 2024 (cpx_liq)",P,4.58654051302544,,ok,
merapi_2010_0093,merapi_kd028_pass,2010,nov10_px5cn Line 031 ,nov10_px5,173,10188,0.2799935557963997,6.444203600353138e-06,AgL24,"Ágreda-López et al., 2024 (cpx_liq)",P,4.777210943473612,,ok,
merapi_2010_0094,merapi_kd028_pass,2010,nov10_px5cn Line 032 ,nov10_px5,174,8753,0.2799985030544663,1.496945533752125e-06,AgL24,"Ágreda-López et al., 2024 (cpx_liq)",P,4.559831364844941,,ok,
merapi_2010_0095,merapi_kd028_pass,2010,nov10_px5cn Line 033 ,nov10_px5,175,11365,0.2800044647547743,4.464754774224922e-06,AgL24,"Ágreda-López et al., 2024 (cpx_liq)",P,4.637681978268578,,ok,
merapi_2010_0096,merapi_kd028_pass,2010,nov10_px5cn Line 034 ,nov10_px5,176,1381,0.2799976878007022,2.312199297860307e-06,AgL24,"Ágreda-López et al., 2024 (cpx_liq)",P,4.780002460552982,,ok,
merapi_2010_0097,merapi_kd028_pass,2010,nov10_px5cn Line 035 ,nov10_px5,177,15978,0.279998997814827,1.002185173015757e-06,AgL24,"Ágreda-López et al., 2024 (cpx_liq)",P,4.95920259093948,,ok,
merapi_2010_0098,merapi_kd028_pass,2010,nov10_px5cn Line 036 ,nov10_px5,178,8902,0.2800031271665638,3.127166563754447e-06,AgL24,"Ágreda-López et al., 2024 (cpx_liq)",P,5.0058645436193165,,ok,
merapi_2010_0099,merapi_kd028_pass,2010,nov10_px5cn Line 037 ,nov10_px5,179,14293,0.2800024680425633,2.468042563263939e-06,AgL24,"Ágreda-López et al., 2024 (cpx_liq)",P,4.386511957743225,,ok,
merapi_2010_0100,merapi_kd028_pass,2010,nov10_px5cn Line 038 ,nov10_px5,180,12852,0.2800010792607041,1.079260704084373e-06,AgL24,"Ágreda-López et al., 2024 (cpx_liq)",P,4.915674552355779,,ok,
merapi_2010_0101,merapi_kd028_pass,2010,nov10_px5cn Line 039 ,nov10_px5,181,81,0.2800027112246111,2.711224611040564e-06,AgL24,"Ágreda-López et al., 2024 (cpx_liq)",P,4.648092374189179,,ok,
merapi_2010_0102,merapi_kd028_pass,2010,nov10_px5cn Line 040 ,nov10_px5,182,160,0.2800081154584018,8.11545840173622e-06,AgL24,"Ágreda-López et al., 2024 (cpx_liq)",P,4.974027073241834,,ok,
merapi_2010_0103,merapi_kd028_pass,2010,nov10_px5cn Line 041 ,nov10_px5,183,14033,0.2799970809354401,2.919064559958606e-06,AgL24,"Ágreda-López et al., 2024 (cpx_liq)",P,4.325798642139655,,ok,
merapi_2010_0104,merapi_kd028_pass,2010,nov10_px5cn Line 042 ,nov10_px5,184,11589,0.2800003808783538,3.808783537451177e-07,AgL24,"Ágreda-López et al., 2024 (cpx_liq)",P,4.847695659291334,,ok,
merapi_2010_0105,merapi_kd028_pass,2010,nov10_px6bn Line 022 ,nov10_px6,206,5838,0.2799975763316663,2.423668333695339e-06,AgL24,"Ágreda-López et al., 2024 (cpx_liq)",P,4.6865869585391415,,ok,
merapi_2010_0106,merapi_kd028_pass,2010,nov10_px6bn Line 023 ,nov10_px6,207,12299,0.2799929724821653,7.027517834767849e-06,AgL24,"Ágreda-López et al., 2024 (cpx_liq)",P,5.0835843046798574,,ok,
merapi_2010_0107,merapi_kd028_pass,2010,nov10_px6bn Line 024 ,nov10_px6,208,8066,0.2799979396071882,2.060392811809031e-06,AgL24,"Ágreda-López et al., 2024 (cpx_liq)",P,3.6599378551103636,,ok,
merapi_2010_0108,merapi_kd028_pass,2010,nov10_px6bn Line 025 ,nov10_px6,209,2000,0.2800115110848241,1.151108482405627e-05,AgL24,"Ágreda-López et al., 2024 (cpx_liq)",P,4.003257381036608,,ok,
merapi_2010_0109,merapi_kd028_pass,2010,nov10_px6bn Line 026 ,nov10_px6,210,4024,0.280001245370136,1.245370135960489e-06,AgL24,"Ágreda-López et al., 2024 (cpx_liq)",P,4.405158419484326,,ok,
merapi_2010_0110,merapi_kd028_pass,2010,nov10_px6bn Line 027 ,nov10_px6,211,16911,0.2799848953098698,1.510469013021876e-05,AgL24,"Ágreda-López et al., 2024 (cpx_liq)",P,4.787486125285683,,ok,
merapi_2010_0111,merapi_kd028_pass,2010,nov10_px6bn Line 028 ,nov10_px6,212,16798,0.2800080151835502,8.015183550147409e-06,AgL24,"Ágreda-López et al., 2024 (cpx_liq)",P,4.058603568880546,,ok,
merapi_2010_0112,merapi_kd028_pass,2010,nov10_px6bn Line 029 ,nov10_px6,213,13586,0.2800028263253634,2.826325363414206e-06,AgL24,"Ágreda-López et al., 2024 (cpx_liq)",P,4.235284791277456,,ok,
merapi_2010_0113,merapi_kd028_pass,2010,nov10_px6bn Line 030 ,nov10_px6,214,17483,0.2800353341079006,3.533410790057534e-05,AgL24,"Ágreda-López et al., 2024 (cpx_liq)",P,4.641953217487285,,ok,
merapi_2010_0114,merapi_kd028_pass,2010,nov10_px6bn Line 031 ,nov10_px6,215,18016,0.2799966796108934,3.320389106609145e-06,AgL24,"Ágreda-López et al., 2024 (cpx_liq)",P,3.9691289038685973,,ok,
merapi_2010_0115,merapi_kd028_pass,2010,nov10_px6bn Line 032 ,nov10_px6,216,4728,0.2799866525462,1.334745380004998e-05,AgL24,"Ágreda-López et al., 2024 (cpx_liq)",P,4.42412655995137,,ok,
merapi_2010_0116,merapi_kd028_pass,2010,nov10_px6bn Line 033 ,nov10_px6,217,4355,0.280003212463115,3.212463115020991e-06,AgL24,"Ágreda-López et al., 2024 (cpx_liq)",P,4.98853805509094,,ok,
merapi_2010_0117,merapi_kd028_pass,2010,oct10-px4a Line 001 ,oct10-px4a,218,3892,0.2800088174441775,8.817444177466882e-06,AgL24,"Ágreda-López et al., 2024 (cpx_liq)",P,4.143735571092265,,ok,
merapi_2010_0118,merapi_kd028_pass,2010,oct10-px4a Line 002 ,oct10-px4a,219,7828,0.2799665652974266,3.343470257344272e-05,AgL24,"Ágreda-López et al., 2024 (cpx_liq)",P,4.723045698206611,,ok,
merapi_2010_0119,merapi_kd028_pass,2010,oct10-px4a Line 008 ,oct10-px4a,225,14045,0.2800199062319113,1.990623191128194e-05,AgL24,"Ágreda-López et al., 2024 (cpx_liq)",P,6.613955032026357,,ok,
merapi_2010_0120,merapi_kd028_pass,2010,oct10-px4a Line 009 ,oct10-px4a,226,13348,0.2800058843242761,5.884324276117514e-06,AgL24,"Ágreda-López et al., 2024 (cpx_liq)",P,4.49632871303472,,ok,
merapi_2010_0121,merapi_kd028_pass,2010,oct10-px4a Line 011 ,oct10-px4a,227,7173,0.2800390814738258,3.908147382575278e-05,AgL24,"Ágreda-López et al., 2024 (cpx_liq)",P,4.571379631106294,,ok,
merapi_2010_0122,merapi_kd028_pass,2010,oct10-px4a Line 012 ,oct10-px4a,228,16050,0.2799826242196712,1.737578032878773e-05,AgL24,"Ágreda-López et al., 2024 (cpx_liq)",P,5.063615688853313,,ok,
merapi_2010_0123,merapi_kd028_pass,2010,oct10-px4a Line 015 ,oct10-px4a,231,8081,0.2799973712794988,2.628720501274273e-06,AgL24,"Ágreda-López et al., 2024 (cpx_liq)",P,5.8666102976248125,,ok,
merapi_2010_0124,merapi_kd028_pass,2010,oct10-px4a Line 017 ,oct10-px4a,233,5508,0.2799943694425442,5.630557455782448e-06,AgL24,"Ágreda-López et al., 2024 (cpx_liq)",P,4.403130753074526,,ok,
merapi_2010_0125,merapi_kd028_pass,2010,oct10-px4a Line 018 ,oct10-px4a,234,15738,0.2799929769501922,7.023049807819426e-06,AgL24,"Ágreda-López et al., 2024 (cpx_liq)",P,4.3201807140174235,,ok,
merapi_2010_0126,merapi_kd028_pass,2010,oct10-px7a Line 003 ,oct10-px7a,237,1018,0.2799773514750729,2.264852492711578e-05,AgL24,"Ágreda-López et al., 2024 (cpx_liq)",P,4.468253248096232,,ok,
merapi_2010_0127,merapi_kd028_pass,2010,Un  207  2010-Cpx1-60S,2010-Cpx1-60,259,6010,0.2800185298718917,1.852987189171484e-05,AgL24,"Ágreda-López et al., 2024 (cpx_liq)",P,3.4935356310527803,,ok,
merapi_2010_0128,merapi_kd028_pass,2010,Un  208  2010-Cpx1-60E,2010-Cpx1-60,260,15630,0.2800210555938312,2.105559383119848e-05,AgL24,"Ágreda-López et al., 2024 (cpx_liq)",P,3.4203027430009643,,ok,
merapi_2010_0129,merapi_kd028_pass,2010,Un  209  2010-Cpx1-Core1,2010-Cpx1-CORE,261,9023,0.2800248773529943,2.487735299427918e-05,AgL24,"Ágreda-López et al., 2024 (cpx_liq)",P,3.2870650503699226,,ok,
merapi_2010_0130,merapi_kd028_pass,2010,Un  210  2010-Cpx1-Core2,2010-Cpx1-CORE,262,8312,0.2799934040601317,6.595939868347944e-06,AgL24,"Ágreda-López et al., 2024 (cpx_liq)",P,4.054993134095471,,ok,
merapi_2010_0131,merapi_kd028_pass,2010,Un  211  2010-Cpx1-Core3,2010-Cpx1-CORE,263,16842,0.2800018738159906,1.873815990593997e-06,AgL24,"Ágreda-López et al., 2024 (cpx_liq)",P,3.5988690572537183,,ok,
merapi_2010_0132,merapi_kd028_pass,2010,Un  212  2010-Cpx1-61W,2010-Cpx1-61,264,9373,0.2800080710201749,8.071020174860166e-06,AgL24,"Ágreda-López et al., 2024 (cpx_liq)",P,3.282723750615141,,ok,
merapi_2010_0133,merapi_kd028_pass,2010,Un  213  2010-Cpx1-61E,2010-Cpx1-61,265,11782,0.279988138916497,1.18610835029842e-05,AgL24,"Ágreda-López et al., 2024 (cpx_liq)",P,3.831773178327306,,ok,
merapi_2010_0134,merapi_kd028_pass,2010,Un  214  2010-Cpx1-61N,2010-Cpx1-61,266,18560,0.2799839428361771,1.605716382291345e-05,AgL24,"Ágreda-López et al., 2024 (cpx_liq)",P,3.7845867257587282,,ok,
merapi_2010_0135,merapi_kd028_pass,2010,Un  216  2010-Cpx1-62W,2010-Cpx1-62,267,9894,0.27995379187536,4.620812464006807e-05,AgL24,"Ágreda-López et al., 2024 (cpx_liq)",P,4.217390730624154,,ok,
merapi_2010_0136,merapi_kd028_pass,2010,Un  219  2010-Cpx1-RIM3,2010-Cpx1-RIM,268,17348,0.2799836140156229,1.638598437708749e-05,AgL24,"Ágreda-López et al., 2024 (cpx_liq)",P,4.510892581047243,,ok,
merapi_2010_0137,merapi_kd028_pass,2010,Un  220  2010-Cpx1-Core4,2010-Cpx1-CORE,269,17822,0.2799927645626315,7.235437368524611e-06,AgL24,"Ágreda-López et al., 2024 (cpx_liq)",P,4.028204384060755,,ok,
merapi_2010_0138,merapi_kd028_pass,2010,Un  221  2010-Cpx1-Core5,2010-Cpx1-CORE,270,15694,0.2799967501740619,3.249825938078654e-06,AgL24,"Ágreda-López et al., 2024 (cpx_liq)",P,3.9468174855244644,,ok,
merapi_2010_0139,merapi_kd028_pass,2010,Un  222  2010-Cpx1-Rim4,2010-Cpx1-RIM,271,11854,0.2800003101259549,3.10125954861018e-07,AgL24,"Ágreda-López et al., 2024 (cpx_liq)",P,4.527125907125593,,ok,
merapi_2010_0140,merapi_kd028_pass,2010,Un  253  2010-Cpx6-52N,2010-Cpx6-52,273,7367,0.2799907355838421,9.264416157950262e-06,AgL24,"Ágreda-López et al., 2024 (cpx_liq)",P,5.211895951058535,,ok,
merapi_2010_0141,merapi_kd028_pass,2010,Un  273  2010-Pair1-cpx-E2,2010-Pair1-cpx,277,6618,0.2799872793048427,1.272069515728669e-05,AgL24,"Ágreda-López et al., 2024 (cpx_liq)",P,3.9735615276684557,,ok,
merapi_2010_0142,merapi_kd028_pass,2010,Un  279  2010-CpxBottom-50E,2010-CpxBottom-50,283,2147,0.2799921576202294,7.842379770583996e-06,AgL24,"Ágreda-López et al., 2024 (cpx_liq)",P,4.972395780448578,,ok,
merapi_2010_0143,merapi_kd028_pass,2010,Un  281  2010-CpxBottom-49N,2010-CpxBottom-49,285,15424,0.2800310738358642,3.107383586420376e-05,AgL24,"Ágreda-López et al., 2024 (cpx_liq)",P,3.8334279155022837,,ok,
merapi_2010_0144,merapi_kd028_pass,2010,Un  286  2010-CpxBottom-R2,2010-CpxBottom,290,10807,0.2799972476730776,2.752326922428328e-06,AgL24,"Ágreda-López et al., 2024 (cpx_liq)",P,3.7053316303045336,,ok,
merapi_2010_0145,merapi_kd028_pass,2010,Un  287  2010-CpxSkull-56N,2010-CpxSkull-56,291,2157,0.2799892466082562,1.075339174383405e-05,AgL24,"Ágreda-López et al., 2024 (cpx_liq)",P,4.0999730886913515,,ok,
merapi_2010_0146,merapi_kd028_pass,2010,Un  297  2010-CpxSkull-Rim1,2010-CpxSkull,299,19222,0.2800106561710371,1.065617103707117e-05,AgL24,"Ágreda-López et al., 2024 (cpx_liq)",P,4.257163306387016,,ok,
merapi_2010_0147,merapi_kd028_pass,2010,Un  300  2010-CpxSkull-Rim2,2010-CpxSkull,302,10692,0.2799953129372731,4.687062726937974e-06,AgL24,"Ágreda-López et al., 2024 (cpx_liq)",P,3.8813313299769883,,ok,
merapi_2010_0148,merapi_kd028_pass,2010,Un  301  2010-CpxSkull-Rim3,2010-CpxSkull,303,9366,0.2799988713753707,1.128624629309627e-06,AgL24,"Ágreda-López et al., 2024 (cpx_liq)",P,4.389652414457515,,ok,
merapi_2006_0001,merapi_kd028_pass,2006,2006px2 Line 001 ,2006px2,0,9581,0.2799974498225476,2.55017745243169e-06,Chi23,"Chicchi et al., 2023 (cpx_liq)",P,4.5,,ok,
merapi_2006_0002,merapi_kd028_pass,2006,2006px2 Line 002 ,2006px2,1,4919,0.2799870689065713,1.293109342870302e-05,Chi23,"Chicchi et al., 2023 (cpx_liq)",P,3.5999999046325684,,ok,
merapi_2006_0003,merapi_kd028_pass,2006,2006px2 Line 003 ,2006px2,2,13958,0.2800157045766593,1.570457665922564e-05,Chi23,"Chicchi et al., 2023 (cpx_liq)",P,3.0999999046325684,,ok,
merapi_2006_0004,merapi_kd028_pass,2006,2006px2 Line 004 ,2006px2,3,16902,0.2799995963332798,4.036667202722555e-07,Chi23,"Chicchi et al., 2023 (cpx_liq)",P,3.5,,ok,
merapi_2006_0005,merapi_kd028_pass,2006,2006px2 Line 005 ,2006px2,4,11378,0.2800001900063491,1.900063490989368e-07,Chi23,"Chicchi et al., 2023 (cpx_liq)",P,3.9000000953674316,,ok,
merapi_2006_0006,merapi_kd028_pass,2006,2006px2 Line 011 ,2006px2,10,4745,0.2799668715475006,3.31284524994202e-05,Chi23,"Chicchi et al., 2023 (cpx_liq)",P,3.799999952316284,,ok,
merapi_2006_0007,merapi_kd028_pass,2006,2006px2 Line 012 ,2006px2,11,3134,0.2799997359248839,2.640751161631094e-07,Chi23,"Chicchi et al., 2023 (cpx_liq)",P,3.5,,ok,
merapi_2006_0008,merapi_kd028_pass,2006,2006px3 Line 023 ,2006px3,35,5834,0.2799684670032443,3.153299675573429e-05,Chi23,"Chicchi et al., 2023 (cpx_liq)",P,3.0999999046325684,,ok,
merapi_2006_0009,merapi_kd028_pass,2006,2006px3 Line 024 ,2006px3,36,17798,0.2800009358429474,9.358429474137786e-07,Chi23,"Chicchi et al., 2023 (cpx_liq)",P,3.0,,ok,
merapi_2006_0010,merapi_kd028_pass,2006,2006px3 Line 025 ,2006px3,37,3428,0.2800156792466391,1.56792466390332e-05,Chi23,"Chicchi et al., 2023 (cpx_liq)",P,3.299999952316284,,ok,
merapi_2006_0011,merapi_kd028_pass,2006,2006px3 Line 026 ,2006px3,38,5590,0.2799995436317146,4.56368285384201e-07,Chi23,"Chicchi et al., 2023 (cpx_liq)",P,3.5,,ok,
merapi_2006_0012,merapi_kd028_pass,2006,2006px3 Line 027 ,2006px3,39,2553,0.2800041347572449,4.134757244922405e-06,Chi23,"Chicchi et al., 2023 (cpx_liq)",P,4.300000190734863,,ok,
merapi_2006_0013,merapi_kd028_pass,2006,2006px3 Line 028 ,2006px3,40,10701,0.2799987824852813,1.217514718765411e-06,Chi23,"Chicchi et al., 2023 (cpx_liq)",P,3.299999952316284,,ok,
merapi_2006_0014,merapi_kd028_pass,2006,2006px3 Line 029 ,2006px3,41,16550,0.27999970009488,2.999051200158753e-07,Chi23,"Chicchi et al., 2023 (cpx_liq)",P,3.299999952316284,,ok,
merapi_2006_0015,merapi_kd028_pass,2006,2006px3 Line 030 ,2006px3,42,5881,0.280001740402496,1.740402496008819e-06,Chi23,"Chicchi et al., 2023 (cpx_liq)",P,4.5,,ok,
merapi_2006_0016,merapi_kd028_pass,2006,2006px3 Line 031 ,2006px3,43,7032,0.2800079058247457,7.905824745690904e-06,Chi23,"Chicchi et al., 2023 (cpx_liq)",P,3.5999999046325684,,ok,
merapi_2006_0017,merapi_kd028_pass,2006,2006px3 Line 032 ,2006px3,44,12524,0.2799786851612204,2.131483877965135e-05,Chi23,"Chicchi et al., 2023 (cpx_liq)",P,3.799999952316284,,ok,
merapi_2006_0018,merapi_kd028_pass,2006,2006trav1n Line 001 ,2006trav1,58,14072,0.2800026645370314,2.66453703134939e-06,Chi23,"Chicchi et al., 2023 (cpx_liq)",P,3.0999999046325684,,ok,
merapi_2006_0019,merapi_kd028_pass,2006,2006trav1n Line 002 ,2006trav1,59,13298,0.2799967368270788,3.263172921208479e-06,Chi23,"Chicchi et al., 2023 (cpx_liq)",P,3.0,,ok,
merapi_2006_0020,merapi_kd028_pass,2006,2006trav1n Line 017 ,2006trav1,74,19148,0.2800022664781375,2.266478137502581e-06,Chi23,"Chicchi et al., 2023 (cpx_liq)",P,3.5,,ok,
merapi_2006_0021,merapi_kd028_pass,2006,2006trav1n Line 019 ,2006trav1,76,10696,0.2800256233985809,2.562339858092066e-05,Chi23,"Chicchi et al., 2023 (cpx_liq)",P,3.4000000953674316,,ok,
merapi_2006_0022,merapi_kd028_pass,2006,2006trav1n Line 020 ,2006trav1,77,9588,0.2800043793820398,4.379382039731983e-06,Chi23,"Chicchi et al., 2023 (cpx_liq)",P,3.299999952316284,,ok,
merapi_2006_0023,merapi_kd028_pass,2006,2006trav1n Line 023 ,2006trav1,80,8720,0.2800041179486016,4.117948601556343e-06,Chi23,"Chicchi et al., 2023 (cpx_liq)",P,3.4000000953674316,,ok,
merapi_2006_0024,merapi_kd028_pass,2006,2006trav1n Line 024 ,2006trav1,81,2945,0.2799832553448161,1.67446551839201e-05,Chi23,"Chicchi et al., 2023 (cpx_liq)",P,3.299999952316284,,ok,
merapi_2006_0025,merapi_kd028_pass,2006,2006trav1n Line 025 ,2006trav1,82,17864,0.2799966439377978,3.356062202253263e-06,Chi23,"Chicchi et al., 2023 (cpx_liq)",P,3.4000000953674316,,ok,
merapi_2006_0026,merapi_kd028_pass,2006,2006trav1n Line 026 ,2006trav1,83,9461,0.2800025180872135,2.518087213521092e-06,Chi23,"Chicchi et al., 2023 (cpx_liq)",P,3.299999952316284,,ok,
merapi_2006_0027,merapi_kd028_pass,2006,2006trav1n Line 028 ,2006trav1,85,3380,0.2800126995628873,1.269956288724172e-05,Chi23,"Chicchi et al., 2023 (cpx_liq)",P,3.799999952316284,,ok,
merapi_2006_0028,merapi_kd028_pass,2006,2006trav1n Line 029 ,2006trav1,86,19486,0.2799759551680616,2.404483193846341e-05,Chi23,"Chicchi et al., 2023 (cpx_liq)",P,3.5,,ok,
merapi_2006_0029,merapi_kd028_pass,2006,2006trav1n Line 030 ,2006trav1,87,17741,0.2800037470948772,3.747094877160073e-06,Chi23,"Chicchi et al., 2023 (cpx_liq)",P,3.299999952316284,,ok,
merapi_2006_0030,merapi_kd028_pass,2006,2006trav1n Line 031 ,2006trav1,88,14652,0.2799971993555523,2.800644447686906e-06,Chi23,"Chicchi et al., 2023 (cpx_liq)",P,3.9000000953674316,,ok,
merapi_2006_0031,merapi_kd028_pass,2006,2006trav1n Line 032 ,2006trav1,89,10065,0.2799724972348179,2.750276518209693e-05,Chi23,"Chicchi et al., 2023 (cpx_liq)",P,3.4000000953674316,,ok,
merapi_2006_0032,merapi_kd028_pass,2006,2006trav1n Line 033 ,2006trav1,90,6907,0.2799969238817676,3.076118232414604e-06,Chi23,"Chicchi et al., 2023 (cpx_liq)",P,3.299999952316284,,ok,
merapi_2006_0033,merapi_kd028_pass,2006,2006trav1n Line 034 ,2006trav1,91,5036,0.2799912145287365,8.785471263539346e-06,Chi23,"Chicchi et al., 2023 (cpx_liq)",P,3.4000000953674316,,ok,
merapi_2006_0034,merapi_kd028_pass,2006,2006trav2n  Line 009 ,2006trav2,108,13140,0.2799949264581835,5.073541816558169e-06,Chi23,"Chicchi et al., 2023 (cpx_liq)",P,4.5,,ok,
merapi_2006_0035,merapi_kd028_pass,2006,2006trav2n  Line 010 ,2006trav2,109,7560,0.2799936080720503,6.391927949767062e-06,Chi23,"Chicchi et al., 2023 (cpx_liq)",P,3.299999952316284,,ok,
merapi_2006_0036,merapi_kd028_pass,2006,2006trav2n  Line 011 ,2006trav2,110,8900,0.2799962877122568,3.71228774326271e-06,Chi23,"Chicchi et al., 2023 (cpx_liq)",P,3.0999999046325684,,ok,
merapi_2006_0037,merapi_kd028_pass,2006,2006trav2n  Line 012 ,2006trav2,111,13896,0.2800091551834771,9.1551834770498e-06,Chi23,"Chicchi et al., 2023 (cpx_liq)",P,3.5999999046325684,,ok,
merapi_2006_0038,merapi_kd028_pass,2006,2006trav2n  Line 013 ,2006trav2,112,18840,0.2799861823323435,1.381766765651271e-05,Chi23,"Chicchi et al., 2023 (cpx_liq)",P,3.0999999046325684,,ok,
merapi_2006_0039,merapi_kd028_pass,2006,2006trav2n  Line 017 ,2006trav2,116,7030,0.279987146234402,1.285376559800877e-05,Chi23,"Chicchi et al., 2023 (cpx_liq)",P,3.5999999046325684,,ok,
merapi_2006_0040,merapi_kd028_pass,2006,Un   95  2006cpx1-80W,2006cpx1-80,135,19746,0.2799973584549343,2.641545065684703e-06,Chi23,"Chicchi et al., 2023 (cpx_liq)",P,3.200000047683716,,ok,
merapi_2006_0041,merapi_kd028_pass,2006,Un   96  2006cpx1-test,2006cpx1-test,139,11432,0.2800072280802169,7.228080216914456e-06,Chi23,"Chicchi et al., 2023 (cpx_liq)",P,3.0,,ok,
merapi_2006_0042,merapi_kd028_pass,2006,Un   97  2006cpx1-80E,2006cpx1-80,140,89,0.2799920485428923,7.951457107691073e-06,Chi23,"Chicchi et al., 2023 (cpx_liq)",P,4.699999809265137,,ok,
merapi_2010_0043,merapi_kd028_pass,2010,2010-cpx1 Line 002 ,2010-cpx1,0,6018,0.2799998030112246,1.969887754582622e-07,Chi23,"Chicchi et al., 2023 (cpx_liq)",P,5.199999809265137,,ok,
merapi_2010_0044,merapi_kd028_pass,2010,2010-cpx1 Line 003 ,2010-cpx1,1,4057,0.2799981517158307,1.848284169325698e-06,Chi23,"Chicchi et al., 2023 (cpx_liq)",P,3.5999999046325684,,ok,
merapi_2010_0045,merapi_kd028_pass,2010,2010-cpx1 Line 004 ,2010-cpx1,2,5871,0.2799977644084414,2.235591558652494e-06,Chi23,"Chicchi et al., 2023 (cpx_liq)",P,3.9000000953674316,,ok,
merapi_2010_0046,merapi_kd028_pass,2010,2010-cpx1 Line 005 ,2010-cpx1,3,2435,0.2800051065098412,5.106509841146245e-06,Chi23,"Chicchi et al., 2023 (cpx_liq)",P,3.5,,ok,
merapi_2010_0047,merapi_kd028_pass,2010,2010-cpx1 Line 006 ,2010-cpx1,4,15157,0.2799988812011857,1.118798814370159e-06,Chi23,"Chicchi et al., 2023 (cpx_liq)",P,3.200000047683716,,ok,
merapi_2010_0048,merapi_kd028_pass,2010,2010-cpx1 Line 007 ,2010-cpx1,5,257,0.280005844839572,5.844839571944593e-06,Chi23,"Chicchi et al., 2023 (cpx_liq)",P,3.4000000953674316,,ok,
merapi_2010_0049,merapi_kd028_pass,2010,2010-cpx1 Line 008 ,2010-cpx1,6,1295,0.2800077662750068,7.76627500681526e-06,Chi23,"Chicchi et al., 2023 (cpx_liq)",P,3.200000047683716,,ok,
merapi_2010_0050,merapi_kd028_pass,2010,2010-cpx1 Line 009 ,2010-cpx1,7,16888,0.2800021365885482,2.136588548196094e-06,Chi23,"Chicchi et al., 2023 (cpx_liq)",P,3.4000000953674316,,ok,
merapi_2010_0051,merapi_kd028_pass,2010,2010-cpx1 Line 010 ,2010-cpx1,8,8856,0.2800015856658248,1.585665824810345e-06,Chi23,"Chicchi et al., 2023 (cpx_liq)",P,3.299999952316284,,ok,
merapi_2010_0052,merapi_kd028_pass,2010,2010-cpx1 Line 011 ,2010-cpx1,9,1439,0.2800011849694209,1.184969420919835e-06,Chi23,"Chicchi et al., 2023 (cpx_liq)",P,3.9000000953674316,,ok,
merapi_2010_0053,merapi_kd028_pass,2010,2010-cpx1 Line 012 ,2010-cpx1,10,14518,0.2800006107589095,6.107589094472843e-07,Chi23,"Chicchi et al., 2023 (cpx_liq)",P,3.799999952316284,,ok,
merapi_2010_0054,merapi_kd028_pass,2010,2010-cpx1 Line 013 ,2010-cpx1,11,16676,0.2800025879305247,2.587930524711179e-06,Chi23,"Chicchi et al., 2023 (cpx_liq)",P,2.5999999046325684,,ok,
merapi_2010_0055,merapi_kd028_pass,2010,2010-cpx1 Line 014 ,2010-cpx1,12,8688,0.2800010648039675,1.064803967498751e-06,Chi23,"Chicchi et al., 2023 (cpx_liq)",P,2.5999999046325684,,ok,
merapi_2010_0056,merapi_kd028_pass,2010,2010-cpx1 Line 015 ,2010-cpx1,13,5877,0.2799969867108625,3.013289137543396e-06,Chi23,"Chicchi et al., 2023 (cpx_liq)",P,3.299999952316284,,ok,
merapi_2010_0057,merapi_kd028_pass,2010,2010-cpx1 Line 016 ,2010-cpx1,14,452,0.2799821560205399,1.784397946014149e-05,Chi23,"Chicchi et al., 2023 (cpx_liq)",P,3.299999952316284,,ok,
merapi_2010_0058,merapi_kd028_pass,2010,2010-cpx1 Line 017 ,2010-cpx1,15,2032,0.2800006717020297,6.717020297197784e-07,Chi23,"Chicchi et al., 2023 (cpx_liq)",P,3.200000047683716,,ok,
merapi_2010_0059,merapi_kd028_pass,2010,2010-cpx1 Line 018 ,2010-cpx1,16,19283,0.2800046137817918,4.613781791784621e-06,Chi23,"Chicchi et al., 2023 (cpx_liq)",P,3.200000047683716,,ok,
merapi_2010_0060,merapi_kd028_pass,2010,2010-cpx1 Line 019 ,2010-cpx1,17,8771,0.2800725605111906,7.256051119058915e-05,Chi23,"Chicchi et al., 2023 (cpx_liq)",P,4.099999904632568,,ok,
merapi_2010_0061,merapi_kd028_pass,2010,2010-cpx1 Line 020 ,2010-cpx1,18,5387,0.2800073241282617,7.324128261654295e-06,Chi23,"Chicchi et al., 2023 (cpx_liq)",P,4.300000190734863,,ok,
merapi_2010_0062,merapi_kd028_pass,2010,2010-cpx1 Line 021 ,2010-cpx1,19,3489,0.2799965137473102,3.486252689866021e-06,Chi23,"Chicchi et al., 2023 (cpx_liq)",P,5.300000190734863,,ok,
merapi_2010_0063,merapi_kd028_pass,2010,nov10_px5an Line 026 ,nov10_px5,84,17229,0.2799933632122469,6.636787753144802e-06,Chi23,"Chicchi et al., 2023 (cpx_liq)",P,4.0,,ok,
merapi_2010_0064,merapi_kd028_pass,2010,nov10_px5an Line 027 ,nov10_px5,85,10975,0.279998405979791,1.594020209050306e-06,Chi23,"Chicchi et al., 2023 (cpx_liq)",P,3.799999952316284,,ok,
merapi_2010_0065,merapi_kd028_pass,2010,nov10_px5an Line 028 ,nov10_px5,86,17829,0.2800100678768651,1.006787686508304e-05,Chi23,"Chicchi et al., 2023 (cpx_liq)",P,3.4000000953674316,,ok,
merapi_2010_0066,merapi_kd028_pass,2010,nov10_px5an Line 029 ,nov10_px5,87,16574,0.2799947642915669,5.235708433082298e-06,Chi23,"Chicchi et al., 2023 (cpx_liq)",P,3.4000000953674316,,ok,
merapi_2010_0067,merapi_kd028_pass,2010,nov10_px5an Line 030 ,nov10_px5,88,9438,0.2799969807857353,3.019214264765591e-06,Chi23,"Chicchi et al., 2023 (cpx_liq)",P,3.299999952316284,,ok,
merapi_2010_0068,merapi_kd028_pass,2010,nov10_px5an Line 031 ,nov10_px5,89,16459,0.2800051022630541,5.102263054057588e-06,Chi23,"Chicchi et al., 2023 (cpx_liq)",P,3.5,,ok,
merapi_2010_0069,merapi_kd028_pass,2010,nov10_px5an Line 032 ,nov10_px5,90,4559,0.280006369562572,6.369562571995058e-06,Chi23,"Chicchi et al., 2023 (cpx_liq)",P,4.099999904632568,,ok,
merapi_2010_0070,merapi_kd028_pass,2010,nov10_px5an Line 033 ,nov10_px5,91,6918,0.279989171985401,1.082801459906246e-05,Chi23,"Chicchi et al., 2023 (cpx_liq)",P,3.700000047683716,,ok,
merapi_2010_0071,merapi_kd028_pass,2010,nov10_px5an Line 034 ,nov10_px5,92,9687,0.2800279863805439,2.798638054390956e-05,Chi23,"Chicchi et al., 2023 (cpx_liq)",P,3.9000000953674316,,ok,
merapi_2010_0072,merapi_kd028_pass,2010,nov10_px5an Line 035 ,nov10_px5,93,14424,0.2800076247920927,7.624792092653099e-06,Chi23,"Chicchi et al., 2023 (cpx_liq)",P,3.4000000953674316,,ok,
merapi_2010_0073,merapi_kd028_pass,2010,nov10_px5an Line 036 ,nov10_px5,94,15711,0.279957811472103,4.218852789705796e-05,Chi23,"Chicchi et al., 2023 (cpx_liq)",P,3.799999952316284,,ok,
merapi_2010_0074,merapi_kd028_pass,2010,nov10_px5an Line 037 ,nov10_px5,95,17572,0.2800034736768699,3.473676869869546e-06,Chi23,"Chicchi et al., 2023 (cpx_liq)",P,3.4000000953674316,,ok,
merapi_2010_0075,merapi_kd028_pass,2010,nov10_px5an Line 038 ,nov10_px5,96,19294,0.2800113853387882,1.138533878813908e-05,Chi23,"Chicchi et al., 2023 (cpx_liq)",P,3.700000047683716,,ok,
merapi_2010_0076,merapi_kd028_pass,2010,nov10_px5an Line 039 ,nov10_px5,97,17149,0.2800314474896073,3.144748960731691e-05,Chi23,"Chicchi et al., 2023 (cpx_liq)",P,3.299999952316284,,ok,
merapi_2010_0077,merapi_kd028_pass,2010,nov10_px5an Line 040 ,nov10_px5,98,2050,0.279950692550907,4.930744909298346e-05,Chi23,"Chicchi et al., 2023 (cpx_liq)",P,3.700000047683716,,ok,
merapi_2010_0078,merapi_kd028_pass,2010,nov10_px5an Line 041 ,nov10_px5,99,5528,0.279996345939143,3.654060857005703e-06,Chi23,"Chicchi et al., 2023 (cpx_liq)",P,3.299999952316284,,ok,
merapi_2010_0079,merapi_kd028_pass,2010,nov10_px5an Line 042 ,nov10_px5,100,798,0.2800264683941149,2.646839411485358e-05,Chi23,"Chicchi et al., 2023 (cpx_liq)",P,3.4000000953674316,,ok,
merapi_2010_0080,merapi_kd028_pass,2010,nov10_px5bn Line 020 ,nov10_px5,120,4575,0.2799610569113504,3.894308864965668e-05,Chi23,"Chicchi et al., 2023 (cpx_liq)",P,3.5,,ok,
merapi_2010_0081,merapi_kd028_pass,2010,nov10_px5bn Line 035 ,nov10_px5,135,17245,0.2800006834025761,6.834025760849016e-07,Chi23,"Chicchi et al., 2023 (cpx_liq)",P,3.799999952316284,,ok,
merapi_2010_0082,merapi_kd028_pass,2010,nov10_px5bn Line 036 ,nov10_px5,136,4990,0.2800030942003303,3.094200330233665e-06,Chi23,"Chicchi et al., 2023 (cpx_liq)",P,3.4000000953674316,,ok,
merapi_2010_0083,merapi_kd028_pass,2010,nov10_px5bn Line 037 ,nov10_px5,137,14581,0.2800020652329865,2.065232986458998e-06,Chi23,"Chicchi et al., 2023 (cpx_liq)",P,3.299999952316284,,ok,
merapi_2010_0084,merapi_kd028_pass,2010,nov10_px5bn Line 038 ,nov10_px5,138,5241,0.2800028069195141,2.806919514097839e-06,Chi23,"Chicchi et al., 2023 (cpx_liq)",P,3.5,,ok,
merapi_2010_0085,merapi_kd028_pass,2010,nov10_px5bn Line 039 ,nov10_px5,139,16670,0.2799988743007921,1.125699207960018e-06,Chi23,"Chicchi et al., 2023 (cpx_liq)",P,3.0999999046325684,,ok,
merapi_2010_0086,merapi_kd028_pass,2010,nov10_px5bn Line 040 ,nov10_px5,140,127,0.2800018784026617,1.878402661636969e-06,Chi23,"Chicchi et al., 2023 (cpx_liq)",P,3.5,,ok,
merapi_2010_0087,merapi_kd028_pass,2010,nov10_px5bn Line 041 ,nov10_px5,141,4082,0.2800013188513222,1.318851322151815e-06,Chi23,"Chicchi et al., 2023 (cpx_liq)",P,3.5,,ok,
merapi_2010_0088,merapi_kd028_pass,2010,nov10_px5bn Line 042 ,nov10_px5,142,11179,0.2800029317436675,2.931743667500264e-06,Chi23,"Chicchi et al., 2023 (cpx_liq)",P,4.099999904632568,,ok,
merapi_2010_0089,merapi_kd028_pass,2010,nov10_px5cn Line 027 ,nov10_px5,169,8360,0.2800355603519092,3.556035190921403e-05,Chi23,"Chicchi et al., 2023 (cpx_liq)",P,3.5,,ok,
merapi_2010_0090,merapi_kd028_pass,2010,nov10_px5cn Line 028 ,nov10_px5,170,10692,0.280010041862024,1.00418620239684e-05,Chi23,"Chicchi et al., 2023 (cpx_liq)",P,3.4000000953674316,,ok,
merapi_2010_0091,merapi_kd028_pass,2010,nov10_px5cn Line 029 ,nov10_px5,171,5211,0.2799959499111569,4.050088843077226e-06,Chi23,"Chicchi et al., 2023 (cpx_liq)",P,3.299999952316284,,ok,
merapi_2010_0092,merapi_kd028_pass,2010,nov10_px5cn Line 030 ,nov10_px5,172,4070,0.2799978980475839,2.101952416122543e-06,Chi23,"Chicchi et al., 2023 (cpx_liq)",P,3.5999999046325684,,ok,
merapi_2010_0093,merapi_kd028_pass,2010,nov10_px5cn Line 031 ,nov10_px5,173,10188,0.2799935557963997,6.444203600353138e-06,Chi23,"Chicchi et al., 2023 (cpx_liq)",P,3.5,,ok,
merapi_2010_0094,merapi_kd028_pass,2010,nov10_px5cn Line 032 ,nov10_px5,174,8753,0.2799985030544663,1.496945533752125e-06,Chi23,"Chicchi et al., 2023 (cpx_liq)",P,3.200000047683716,,ok,
merapi_2010_0095,merapi_kd028_pass,2010,nov10_px5cn Line 033 ,nov10_px5,175,11365,0.2800044647547743,4.464754774224922e-06,Chi23,"Chicchi et al., 2023 (cpx_liq)",P,3.4000000953674316,,ok,
merapi_2010_0096,merapi_kd028_pass,2010,nov10_px5cn Line 034 ,nov10_px5,176,1381,0.2799976878007022,2.312199297860307e-06,Chi23,"Chicchi et al., 2023 (cpx_liq)",P,3.200000047683716,,ok,
merapi_2010_0097,merapi_kd028_pass,2010,nov10_px5cn Line 035 ,nov10_px5,177,15978,0.279998997814827,1.002185173015757e-06,Chi23,"Chicchi et al., 2023 (cpx_liq)",P,5.0,,ok,
merapi_2010_0098,merapi_kd028_pass,2010,nov10_px5cn Line 036 ,nov10_px5,178,8902,0.2800031271665638,3.127166563754447e-06,Chi23,"Chicchi et al., 2023 (cpx_liq)",P,3.4000000953674316,,ok,
merapi_2010_0099,merapi_kd028_pass,2010,nov10_px5cn Line 037 ,nov10_px5,179,14293,0.2800024680425633,2.468042563263939e-06,Chi23,"Chicchi et al., 2023 (cpx_liq)",P,3.200000047683716,,ok,
merapi_2010_0100,merapi_kd028_pass,2010,nov10_px5cn Line 038 ,nov10_px5,180,12852,0.2800010792607041,1.079260704084373e-06,Chi23,"Chicchi et al., 2023 (cpx_liq)",P,3.700000047683716,,ok,
merapi_2010_0101,merapi_kd028_pass,2010,nov10_px5cn Line 039 ,nov10_px5,181,81,0.2800027112246111,2.711224611040564e-06,Chi23,"Chicchi et al., 2023 (cpx_liq)",P,3.5,,ok,
merapi_2010_0102,merapi_kd028_pass,2010,nov10_px5cn Line 040 ,nov10_px5,182,160,0.2800081154584018,8.11545840173622e-06,Chi23,"Chicchi et al., 2023 (cpx_liq)",P,3.299999952316284,,ok,
merapi_2010_0103,merapi_kd028_pass,2010,nov10_px5cn Line 041 ,nov10_px5,183,14033,0.2799970809354401,2.919064559958606e-06,Chi23,"Chicchi et al., 2023 (cpx_liq)",P,3.700000047683716,,ok,
merapi_2010_0104,merapi_kd028_pass,2010,nov10_px5cn Line 042 ,nov10_px5,184,11589,0.2800003808783538,3.808783537451177e-07,Chi23,"Chicchi et al., 2023 (cpx_liq)",P,3.4000000953674316,,ok,
merapi_2010_0105,merapi_kd028_pass,2010,nov10_px6bn Line 022 ,nov10_px6,206,5838,0.2799975763316663,2.423668333695339e-06,Chi23,"Chicchi et al., 2023 (cpx_liq)",P,3.200000047683716,,ok,
merapi_2010_0106,merapi_kd028_pass,2010,nov10_px6bn Line 023 ,nov10_px6,207,12299,0.2799929724821653,7.027517834767849e-06,Chi23,"Chicchi et al., 2023 (cpx_liq)",P,3.200000047683716,,ok,
merapi_2010_0107,merapi_kd028_pass,2010,nov10_px6bn Line 024 ,nov10_px6,208,8066,0.2799979396071882,2.060392811809031e-06,Chi23,"Chicchi et al., 2023 (cpx_liq)",P,3.700000047683716,,ok,
merapi_2010_0108,merapi_kd028_pass,2010,nov10_px6bn Line 025 ,nov10_px6,209,2000,0.2800115110848241,1.151108482405627e-05,Chi23,"Chicchi et al., 2023 (cpx_liq)",P,3.299999952316284,,ok,
merapi_2010_0109,merapi_kd028_pass,2010,nov10_px6bn Line 026 ,nov10_px6,210,4024,0.280001245370136,1.245370135960489e-06,Chi23,"Chicchi et al., 2023 (cpx_liq)",P,4.0,,ok,
merapi_2010_0110,merapi_kd028_pass,2010,nov10_px6bn Line 027 ,nov10_px6,211,16911,0.2799848953098698,1.510469013021876e-05,Chi23,"Chicchi et al., 2023 (cpx_liq)",P,3.5,,ok,
merapi_2010_0111,merapi_kd028_pass,2010,nov10_px6bn Line 028 ,nov10_px6,212,16798,0.2800080151835502,8.015183550147409e-06,Chi23,"Chicchi et al., 2023 (cpx_liq)",P,3.700000047683716,,ok,
merapi_2010_0112,merapi_kd028_pass,2010,nov10_px6bn Line 029 ,nov10_px6,213,13586,0.2800028263253634,2.826325363414206e-06,Chi23,"Chicchi et al., 2023 (cpx_liq)",P,3.4000000953674316,,ok,
merapi_2010_0113,merapi_kd028_pass,2010,nov10_px6bn Line 030 ,nov10_px6,214,17483,0.2800353341079006,3.533410790057534e-05,Chi23,"Chicchi et al., 2023 (cpx_liq)",P,3.200000047683716,,ok,
merapi_2010_0114,merapi_kd028_pass,2010,nov10_px6bn Line 031 ,nov10_px6,215,18016,0.2799966796108934,3.320389106609145e-06,Chi23,"Chicchi et al., 2023 (cpx_liq)",P,3.9000000953674316,,ok,
merapi_2010_0115,merapi_kd028_pass,2010,nov10_px6bn Line 032 ,nov10_px6,216,4728,0.2799866525462,1.334745380004998e-05,Chi23,"Chicchi et al., 2023 (cpx_liq)",P,3.9000000953674316,,ok,
merapi_2010_0116,merapi_kd028_pass,2010,nov10_px6bn Line 033 ,nov10_px6,217,4355,0.280003212463115,3.212463115020991e-06,Chi23,"Chicchi et al., 2023 (cpx_liq)",P,4.0,,ok,
merapi_2010_0117,merapi_kd028_pass,2010,oct10-px4a Line 001 ,oct10-px4a,218,3892,0.2800088174441775,8.817444177466882e-06,Chi23,"Chicchi et al., 2023 (cpx_liq)",P,4.0,,ok,
merapi_2010_0118,merapi_kd028_pass,2010,oct10-px4a Line 002 ,oct10-px4a,219,7828,0.2799665652974266,3.343470257344272e-05,Chi23,"Chicchi et al., 2023 (cpx_liq)",P,4.900000095367432,,ok,
merapi_2010_0119,merapi_kd028_pass,2010,oct10-px4a Line 008 ,oct10-px4a,225,14045,0.2800199062319113,1.990623191128194e-05,Chi23,"Chicchi et al., 2023 (cpx_liq)",P,5.300000190734863,,ok,
merapi_2010_0120,merapi_kd028_pass,2010,oct10-px4a Line 009 ,oct10-px4a,226,13348,0.2800058843242761,5.884324276117514e-06,Chi23,"Chicchi et al., 2023 (cpx_liq)",P,1.2000000476837158,,ok,
merapi_2010_0121,merapi_kd028_pass,2010,oct10-px4a Line 011 ,oct10-px4a,227,7173,0.2800390814738258,3.908147382575278e-05,Chi23,"Chicchi et al., 2023 (cpx_liq)",P,6.099999904632568,,ok,
merapi_2010_0122,merapi_kd028_pass,2010,oct10-px4a Line 012 ,oct10-px4a,228,16050,0.2799826242196712,1.737578032878773e-05,Chi23,"Chicchi et al., 2023 (cpx_liq)",P,4.599999904632568,,ok,
merapi_2010_0123,merapi_kd028_pass,2010,oct10-px4a Line 015 ,oct10-px4a,231,8081,0.2799973712794988,2.628720501274273e-06,Chi23,"Chicchi et al., 2023 (cpx_liq)",P,4.699999809265137,,ok,
merapi_2010_0124,merapi_kd028_pass,2010,oct10-px4a Line 017 ,oct10-px4a,233,5508,0.2799943694425442,5.630557455782448e-06,Chi23,"Chicchi et al., 2023 (cpx_liq)",P,3.799999952316284,,ok,
merapi_2010_0125,merapi_kd028_pass,2010,oct10-px4a Line 018 ,oct10-px4a,234,15738,0.2799929769501922,7.023049807819426e-06,Chi23,"Chicchi et al., 2023 (cpx_liq)",P,3.700000047683716,,ok,
merapi_2010_0126,merapi_kd028_pass,2010,oct10-px7a Line 003 ,oct10-px7a,237,1018,0.2799773514750729,2.264852492711578e-05,Chi23,"Chicchi et al., 2023 (cpx_liq)",P,3.9000000953674316,,ok,
merapi_2010_0127,merapi_kd028_pass,2010,Un  207  2010-Cpx1-60S,2010-Cpx1-60,259,6010,0.2800185298718917,1.852987189171484e-05,Chi23,"Chicchi et al., 2023 (cpx_liq)",P,3.0999999046325684,,ok,
merapi_2010_0128,merapi_kd028_pass,2010,Un  208  2010-Cpx1-60E,2010-Cpx1-60,260,15630,0.2800210555938312,2.105559383119848e-05,Chi23,"Chicchi et al., 2023 (cpx_liq)",P,3.0,,ok,
merapi_2010_0129,merapi_kd028_pass,2010,Un  209  2010-Cpx1-Core1,2010-Cpx1-CORE,261,9023,0.2800248773529943,2.487735299427918e-05,Chi23,"Chicchi et al., 2023 (cpx_liq)",P,3.299999952316284,,ok,
merapi_2010_0130,merapi_kd028_pass,2010,Un  210  2010-Cpx1-Core2,2010-Cpx1-CORE,262,8312,0.2799934040601317,6.595939868347944e-06,Chi23,"Chicchi et al., 2023 (cpx_liq)",P,3.299999952316284,,ok,
merapi_2010_0131,merapi_kd028_pass,2010,Un  211  2010-Cpx1-Core3,2010-Cpx1-CORE,263,16842,0.2800018738159906,1.873815990593997e-06,Chi23,"Chicchi et al., 2023 (cpx_liq)",P,3.4000000953674316,,ok,
merapi_2010_0132,merapi_kd028_pass,2010,Un  212  2010-Cpx1-61W,2010-Cpx1-61,264,9373,0.2800080710201749,8.071020174860166e-06,Chi23,"Chicchi et al., 2023 (cpx_liq)",P,3.200000047683716,,ok,
merapi_2010_0133,merapi_kd028_pass,2010,Un  213  2010-Cpx1-61E,2010-Cpx1-61,265,11782,0.279988138916497,1.18610835029842e-05,Chi23,"Chicchi et al., 2023 (cpx_liq)",P,3.5,,ok,
merapi_2010_0134,merapi_kd028_pass,2010,Un  214  2010-Cpx1-61N,2010-Cpx1-61,266,18560,0.2799839428361771,1.605716382291345e-05,Chi23,"Chicchi et al., 2023 (cpx_liq)",P,3.299999952316284,,ok,
merapi_2010_0135,merapi_kd028_pass,2010,Un  216  2010-Cpx1-62W,2010-Cpx1-62,267,9894,0.27995379187536,4.620812464006807e-05,Chi23,"Chicchi et al., 2023 (cpx_liq)",P,3.799999952316284,,ok,
merapi_2010_0136,merapi_kd028_pass,2010,Un  219  2010-Cpx1-RIM3,2010-Cpx1-RIM,268,17348,0.2799836140156229,1.638598437708749e-05,Chi23,"Chicchi et al., 2023 (cpx_liq)",P,4.300000190734863,,ok,
merapi_2010_0137,merapi_kd028_pass,2010,Un  220  2010-Cpx1-Core4,2010-Cpx1-CORE,269,17822,0.2799927645626315,7.235437368524611e-06,Chi23,"Chicchi et al., 2023 (cpx_liq)",P,3.700000047683716,,ok,
merapi_2010_0138,merapi_kd028_pass,2010,Un  221  2010-Cpx1-Core5,2010-Cpx1-CORE,270,15694,0.2799967501740619,3.249825938078654e-06,Chi23,"Chicchi et al., 2023 (cpx_liq)",P,3.700000047683716,,ok,
merapi_2010_0139,merapi_kd028_pass,2010,Un  222  2010-Cpx1-Rim4,2010-Cpx1-RIM,271,11854,0.2800003101259549,3.10125954861018e-07,Chi23,"Chicchi et al., 2023 (cpx_liq)",P,3.700000047683716,,ok,
merapi_2010_0140,merapi_kd028_pass,2010,Un  253  2010-Cpx6-52N,2010-Cpx6-52,273,7367,0.2799907355838421,9.264416157950262e-06,Chi23,"Chicchi et al., 2023 (cpx_liq)",P,3.5999999046325684,,ok,
merapi_2010_0141,merapi_kd028_pass,2010,Un  273  2010-Pair1-cpx-E2,2010-Pair1-cpx,277,6618,0.2799872793048427,1.272069515728669e-05,Chi23,"Chicchi et al., 2023 (cpx_liq)",P,3.5,,ok,
merapi_2010_0142,merapi_kd028_pass,2010,Un  279  2010-CpxBottom-50E,2010-CpxBottom-50,283,2147,0.2799921576202294,7.842379770583996e-06,Chi23,"Chicchi et al., 2023 (cpx_liq)",P,4.0,,ok,
merapi_2010_0143,merapi_kd028_pass,2010,Un  281  2010-CpxBottom-49N,2010-CpxBottom-49,285,15424,0.2800310738358642,3.107383586420376e-05,Chi23,"Chicchi et al., 2023 (cpx_liq)",P,3.9000000953674316,,ok,
merapi_2010_0144,merapi_kd028_pass,2010,Un  286  2010-CpxBottom-R2,2010-CpxBottom,290,10807,0.2799972476730776,2.752326922428328e-06,Chi23,"Chicchi et al., 2023 (cpx_liq)",P,3.799999952316284,,ok,
merapi_2010_0145,merapi_kd028_pass,2010,Un  287  2010-CpxSkull-56N,2010-CpxSkull-56,291,2157,0.2799892466082562,1.075339174383405e-05,Chi23,"Chicchi et al., 2023 (cpx_liq)",P,3.4000000953674316,,ok,
merapi_2010_0146,merapi_kd028_pass,2010,Un  297  2010-CpxSkull-Rim1,2010-CpxSkull,299,19222,0.2800106561710371,1.065617103707117e-05,Chi23,"Chicchi et al., 2023 (cpx_liq)",P,3.4000000953674316,,ok,
merapi_2010_0147,merapi_kd028_pass,2010,Un  300  2010-CpxSkull-Rim2,2010-CpxSkull,302,10692,0.2799953129372731,4.687062726937974e-06,Chi23,"Chicchi et al., 2023 (cpx_liq)",P,3.5,,ok,
merapi_2010_0148,merapi_kd028_pass,2010,Un  301  2010-CpxSkull-Rim3,2010-CpxSkull,303,9366,0.2799988713753707,1.128624629309627e-06,Chi23,"Chicchi et al., 2023 (cpx_liq)",P,3.299999952316284,,ok,
merapi_2006_0001,merapi_kd028_pass,2006,2006px2 Line 001 ,2006px2,0,9581,0.2799974498225476,2.55017745243169e-06,Pu08_33,"Putirka, 2008 eq33_T; eq31_P (cpx_liq)",T,,1296.6518270153456,ok,
merapi_2006_0002,merapi_kd028_pass,2006,2006px2 Line 002 ,2006px2,1,4919,0.2799870689065713,1.293109342870302e-05,Pu08_33,"Putirka, 2008 eq33_T; eq31_P (cpx_liq)",T,,1230.442109078626,ok,
merapi_2006_0003,merapi_kd028_pass,2006,2006px2 Line 003 ,2006px2,2,13958,0.2800157045766593,1.570457665922564e-05,Pu08_33,"Putirka, 2008 eq33_T; eq31_P (cpx_liq)",T,,,calculation_failed,prediction returned NaN
merapi_2006_0004,merapi_kd028_pass,2006,2006px2 Line 004 ,2006px2,3,16902,0.2799995963332798,4.036667202722555e-07,Pu08_33,"Putirka, 2008 eq33_T; eq31_P (cpx_liq)",T,,,calculation_failed,prediction returned NaN
merapi_2006_0005,merapi_kd028_pass,2006,2006px2 Line 005 ,2006px2,4,11378,0.2800001900063491,1.900063490989368e-07,Pu08_33,"Putirka, 2008 eq33_T; eq31_P (cpx_liq)",T,,,calculation_failed,prediction returned NaN
merapi_2006_0006,merapi_kd028_pass,2006,2006px2 Line 011 ,2006px2,10,4745,0.2799668715475006,3.31284524994202e-05,Pu08_33,"Putirka, 2008 eq33_T; eq31_P (cpx_liq)",T,,1241.416945190906,ok,
merapi_2006_0007,merapi_kd028_pass,2006,2006px2 Line 012 ,2006px2,11,3134,0.2799997359248839,2.640751161631094e-07,Pu08_33,"Putirka, 2008 eq33_T; eq31_P (cpx_liq)",T,,1236.8799410306742,ok,
merapi_2006_0008,merapi_kd028_pass,2006,2006px3 Line 023 ,2006px3,35,5834,0.2799684670032443,3.153299675573429e-05,Pu08_33,"Putirka, 2008 eq33_T; eq31_P (cpx_liq)",T,,,calculation_failed,prediction returned NaN
merapi_2006_0009,merapi_kd028_pass,2006,2006px3 Line 024 ,2006px3,36,17798,0.2800009358429474,9.358429474137786e-07,Pu08_33,"Putirka, 2008 eq33_T; eq31_P (cpx_liq)",T,,,calculation_failed,prediction returned NaN
merapi_2006_0010,merapi_kd028_pass,2006,2006px3 Line 025 ,2006px3,37,3428,0.2800156792466391,1.56792466390332e-05,Pu08_33,"Putirka, 2008 eq33_T; eq31_P (cpx_liq)",T,,,calculation_failed,prediction returned NaN
merapi_2006_0011,merapi_kd028_pass,2006,2006px3 Line 026 ,2006px3,38,5590,0.2799995436317146,4.56368285384201e-07,Pu08_33,"Putirka, 2008 eq33_T; eq31_P (cpx_liq)",T,,,calculation_failed,prediction returned NaN
merapi_2006_0012,merapi_kd028_pass,2006,2006px3 Line 027 ,2006px3,39,2553,0.2800041347572449,4.134757244922405e-06,Pu08_33,"Putirka, 2008 eq33_T; eq31_P (cpx_liq)",T,,,calculation_failed,prediction returned NaN
merapi_2006_0013,merapi_kd028_pass,2006,2006px3 Line 028 ,2006px3,40,10701,0.2799987824852813,1.217514718765411e-06,Pu08_33,"Putirka, 2008 eq33_T; eq31_P (cpx_liq)",T,,,calculation_failed,prediction returned NaN
merapi_2006_0014,merapi_kd028_pass,2006,2006px3 Line 029 ,2006px3,41,16550,0.27999970009488,2.999051200158753e-07,Pu08_33,"Putirka, 2008 eq33_T; eq31_P (cpx_liq)",T,,,calculation_failed,prediction returned NaN
merapi_2006_0015,merapi_kd028_pass,2006,2006px3 Line 030 ,2006px3,42,5881,0.280001740402496,1.740402496008819e-06,Pu08_33,"Putirka, 2008 eq33_T; eq31_P (cpx_liq)",T,,,calculation_failed,prediction returned NaN
merapi_2006_0016,merapi_kd028_pass,2006,2006px3 Line 031 ,2006px3,43,7032,0.2800079058247457,7.905824745690904e-06,Pu08_33,"Putirka, 2008 eq33_T; eq31_P (cpx_liq)",T,,,calculation_failed,prediction returned NaN
merapi_2006_0017,merapi_kd028_pass,2006,2006px3 Line 032 ,2006px3,44,12524,0.2799786851612204,2.131483877965135e-05,Pu08_33,"Putirka, 2008 eq33_T; eq31_P (cpx_liq)",T,,1205.5576939940247,ok,
merapi_2006_0018,merapi_kd028_pass,2006,2006trav1n Line 001 ,2006trav1,58,14072,0.2800026645370314,2.66453703134939e-06,Pu08_33,"Putirka, 2008 eq33_T; eq31_P (cpx_liq)",T,,,calculation_failed,prediction returned NaN
merapi_2006_0019,merapi_kd028_pass,2006,2006trav1n Line 002 ,2006trav1,59,13298,0.2799967368270788,3.263172921208479e-06,Pu08_33,"Putirka, 2008 eq33_T; eq31_P (cpx_liq)",T,,,calculation_failed,prediction returned NaN
merapi_2006_0020,merapi_kd028_pass,2006,2006trav1n Line 017 ,2006trav1,74,19148,0.2800022664781375,2.266478137502581e-06,Pu08_33,"Putirka, 2008 eq33_T; eq31_P (cpx_liq)",T,,,calculation_failed,prediction returned NaN
merapi_2006_0021,merapi_kd028_pass,2006,2006trav1n Line 019 ,2006trav1,76,10696,0.2800256233985809,2.562339858092066e-05,Pu08_33,"Putirka, 2008 eq33_T; eq31_P (cpx_liq)",T,,,calculation_failed,prediction returned NaN
merapi_2006_0022,merapi_kd028_pass,2006,2006trav1n Line 020 ,2006trav1,77,9588,0.2800043793820398,4.379382039731983e-06,Pu08_33,"Putirka, 2008 eq33_T; eq31_P (cpx_liq)",T,,,calculation_failed,prediction returned NaN
merapi_2006_0023,merapi_kd028_pass,2006,2006trav1n Line 023 ,2006trav1,80,8720,0.2800041179486016,4.117948601556343e-06,Pu08_33,"Putirka, 2008 eq33_T; eq31_P (cpx_liq)",T,,,calculation_failed,prediction returned NaN
merapi_2006_0024,merapi_kd028_pass,2006,2006trav1n Line 024 ,2006trav1,81,2945,0.2799832553448161,1.67446551839201e-05,Pu08_33,"Putirka, 2008 eq33_T; eq31_P (cpx_liq)",T,,,calculation_failed,prediction returned NaN
merapi_2006_0025,merapi_kd028_pass,2006,2006trav1n Line 025 ,2006trav1,82,17864,0.2799966439377978,3.356062202253263e-06,Pu08_33,"Putirka, 2008 eq33_T; eq31_P (cpx_liq)",T,,,calculation_failed,prediction returned NaN
merapi_2006_0026,merapi_kd028_pass,2006,2006trav1n Line 026 ,2006trav1,83,9461,0.2800025180872135,2.518087213521092e-06,Pu08_33,"Putirka, 2008 eq33_T; eq31_P (cpx_liq)",T,,,calculation_failed,prediction returned NaN
merapi_2006_0027,merapi_kd028_pass,2006,2006trav1n Line 028 ,2006trav1,85,3380,0.2800126995628873,1.269956288724172e-05,Pu08_33,"Putirka, 2008 eq33_T; eq31_P (cpx_liq)",T,,,calculation_failed,prediction returned NaN
merapi_2006_0028,merapi_kd028_pass,2006,2006trav1n Line 029 ,2006trav1,86,19486,0.2799759551680616,2.404483193846341e-05,Pu08_33,"Putirka, 2008 eq33_T; eq31_P (cpx_liq)",T,,,calculation_failed,prediction returned NaN
merapi_2006_0029,merapi_kd028_pass,2006,2006trav1n Line 030 ,2006trav1,87,17741,0.2800037470948772,3.747094877160073e-06,Pu08_33,"Putirka, 2008 eq33_T; eq31_P (cpx_liq)",T,,,calculation_failed,prediction returned NaN
merapi_2006_0030,merapi_kd028_pass,2006,2006trav1n Line 031 ,2006trav1,88,14652,0.2799971993555523,2.800644447686906e-06,Pu08_33,"Putirka, 2008 eq33_T; eq31_P (cpx_liq)",T,,,calculation_failed,prediction returned NaN
merapi_2006_0031,merapi_kd028_pass,2006,2006trav1n Line 032 ,2006trav1,89,10065,0.2799724972348179,2.750276518209693e-05,Pu08_33,"Putirka, 2008 eq33_T; eq31_P (cpx_liq)",T,,,calculation_failed,prediction returned NaN
merapi_2006_0032,merapi_kd028_pass,2006,2006trav1n Line 033 ,2006trav1,90,6907,0.2799969238817676,3.076118232414604e-06,Pu08_33,"Putirka, 2008 eq33_T; eq31_P (cpx_liq)",T,,,calculation_failed,prediction returned NaN
merapi_2006_0033,merapi_kd028_pass,2006,2006trav1n Line 034 ,2006trav1,91,5036,0.2799912145287365,8.785471263539346e-06,Pu08_33,"Putirka, 2008 eq33_T; eq31_P (cpx_liq)",T,,,calculation_failed,prediction returned NaN
merapi_2006_0034,merapi_kd028_pass,2006,2006trav2n  Line 009 ,2006trav2,108,13140,0.2799949264581835,5.073541816558169e-06,Pu08_33,"Putirka, 2008 eq33_T; eq31_P (cpx_liq)",T,,,calculation_failed,prediction returned NaN
merapi_2006_0035,merapi_kd028_pass,2006,2006trav2n  Line 010 ,2006trav2,109,7560,0.2799936080720503,6.391927949767062e-06,Pu08_33,"Putirka, 2008 eq33_T; eq31_P (cpx_liq)",T,,,calculation_failed,prediction returned NaN
merapi_2006_0036,merapi_kd028_pass,2006,2006trav2n  Line 011 ,2006trav2,110,8900,0.2799962877122568,3.71228774326271e-06,Pu08_33,"Putirka, 2008 eq33_T; eq31_P (cpx_liq)",T,,,calculation_failed,prediction returned NaN
merapi_2006_0037,merapi_kd028_pass,2006,2006trav2n  Line 012 ,2006trav2,111,13896,0.2800091551834771,9.1551834770498e-06,Pu08_33,"Putirka, 2008 eq33_T; eq31_P (cpx_liq)",T,,,calculation_failed,prediction returned NaN
merapi_2006_0038,merapi_kd028_pass,2006,2006trav2n  Line 013 ,2006trav2,112,18840,0.2799861823323435,1.381766765651271e-05,Pu08_33,"Putirka, 2008 eq33_T; eq31_P (cpx_liq)",T,,,calculation_failed,prediction returned NaN
merapi_2006_0039,merapi_kd028_pass,2006,2006trav2n  Line 017 ,2006trav2,116,7030,0.279987146234402,1.285376559800877e-05,Pu08_33,"Putirka, 2008 eq33_T; eq31_P (cpx_liq)",T,,,calculation_failed,prediction returned NaN
merapi_2006_0040,merapi_kd028_pass,2006,Un   95  2006cpx1-80W,2006cpx1-80,135,19746,0.2799973584549343,2.641545065684703e-06,Pu08_33,"Putirka, 2008 eq33_T; eq31_P (cpx_liq)",T,,1216.6040836126508,ok,
merapi_2006_0041,merapi_kd028_pass,2006,Un   96  2006cpx1-test,2006cpx1-test,139,11432,0.2800072280802169,7.228080216914456e-06,Pu08_33,"Putirka, 2008 eq33_T; eq31_P (cpx_liq)",T,,1188.420594230448,ok,
merapi_2006_0042,merapi_kd028_pass,2006,Un   97  2006cpx1-80E,2006cpx1-80,140,89,0.2799920485428923,7.951457107691073e-06,Pu08_33,"Putirka, 2008 eq33_T; eq31_P (cpx_liq)",T,,1271.743479665025,ok,
merapi_2010_0043,merapi_kd028_pass,2010,2010-cpx1 Line 002 ,2010-cpx1,0,6018,0.2799998030112246,1.969887754582622e-07,Pu08_33,"Putirka, 2008 eq33_T; eq31_P (cpx_liq)",T,,,calculation_failed,prediction returned NaN
merapi_2010_0044,merapi_kd028_pass,2010,2010-cpx1 Line 003 ,2010-cpx1,1,4057,0.2799981517158307,1.848284169325698e-06,Pu08_33,"Putirka, 2008 eq33_T; eq31_P (cpx_liq)",T,,,calculation_failed,prediction returned NaN
merapi_2010_0045,merapi_kd028_pass,2010,2010-cpx1 Line 004 ,2010-cpx1,2,5871,0.2799977644084414,2.235591558652494e-06,Pu08_33,"Putirka, 2008 eq33_T; eq31_P (cpx_liq)",T,,,calculation_failed,prediction returned NaN
merapi_2010_0046,merapi_kd028_pass,2010,2010-cpx1 Line 005 ,2010-cpx1,3,2435,0.2800051065098412,5.106509841146245e-06,Pu08_33,"Putirka, 2008 eq33_T; eq31_P (cpx_liq)",T,,,calculation_failed,prediction returned NaN
merapi_2010_0047,merapi_kd028_pass,2010,2010-cpx1 Line 006 ,2010-cpx1,4,15157,0.2799988812011857,1.118798814370159e-06,Pu08_33,"Putirka, 2008 eq33_T; eq31_P (cpx_liq)",T,,,calculation_failed,prediction returned NaN
merapi_2010_0048,merapi_kd028_pass,2010,2010-cpx1 Line 007 ,2010-cpx1,5,257,0.280005844839572,5.844839571944593e-06,Pu08_33,"Putirka, 2008 eq33_T; eq31_P (cpx_liq)",T,,,calculation_failed,prediction returned NaN
merapi_2010_0049,merapi_kd028_pass,2010,2010-cpx1 Line 008 ,2010-cpx1,6,1295,0.2800077662750068,7.76627500681526e-06,Pu08_33,"Putirka, 2008 eq33_T; eq31_P (cpx_liq)",T,,,calculation_failed,prediction returned NaN
merapi_2010_0050,merapi_kd028_pass,2010,2010-cpx1 Line 009 ,2010-cpx1,7,16888,0.2800021365885482,2.136588548196094e-06,Pu08_33,"Putirka, 2008 eq33_T; eq31_P (cpx_liq)",T,,,calculation_failed,prediction returned NaN
merapi_2010_0051,merapi_kd028_pass,2010,2010-cpx1 Line 010 ,2010-cpx1,8,8856,0.2800015856658248,1.585665824810345e-06,Pu08_33,"Putirka, 2008 eq33_T; eq31_P (cpx_liq)",T,,,calculation_failed,prediction returned NaN
merapi_2010_0052,merapi_kd028_pass,2010,2010-cpx1 Line 011 ,2010-cpx1,9,1439,0.2800011849694209,1.184969420919835e-06,Pu08_33,"Putirka, 2008 eq33_T; eq31_P (cpx_liq)",T,,,calculation_failed,prediction returned NaN
merapi_2010_0053,merapi_kd028_pass,2010,2010-cpx1 Line 012 ,2010-cpx1,10,14518,0.2800006107589095,6.107589094472843e-07,Pu08_33,"Putirka, 2008 eq33_T; eq31_P (cpx_liq)",T,,,calculation_failed,prediction returned NaN
merapi_2010_0054,merapi_kd028_pass,2010,2010-cpx1 Line 013 ,2010-cpx1,11,16676,0.2800025879305247,2.587930524711179e-06,Pu08_33,"Putirka, 2008 eq33_T; eq31_P (cpx_liq)",T,,,calculation_failed,prediction returned NaN
merapi_2010_0055,merapi_kd028_pass,2010,2010-cpx1 Line 014 ,2010-cpx1,12,8688,0.2800010648039675,1.064803967498751e-06,Pu08_33,"Putirka, 2008 eq33_T; eq31_P (cpx_liq)",T,,,calculation_failed,prediction returned NaN
merapi_2010_0056,merapi_kd028_pass,2010,2010-cpx1 Line 015 ,2010-cpx1,13,5877,0.2799969867108625,3.013289137543396e-06,Pu08_33,"Putirka, 2008 eq33_T; eq31_P (cpx_liq)",T,,,calculation_failed,prediction returned NaN
merapi_2010_0057,merapi_kd028_pass,2010,2010-cpx1 Line 016 ,2010-cpx1,14,452,0.2799821560205399,1.784397946014149e-05,Pu08_33,"Putirka, 2008 eq33_T; eq31_P (cpx_liq)",T,,,calculation_failed,prediction returned NaN
merapi_2010_0058,merapi_kd028_pass,2010,2010-cpx1 Line 017 ,2010-cpx1,15,2032,0.2800006717020297,6.717020297197784e-07,Pu08_33,"Putirka, 2008 eq33_T; eq31_P (cpx_liq)",T,,,calculation_failed,prediction returned NaN
merapi_2010_0059,merapi_kd028_pass,2010,2010-cpx1 Line 018 ,2010-cpx1,16,19283,0.2800046137817918,4.613781791784621e-06,Pu08_33,"Putirka, 2008 eq33_T; eq31_P (cpx_liq)",T,,,calculation_failed,prediction returned NaN
merapi_2010_0060,merapi_kd028_pass,2010,2010-cpx1 Line 019 ,2010-cpx1,17,8771,0.2800725605111906,7.256051119058915e-05,Pu08_33,"Putirka, 2008 eq33_T; eq31_P (cpx_liq)",T,,1238.014467525908,ok,
merapi_2010_0061,merapi_kd028_pass,2010,2010-cpx1 Line 020 ,2010-cpx1,18,5387,0.2800073241282617,7.324128261654295e-06,Pu08_33,"Putirka, 2008 eq33_T; eq31_P (cpx_liq)",T,,1230.619310748205,ok,
merapi_2010_0062,merapi_kd028_pass,2010,2010-cpx1 Line 021 ,2010-cpx1,19,3489,0.2799965137473102,3.486252689866021e-06,Pu08_33,"Putirka, 2008 eq33_T; eq31_P (cpx_liq)",T,,1261.0003637275922,ok,
merapi_2010_0063,merapi_kd028_pass,2010,nov10_px5an Line 026 ,nov10_px5,84,17229,0.2799933632122469,6.636787753144802e-06,Pu08_33,"Putirka, 2008 eq33_T; eq31_P (cpx_liq)",T,,,calculation_failed,prediction returned NaN
merapi_2010_0064,merapi_kd028_pass,2010,nov10_px5an Line 027 ,nov10_px5,85,10975,0.279998405979791,1.594020209050306e-06,Pu08_33,"Putirka, 2008 eq33_T; eq31_P (cpx_liq)",T,,,calculation_failed,prediction returned NaN
merapi_2010_0065,merapi_kd028_pass,2010,nov10_px5an Line 028 ,nov10_px5,86,17829,0.2800100678768651,1.006787686508304e-05,Pu08_33,"Putirka, 2008 eq33_T; eq31_P (cpx_liq)",T,,,calculation_failed,prediction returned NaN
merapi_2010_0066,merapi_kd028_pass,2010,nov10_px5an Line 029 ,nov10_px5,87,16574,0.2799947642915669,5.235708433082298e-06,Pu08_33,"Putirka, 2008 eq33_T; eq31_P (cpx_liq)",T,,,calculation_failed,prediction returned NaN
merapi_2010_0067,merapi_kd028_pass,2010,nov10_px5an Line 030 ,nov10_px5,88,9438,0.2799969807857353,3.019214264765591e-06,Pu08_33,"Putirka, 2008 eq33_T; eq31_P (cpx_liq)",T,,,calculation_failed,prediction returned NaN
merapi_2010_0068,merapi_kd028_pass,2010,nov10_px5an Line 031 ,nov10_px5,89,16459,0.2800051022630541,5.102263054057588e-06,Pu08_33,"Putirka, 2008 eq33_T; eq31_P (cpx_liq)",T,,,calculation_failed,prediction returned NaN
merapi_2010_0069,merapi_kd028_pass,2010,nov10_px5an Line 032 ,nov10_px5,90,4559,0.280006369562572,6.369562571995058e-06,Pu08_33,"Putirka, 2008 eq33_T; eq31_P (cpx_liq)",T,,,calculation_failed,prediction returned NaN
merapi_2010_0070,merapi_kd028_pass,2010,nov10_px5an Line 033 ,nov10_px5,91,6918,0.279989171985401,1.082801459906246e-05,Pu08_33,"Putirka, 2008 eq33_T; eq31_P (cpx_liq)",T,,,calculation_failed,prediction returned NaN
merapi_2010_0071,merapi_kd028_pass,2010,nov10_px5an Line 034 ,nov10_px5,92,9687,0.2800279863805439,2.798638054390956e-05,Pu08_33,"Putirka, 2008 eq33_T; eq31_P (cpx_liq)",T,,,calculation_failed,prediction returned NaN
merapi_2010_0072,merapi_kd028_pass,2010,nov10_px5an Line 035 ,nov10_px5,93,14424,0.2800076247920927,7.624792092653099e-06,Pu08_33,"Putirka, 2008 eq33_T; eq31_P (cpx_liq)",T,,,calculation_failed,prediction returned NaN
merapi_2010_0073,merapi_kd028_pass,2010,nov10_px5an Line 036 ,nov10_px5,94,15711,0.279957811472103,4.218852789705796e-05,Pu08_33,"Putirka, 2008 eq33_T; eq31_P (cpx_liq)",T,,,calculation_failed,prediction returned NaN
merapi_2010_0074,merapi_kd028_pass,2010,nov10_px5an Line 037 ,nov10_px5,95,17572,0.2800034736768699,3.473676869869546e-06,Pu08_33,"Putirka, 2008 eq33_T; eq31_P (cpx_liq)",T,,,calculation_failed,prediction returned NaN
merapi_2010_0075,merapi_kd028_pass,2010,nov10_px5an Line 038 ,nov10_px5,96,19294,0.2800113853387882,1.138533878813908e-05,Pu08_33,"Putirka, 2008 eq33_T; eq31_P (cpx_liq)",T,,,calculation_failed,prediction returned NaN
merapi_2010_0076,merapi_kd028_pass,2010,nov10_px5an Line 039 ,nov10_px5,97,17149,0.2800314474896073,3.144748960731691e-05,Pu08_33,"Putirka, 2008 eq33_T; eq31_P (cpx_liq)",T,,,calculation_failed,prediction returned NaN
merapi_2010_0077,merapi_kd028_pass,2010,nov10_px5an Line 040 ,nov10_px5,98,2050,0.279950692550907,4.930744909298346e-05,Pu08_33,"Putirka, 2008 eq33_T; eq31_P (cpx_liq)",T,,,calculation_failed,prediction returned NaN
merapi_2010_0078,merapi_kd028_pass,2010,nov10_px5an Line 041 ,nov10_px5,99,5528,0.279996345939143,3.654060857005703e-06,Pu08_33,"Putirka, 2008 eq33_T; eq31_P (cpx_liq)",T,,,calculation_failed,prediction returned NaN
merapi_2010_0079,merapi_kd028_pass,2010,nov10_px5an Line 042 ,nov10_px5,100,798,0.2800264683941149,2.646839411485358e-05,Pu08_33,"Putirka, 2008 eq33_T; eq31_P (cpx_liq)",T,,,calculation_failed,prediction returned NaN
merapi_2010_0080,merapi_kd028_pass,2010,nov10_px5bn Line 020 ,nov10_px5,120,4575,0.2799610569113504,3.894308864965668e-05,Pu08_33,"Putirka, 2008 eq33_T; eq31_P (cpx_liq)",T,,,calculation_failed,prediction returned NaN
merapi_2010_0081,merapi_kd028_pass,2010,nov10_px5bn Line 035 ,nov10_px5,135,17245,0.2800006834025761,6.834025760849016e-07,Pu08_33,"Putirka, 2008 eq33_T; eq31_P (cpx_liq)",T,,,calculation_failed,prediction returned NaN
merapi_2010_0082,merapi_kd028_pass,2010,nov10_px5bn Line 036 ,nov10_px5,136,4990,0.2800030942003303,3.094200330233665e-06,Pu08_33,"Putirka, 2008 eq33_T; eq31_P (cpx_liq)",T,,,calculation_failed,prediction returned NaN
merapi_2010_0083,merapi_kd028_pass,2010,nov10_px5bn Line 037 ,nov10_px5,137,14581,0.2800020652329865,2.065232986458998e-06,Pu08_33,"Putirka, 2008 eq33_T; eq31_P (cpx_liq)",T,,,calculation_failed,prediction returned NaN
merapi_2010_0084,merapi_kd028_pass,2010,nov10_px5bn Line 038 ,nov10_px5,138,5241,0.2800028069195141,2.806919514097839e-06,Pu08_33,"Putirka, 2008 eq33_T; eq31_P (cpx_liq)",T,,,calculation_failed,prediction returned NaN
merapi_2010_0085,merapi_kd028_pass,2010,nov10_px5bn Line 039 ,nov10_px5,139,16670,0.2799988743007921,1.125699207960018e-06,Pu08_33,"Putirka, 2008 eq33_T; eq31_P (cpx_liq)",T,,,calculation_failed,prediction returned NaN
merapi_2010_0086,merapi_kd028_pass,2010,nov10_px5bn Line 040 ,nov10_px5,140,127,0.2800018784026617,1.878402661636969e-06,Pu08_33,"Putirka, 2008 eq33_T; eq31_P (cpx_liq)",T,,,calculation_failed,prediction returned NaN
merapi_2010_0087,merapi_kd028_pass,2010,nov10_px5bn Line 041 ,nov10_px5,141,4082,0.2800013188513222,1.318851322151815e-06,Pu08_33,"Putirka, 2008 eq33_T; eq31_P (cpx_liq)",T,,,calculation_failed,prediction returned NaN
merapi_2010_0088,merapi_kd028_pass,2010,nov10_px5bn Line 042 ,nov10_px5,142,11179,0.2800029317436675,2.931743667500264e-06,Pu08_33,"Putirka, 2008 eq33_T; eq31_P (cpx_liq)",T,,,calculation_failed,prediction returned NaN
merapi_2010_0089,merapi_kd028_pass,2010,nov10_px5cn Line 027 ,nov10_px5,169,8360,0.2800355603519092,3.556035190921403e-05,Pu08_33,"Putirka, 2008 eq33_T; eq31_P (cpx_liq)",T,,,calculation_failed,prediction returned NaN
merapi_2010_0090,merapi_kd028_pass,2010,nov10_px5cn Line 028 ,nov10_px5,170,10692,0.280010041862024,1.00418620239684e-05,Pu08_33,"Putirka, 2008 eq33_T; eq31_P (cpx_liq)",T,,,calculation_failed,prediction returned NaN
merapi_2010_0091,merapi_kd028_pass,2010,nov10_px5cn Line 029 ,nov10_px5,171,5211,0.2799959499111569,4.050088843077226e-06,Pu08_33,"Putirka, 2008 eq33_T; eq31_P (cpx_liq)",T,,,calculation_failed,prediction returned NaN
merapi_2010_0092,merapi_kd028_pass,2010,nov10_px5cn Line 030 ,nov10_px5,172,4070,0.2799978980475839,2.101952416122543e-06,Pu08_33,"Putirka, 2008 eq33_T; eq31_P (cpx_liq)",T,,,calculation_failed,prediction returned NaN
merapi_2010_0093,merapi_kd028_pass,2010,nov10_px5cn Line 031 ,nov10_px5,173,10188,0.2799935557963997,6.444203600353138e-06,Pu08_33,"Putirka, 2008 eq33_T; eq31_P (cpx_liq)",T,,,calculation_failed,prediction returned NaN
merapi_2010_0094,merapi_kd028_pass,2010,nov10_px5cn Line 032 ,nov10_px5,174,8753,0.2799985030544663,1.496945533752125e-06,Pu08_33,"Putirka, 2008 eq33_T; eq31_P (cpx_liq)",T,,,calculation_failed,prediction returned NaN
merapi_2010_0095,merapi_kd028_pass,2010,nov10_px5cn Line 033 ,nov10_px5,175,11365,0.2800044647547743,4.464754774224922e-06,Pu08_33,"Putirka, 2008 eq33_T; eq31_P (cpx_liq)",T,,,calculation_failed,prediction returned NaN
merapi_2010_0096,merapi_kd028_pass,2010,nov10_px5cn Line 034 ,nov10_px5,176,1381,0.2799976878007022,2.312199297860307e-06,Pu08_33,"Putirka, 2008 eq33_T; eq31_P (cpx_liq)",T,,,calculation_failed,prediction returned NaN
merapi_2010_0097,merapi_kd028_pass,2010,nov10_px5cn Line 035 ,nov10_px5,177,15978,0.279998997814827,1.002185173015757e-06,Pu08_33,"Putirka, 2008 eq33_T; eq31_P (cpx_liq)",T,,,calculation_failed,prediction returned NaN
merapi_2010_0098,merapi_kd028_pass,2010,nov10_px5cn Line 036 ,nov10_px5,178,8902,0.2800031271665638,3.127166563754447e-06,Pu08_33,"Putirka, 2008 eq33_T; eq31_P (cpx_liq)",T,,,calculation_failed,prediction returned NaN
merapi_2010_0099,merapi_kd028_pass,2010,nov10_px5cn Line 037 ,nov10_px5,179,14293,0.2800024680425633,2.468042563263939e-06,Pu08_33,"Putirka, 2008 eq33_T; eq31_P (cpx_liq)",T,,,calculation_failed,prediction returned NaN
merapi_2010_0100,merapi_kd028_pass,2010,nov10_px5cn Line 038 ,nov10_px5,180,12852,0.2800010792607041,1.079260704084373e-06,Pu08_33,"Putirka, 2008 eq33_T; eq31_P (cpx_liq)",T,,,calculation_failed,prediction returned NaN
merapi_2010_0101,merapi_kd028_pass,2010,nov10_px5cn Line 039 ,nov10_px5,181,81,0.2800027112246111,2.711224611040564e-06,Pu08_33,"Putirka, 2008 eq33_T; eq31_P (cpx_liq)",T,,,calculation_failed,prediction returned NaN
merapi_2010_0102,merapi_kd028_pass,2010,nov10_px5cn Line 040 ,nov10_px5,182,160,0.2800081154584018,8.11545840173622e-06,Pu08_33,"Putirka, 2008 eq33_T; eq31_P (cpx_liq)",T,,,calculation_failed,prediction returned NaN
merapi_2010_0103,merapi_kd028_pass,2010,nov10_px5cn Line 041 ,nov10_px5,183,14033,0.2799970809354401,2.919064559958606e-06,Pu08_33,"Putirka, 2008 eq33_T; eq31_P (cpx_liq)",T,,,calculation_failed,prediction returned NaN
merapi_2010_0104,merapi_kd028_pass,2010,nov10_px5cn Line 042 ,nov10_px5,184,11589,0.2800003808783538,3.808783537451177e-07,Pu08_33,"Putirka, 2008 eq33_T; eq31_P (cpx_liq)",T,,,calculation_failed,prediction returned NaN
merapi_2010_0105,merapi_kd028_pass,2010,nov10_px6bn Line 022 ,nov10_px6,206,5838,0.2799975763316663,2.423668333695339e-06,Pu08_33,"Putirka, 2008 eq33_T; eq31_P (cpx_liq)",T,,,calculation_failed,prediction returned NaN
merapi_2010_0106,merapi_kd028_pass,2010,nov10_px6bn Line 023 ,nov10_px6,207,12299,0.2799929724821653,7.027517834767849e-06,Pu08_33,"Putirka, 2008 eq33_T; eq31_P (cpx_liq)",T,,,calculation_failed,prediction returned NaN
merapi_2010_0107,merapi_kd028_pass,2010,nov10_px6bn Line 024 ,nov10_px6,208,8066,0.2799979396071882,2.060392811809031e-06,Pu08_33,"Putirka, 2008 eq33_T; eq31_P (cpx_liq)",T,,,calculation_failed,prediction returned NaN
merapi_2010_0108,merapi_kd028_pass,2010,nov10_px6bn Line 025 ,nov10_px6,209,2000,0.2800115110848241,1.151108482405627e-05,Pu08_33,"Putirka, 2008 eq33_T; eq31_P (cpx_liq)",T,,,calculation_failed,prediction returned NaN
merapi_2010_0109,merapi_kd028_pass,2010,nov10_px6bn Line 026 ,nov10_px6,210,4024,0.280001245370136,1.245370135960489e-06,Pu08_33,"Putirka, 2008 eq33_T; eq31_P (cpx_liq)",T,,,calculation_failed,prediction returned NaN
merapi_2010_0110,merapi_kd028_pass,2010,nov10_px6bn Line 027 ,nov10_px6,211,16911,0.2799848953098698,1.510469013021876e-05,Pu08_33,"Putirka, 2008 eq33_T; eq31_P (cpx_liq)",T,,,calculation_failed,prediction returned NaN
merapi_2010_0111,merapi_kd028_pass,2010,nov10_px6bn Line 028 ,nov10_px6,212,16798,0.2800080151835502,8.015183550147409e-06,Pu08_33,"Putirka, 2008 eq33_T; eq31_P (cpx_liq)",T,,,calculation_failed,prediction returned NaN
merapi_2010_0112,merapi_kd028_pass,2010,nov10_px6bn Line 029 ,nov10_px6,213,13586,0.2800028263253634,2.826325363414206e-06,Pu08_33,"Putirka, 2008 eq33_T; eq31_P (cpx_liq)",T,,1129.192533173631,ok,
merapi_2010_0113,merapi_kd028_pass,2010,nov10_px6bn Line 030 ,nov10_px6,214,17483,0.2800353341079006,3.533410790057534e-05,Pu08_33,"Putirka, 2008 eq33_T; eq31_P (cpx_liq)",T,,1161.4602183808365,ok,
merapi_2010_0114,merapi_kd028_pass,2010,nov10_px6bn Line 031 ,nov10_px6,215,18016,0.2799966796108934,3.320389106609145e-06,Pu08_33,"Putirka, 2008 eq33_T; eq31_P (cpx_liq)",T,,1214.8013371565903,ok,
merapi_2010_0115,merapi_kd028_pass,2010,nov10_px6bn Line 032 ,nov10_px6,216,4728,0.2799866525462,1.334745380004998e-05,Pu08_33,"Putirka, 2008 eq33_T; eq31_P (cpx_liq)",T,,1257.8694280850145,ok,
merapi_2010_0116,merapi_kd028_pass,2010,nov10_px6bn Line 033 ,nov10_px6,217,4355,0.280003212463115,3.212463115020991e-06,Pu08_33,"Putirka, 2008 eq33_T; eq31_P (cpx_liq)",T,,1265.954695358795,ok,
merapi_2010_0117,merapi_kd028_pass,2010,oct10-px4a Line 001 ,oct10-px4a,218,3892,0.2800088174441775,8.817444177466882e-06,Pu08_33,"Putirka, 2008 eq33_T; eq31_P (cpx_liq)",T,,,calculation_failed,prediction returned NaN
merapi_2010_0118,merapi_kd028_pass,2010,oct10-px4a Line 002 ,oct10-px4a,219,7828,0.2799665652974266,3.343470257344272e-05,Pu08_33,"Putirka, 2008 eq33_T; eq31_P (cpx_liq)",T,,,calculation_failed,prediction returned NaN
merapi_2010_0119,merapi_kd028_pass,2010,oct10-px4a Line 008 ,oct10-px4a,225,14045,0.2800199062319113,1.990623191128194e-05,Pu08_33,"Putirka, 2008 eq33_T; eq31_P (cpx_liq)",T,,1302.3827693512972,ok,
merapi_2010_0120,merapi_kd028_pass,2010,oct10-px4a Line 009 ,oct10-px4a,226,13348,0.2800058843242761,5.884324276117514e-06,Pu08_33,"Putirka, 2008 eq33_T; eq31_P (cpx_liq)",T,,1334.5931462766034,ok,
merapi_2010_0121,merapi_kd028_pass,2010,oct10-px4a Line 011 ,oct10-px4a,227,7173,0.2800390814738258,3.908147382575278e-05,Pu08_33,"Putirka, 2008 eq33_T; eq31_P (cpx_liq)",T,,1315.3197327007938,ok,
merapi_2010_0122,merapi_kd028_pass,2010,oct10-px4a Line 012 ,oct10-px4a,228,16050,0.2799826242196712,1.737578032878773e-05,Pu08_33,"Putirka, 2008 eq33_T; eq31_P (cpx_liq)",T,,1293.1028886149934,ok,
merapi_2010_0123,merapi_kd028_pass,2010,oct10-px4a Line 015 ,oct10-px4a,231,8081,0.2799973712794988,2.628720501274273e-06,Pu08_33,"Putirka, 2008 eq33_T; eq31_P (cpx_liq)",T,,1276.0033030522036,ok,
merapi_2010_0124,merapi_kd028_pass,2010,oct10-px4a Line 017 ,oct10-px4a,233,5508,0.2799943694425442,5.630557455782448e-06,Pu08_33,"Putirka, 2008 eq33_T; eq31_P (cpx_liq)",T,,,calculation_failed,prediction returned NaN
merapi_2010_0125,merapi_kd028_pass,2010,oct10-px4a Line 018 ,oct10-px4a,234,15738,0.2799929769501922,7.023049807819426e-06,Pu08_33,"Putirka, 2008 eq33_T; eq31_P (cpx_liq)",T,,,calculation_failed,prediction returned NaN
merapi_2010_0126,merapi_kd028_pass,2010,oct10-px7a Line 003 ,oct10-px7a,237,1018,0.2799773514750729,2.264852492711578e-05,Pu08_33,"Putirka, 2008 eq33_T; eq31_P (cpx_liq)",T,,,calculation_failed,prediction returned NaN
merapi_2010_0127,merapi_kd028_pass,2010,Un  207  2010-Cpx1-60S,2010-Cpx1-60,259,6010,0.2800185298718917,1.852987189171484e-05,Pu08_33,"Putirka, 2008 eq33_T; eq31_P (cpx_liq)",T,,,calculation_failed,prediction returned NaN
merapi_2010_0128,merapi_kd028_pass,2010,Un  208  2010-Cpx1-60E,2010-Cpx1-60,260,15630,0.2800210555938312,2.105559383119848e-05,Pu08_33,"Putirka, 2008 eq33_T; eq31_P (cpx_liq)",T,,,calculation_failed,prediction returned NaN
merapi_2010_0129,merapi_kd028_pass,2010,Un  209  2010-Cpx1-Core1,2010-Cpx1-CORE,261,9023,0.2800248773529943,2.487735299427918e-05,Pu08_33,"Putirka, 2008 eq33_T; eq31_P (cpx_liq)",T,,,calculation_failed,prediction returned NaN
merapi_2010_0130,merapi_kd028_pass,2010,Un  210  2010-Cpx1-Core2,2010-Cpx1-CORE,262,8312,0.2799934040601317,6.595939868347944e-06,Pu08_33,"Putirka, 2008 eq33_T; eq31_P (cpx_liq)",T,,,calculation_failed,prediction returned NaN
merapi_2010_0131,merapi_kd028_pass,2010,Un  211  2010-Cpx1-Core3,2010-Cpx1-CORE,263,16842,0.2800018738159906,1.873815990593997e-06,Pu08_33,"Putirka, 2008 eq33_T; eq31_P (cpx_liq)",T,,,calculation_failed,prediction returned NaN
merapi_2010_0132,merapi_kd028_pass,2010,Un  212  2010-Cpx1-61W,2010-Cpx1-61,264,9373,0.2800080710201749,8.071020174860166e-06,Pu08_33,"Putirka, 2008 eq33_T; eq31_P (cpx_liq)",T,,,calculation_failed,prediction returned NaN
merapi_2010_0133,merapi_kd028_pass,2010,Un  213  2010-Cpx1-61E,2010-Cpx1-61,265,11782,0.279988138916497,1.18610835029842e-05,Pu08_33,"Putirka, 2008 eq33_T; eq31_P (cpx_liq)",T,,,calculation_failed,prediction returned NaN
merapi_2010_0134,merapi_kd028_pass,2010,Un  214  2010-Cpx1-61N,2010-Cpx1-61,266,18560,0.2799839428361771,1.605716382291345e-05,Pu08_33,"Putirka, 2008 eq33_T; eq31_P (cpx_liq)",T,,,calculation_failed,prediction returned NaN
merapi_2010_0135,merapi_kd028_pass,2010,Un  216  2010-Cpx1-62W,2010-Cpx1-62,267,9894,0.27995379187536,4.620812464006807e-05,Pu08_33,"Putirka, 2008 eq33_T; eq31_P (cpx_liq)",T,,,calculation_failed,prediction returned NaN
merapi_2010_0136,merapi_kd028_pass,2010,Un  219  2010-Cpx1-RIM3,2010-Cpx1-RIM,268,17348,0.2799836140156229,1.638598437708749e-05,Pu08_33,"Putirka, 2008 eq33_T; eq31_P (cpx_liq)",T,,,calculation_failed,prediction returned NaN
merapi_2010_0137,merapi_kd028_pass,2010,Un  220  2010-Cpx1-Core4,2010-Cpx1-CORE,269,17822,0.2799927645626315,7.235437368524611e-06,Pu08_33,"Putirka, 2008 eq33_T; eq31_P (cpx_liq)",T,,,calculation_failed,prediction returned NaN
merapi_2010_0138,merapi_kd028_pass,2010,Un  221  2010-Cpx1-Core5,2010-Cpx1-CORE,270,15694,0.2799967501740619,3.249825938078654e-06,Pu08_33,"Putirka, 2008 eq33_T; eq31_P (cpx_liq)",T,,,calculation_failed,prediction returned NaN
merapi_2010_0139,merapi_kd028_pass,2010,Un  222  2010-Cpx1-Rim4,2010-Cpx1-RIM,271,11854,0.2800003101259549,3.10125954861018e-07,Pu08_33,"Putirka, 2008 eq33_T; eq31_P (cpx_liq)",T,,,calculation_failed,prediction returned NaN
merapi_2010_0140,merapi_kd028_pass,2010,Un  253  2010-Cpx6-52N,2010-Cpx6-52,273,7367,0.2799907355838421,9.264416157950262e-06,Pu08_33,"Putirka, 2008 eq33_T; eq31_P (cpx_liq)",T,,,calculation_failed,prediction returned NaN
merapi_2010_0141,merapi_kd028_pass,2010,Un  273  2010-Pair1-cpx-E2,2010-Pair1-cpx,277,6618,0.2799872793048427,1.272069515728669e-05,Pu08_33,"Putirka, 2008 eq33_T; eq31_P (cpx_liq)",T,,,calculation_failed,prediction returned NaN
merapi_2010_0142,merapi_kd028_pass,2010,Un  279  2010-CpxBottom-50E,2010-CpxBottom-50,283,2147,0.2799921576202294,7.842379770583996e-06,Pu08_33,"Putirka, 2008 eq33_T; eq31_P (cpx_liq)",T,,1256.843601772856,ok,
merapi_2010_0143,merapi_kd028_pass,2010,Un  281  2010-CpxBottom-49N,2010-CpxBottom-49,285,15424,0.2800310738358642,3.107383586420376e-05,Pu08_33,"Putirka, 2008 eq33_T; eq31_P (cpx_liq)",T,,,calculation_failed,prediction returned NaN
merapi_2010_0144,merapi_kd028_pass,2010,Un  286  2010-CpxBottom-R2,2010-CpxBottom,290,10807,0.2799972476730776,2.752326922428328e-06,Pu08_33,"Putirka, 2008 eq33_T; eq31_P (cpx_liq)",T,,,calculation_failed,prediction returned NaN
merapi_2010_0145,merapi_kd028_pass,2010,Un  287  2010-CpxSkull-56N,2010-CpxSkull-56,291,2157,0.2799892466082562,1.075339174383405e-05,Pu08_33,"Putirka, 2008 eq33_T; eq31_P (cpx_liq)",T,,,calculation_failed,prediction returned NaN
merapi_2010_0146,merapi_kd028_pass,2010,Un  297  2010-CpxSkull-Rim1,2010-CpxSkull,299,19222,0.2800106561710371,1.065617103707117e-05,Pu08_33,"Putirka, 2008 eq33_T; eq31_P (cpx_liq)",T,,,calculation_failed,prediction returned NaN
merapi_2010_0147,merapi_kd028_pass,2010,Un  300  2010-CpxSkull-Rim2,2010-CpxSkull,302,10692,0.2799953129372731,4.687062726937974e-06,Pu08_33,"Putirka, 2008 eq33_T; eq31_P (cpx_liq)",T,,,calculation_failed,prediction returned NaN
merapi_2010_0148,merapi_kd028_pass,2010,Un  301  2010-CpxSkull-Rim3,2010-CpxSkull,303,9366,0.2799988713753707,1.128624629309627e-06,Pu08_33,"Putirka, 2008 eq33_T; eq31_P (cpx_liq)",T,,,calculation_failed,prediction returned NaN
merapi_2006_0001,merapi_kd028_pass,2006,2006px2 Line 001 ,2006px2,0,9581,0.2799974498225476,2.55017745243169e-06,Pet20,"Petrelli et al., 2020 (cpx_liq)",T,,1116.9272727272864,ok,
merapi_2006_0002,merapi_kd028_pass,2006,2006px2 Line 002 ,2006px2,1,4919,0.2799870689065713,1.293109342870302e-05,Pet20,"Petrelli et al., 2020 (cpx_liq)",T,,1104.310909090923,ok,
merapi_2006_0003,merapi_kd028_pass,2006,2006px2 Line 003 ,2006px2,2,13958,0.2800157045766593,1.570457665922564e-05,Pet20,"Petrelli et al., 2020 (cpx_liq)",T,,1067.96363636365,ok,
merapi_2006_0004,merapi_kd028_pass,2006,2006px2 Line 004 ,2006px2,3,16902,0.2799995963332798,4.036667202722555e-07,Pet20,"Petrelli et al., 2020 (cpx_liq)",T,,1043.4772727272862,ok,
merapi_2006_0005,merapi_kd028_pass,2006,2006px2 Line 005 ,2006px2,4,11378,0.2800001900063491,1.900063490989368e-07,Pet20,"Petrelli et al., 2020 (cpx_liq)",T,,1089.9863636363775,ok,
merapi_2006_0006,merapi_kd028_pass,2006,2006px2 Line 011 ,2006px2,10,4745,0.2799668715475006,3.31284524994202e-05,Pet20,"Petrelli et al., 2020 (cpx_liq)",T,,1108.9663636363775,ok,
merapi_2006_0007,merapi_kd028_pass,2006,2006px2 Line 012 ,2006px2,11,3134,0.2799997359248839,2.640751161631094e-07,Pet20,"Petrelli et al., 2020 (cpx_liq)",T,,1116.7545454545593,ok,
merapi_2006_0008,merapi_kd028_pass,2006,2006px3 Line 023 ,2006px3,35,5834,0.2799684670032443,3.153299675573429e-05,Pet20,"Petrelli et al., 2020 (cpx_liq)",T,,1083.00363636365,ok,
merapi_2006_0009,merapi_kd028_pass,2006,2006px3 Line 024 ,2006px3,36,17798,0.2800009358429474,9.358429474137786e-07,Pet20,"Petrelli et al., 2020 (cpx_liq)",T,,1070.2690909091043,ok,
merapi_2006_0010,merapi_kd028_pass,2006,2006px3 Line 025 ,2006px3,37,3428,0.2800156792466391,1.56792466390332e-05,Pet20,"Petrelli et al., 2020 (cpx_liq)",T,,1096.494545454559,ok,
merapi_2006_0011,merapi_kd028_pass,2006,2006px3 Line 026 ,2006px3,38,5590,0.2799995436317146,4.56368285384201e-07,Pet20,"Petrelli et al., 2020 (cpx_liq)",T,,1094.591818181832,ok,
merapi_2006_0012,merapi_kd028_pass,2006,2006px3 Line 027 ,2006px3,39,2553,0.2800041347572449,4.134757244922405e-06,Pet20,"Petrelli et al., 2020 (cpx_liq)",T,,1113.512727272741,ok,
merapi_2006_0013,merapi_kd028_pass,2006,2006px3 Line 028 ,2006px3,40,10701,0.2799987824852813,1.217514718765411e-06,Pet20,"Petrelli et al., 2020 (cpx_liq)",T,,1089.5363636363772,ok,
merapi_2006_0014,merapi_kd028_pass,2006,2006px3 Line 029 ,2006px3,41,16550,0.27999970009488,2.999051200158753e-07,Pet20,"Petrelli et al., 2020 (cpx_liq)",T,,1088.4845454545593,ok,
merapi_2006_0015,merapi_kd028_pass,2006,2006px3 Line 030 ,2006px3,42,5881,0.280001740402496,1.740402496008819e-06,Pet20,"Petrelli et al., 2020 (cpx_liq)",T,,1096.700000000014,ok,
merapi_2006_0016,merapi_kd028_pass,2006,2006px3 Line 031 ,2006px3,43,7032,0.2800079058247457,7.905824745690904e-06,Pet20,"Petrelli et al., 2020 (cpx_liq)",T,,1093.2409090909227,ok,
merapi_2006_0017,merapi_kd028_pass,2006,2006px3 Line 032 ,2006px3,44,12524,0.2799786851612204,2.131483877965135e-05,Pet20,"Petrelli et al., 2020 (cpx_liq)",T,,1105.6300000000138,ok,
merapi_2006_0018,merapi_kd028_pass,2006,2006trav1n Line 001 ,2006trav1,58,14072,0.2800026645370314,2.66453703134939e-06,Pet20,"Petrelli et al., 2020 (cpx_liq)",T,,1051.0872727272863,ok,
merapi_2006_0019,merapi_kd028_pass,2006,2006trav1n Line 002 ,2006trav1,59,13298,0.2799967368270788,3.263172921208479e-06,Pet20,"Petrelli et al., 2020 (cpx_liq)",T,,1106.352727272741,ok,
merapi_2006_0020,merapi_kd028_pass,2006,2006trav1n Line 017 ,2006trav1,74,19148,0.2800022664781375,2.266478137502581e-06,Pet20,"Petrelli et al., 2020 (cpx_liq)",T,,1113.102727272741,ok,
merapi_2006_0021,merapi_kd028_pass,2006,2006trav1n Line 019 ,2006trav1,76,10696,0.2800256233985809,2.562339858092066e-05,Pet20,"Petrelli et al., 2020 (cpx_liq)",T,,1117.9600000000141,ok,
merapi_2006_0022,merapi_kd028_pass,2006,2006trav1n Line 020 ,2006trav1,77,9588,0.2800043793820398,4.379382039731983e-06,Pet20,"Petrelli et al., 2020 (cpx_liq)",T,,1104.0727272727408,ok,
merapi_2006_0023,merapi_kd028_pass,2006,2006trav1n Line 023 ,2006trav1,80,8720,0.2800041179486016,4.117948601556343e-06,Pet20,"Petrelli et al., 2020 (cpx_liq)",T,,1102.2809090909227,ok,
merapi_2006_0024,merapi_kd028_pass,2006,2006trav1n Line 024 ,2006trav1,81,2945,0.2799832553448161,1.67446551839201e-05,Pet20,"Petrelli et al., 2020 (cpx_liq)",T,,1095.4154545454685,ok,
merapi_2006_0025,merapi_kd028_pass,2006,2006trav1n Line 025 ,2006trav1,82,17864,0.2799966439377978,3.356062202253263e-06,Pet20,"Petrelli et al., 2020 (cpx_liq)",T,,1104.5654545454681,ok,
merapi_2006_0026,merapi_kd028_pass,2006,2006trav1n Line 026 ,2006trav1,83,9461,0.2800025180872135,2.518087213521092e-06,Pet20,"Petrelli et al., 2020 (cpx_liq)",T,,1110.9981818181955,ok,
merapi_2006_0027,merapi_kd028_pass,2006,2006trav1n Line 028 ,2006trav1,85,3380,0.2800126995628873,1.269956288724172e-05,Pet20,"Petrelli et al., 2020 (cpx_liq)",T,,1121.4563636363773,ok,
merapi_2006_0028,merapi_kd028_pass,2006,2006trav1n Line 029 ,2006trav1,86,19486,0.2799759551680616,2.404483193846341e-05,Pet20,"Petrelli et al., 2020 (cpx_liq)",T,,1109.040909090923,ok,
merapi_2006_0029,merapi_kd028_pass,2006,2006trav1n Line 030 ,2006trav1,87,17741,0.2800037470948772,3.747094877160073e-06,Pet20,"Petrelli et al., 2020 (cpx_liq)",T,,1099.912727272741,ok,
merapi_2006_0030,merapi_kd028_pass,2006,2006trav1n Line 031 ,2006trav1,88,14652,0.2799971993555523,2.800644447686906e-06,Pet20,"Petrelli et al., 2020 (cpx_liq)",T,,1118.020909090923,ok,
merapi_2006_0031,merapi_kd028_pass,2006,2006trav1n Line 032 ,2006trav1,89,10065,0.2799724972348179,2.750276518209693e-05,Pet20,"Petrelli et al., 2020 (cpx_liq)",T,,1107.7472727272866,ok,
merapi_2006_0032,merapi_kd028_pass,2006,2006trav1n Line 033 ,2006trav1,90,6907,0.2799969238817676,3.076118232414604e-06,Pet20,"Petrelli et al., 2020 (cpx_liq)",T,,1081.5281818181952,ok,
merapi_2006_0033,merapi_kd028_pass,2006,2006trav1n Line 034 ,2006trav1,91,5036,0.2799912145287365,8.785471263539346e-06,Pet20,"Petrelli et al., 2020 (cpx_liq)",T,,1105.3345454545592,ok,
merapi_2006_0034,merapi_kd028_pass,2006,2006trav2n  Line 009 ,2006trav2,108,13140,0.2799949264581835,5.073541816558169e-06,Pet20,"Petrelli et al., 2020 (cpx_liq)",T,,1111.7090909091048,ok,
merapi_2006_0035,merapi_kd028_pass,2006,2006trav2n  Line 010 ,2006trav2,109,7560,0.2799936080720503,6.391927949767062e-06,Pet20,"Petrelli et al., 2020 (cpx_liq)",T,,1008.1209090909223,ok,
merapi_2006_0036,merapi_kd028_pass,2006,2006trav2n  Line 011 ,2006trav2,110,8900,0.2799962877122568,3.71228774326271e-06,Pet20,"Petrelli et al., 2020 (cpx_liq)",T,,1003.1554545454675,ok,
merapi_2006_0037,merapi_kd028_pass,2006,2006trav2n  Line 012 ,2006trav2,111,13896,0.2800091551834771,9.1551834770498e-06,Pet20,"Petrelli et al., 2020 (cpx_liq)",T,,1029.5018181818314,ok,
merapi_2006_0038,merapi_kd028_pass,2006,2006trav2n  Line 013 ,2006trav2,112,18840,0.2799861823323435,1.381766765651271e-05,Pet20,"Petrelli et al., 2020 (cpx_liq)",T,,1052.9581818181955,ok,
merapi_2006_0039,merapi_kd028_pass,2006,2006trav2n  Line 017 ,2006trav2,116,7030,0.279987146234402,1.285376559800877e-05,Pet20,"Petrelli et al., 2020 (cpx_liq)",T,,1113.4827272727412,ok,
merapi_2006_0040,merapi_kd028_pass,2006,Un   95  2006cpx1-80W,2006cpx1-80,135,19746,0.2799973584549343,2.641545065684703e-06,Pet20,"Petrelli et al., 2020 (cpx_liq)",T,,1103.7163636363775,ok,
merapi_2006_0041,merapi_kd028_pass,2006,Un   96  2006cpx1-test,2006cpx1-test,139,11432,0.2800072280802169,7.228080216914456e-06,Pet20,"Petrelli et al., 2020 (cpx_liq)",T,,1062.0972727272865,ok,
merapi_2006_0042,merapi_kd028_pass,2006,Un   97  2006cpx1-80E,2006cpx1-80,140,89,0.2799920485428923,7.951457107691073e-06,Pet20,"Petrelli et al., 2020 (cpx_liq)",T,,1111.7463636363773,ok,
merapi_2010_0043,merapi_kd028_pass,2010,2010-cpx1 Line 002 ,2010-cpx1,0,6018,0.2799998030112246,1.969887754582622e-07,Pet20,"Petrelli et al., 2020 (cpx_liq)",T,,1088.102727272741,ok,
merapi_2010_0044,merapi_kd028_pass,2010,2010-cpx1 Line 003 ,2010-cpx1,1,4057,0.2799981517158307,1.848284169325698e-06,Pet20,"Petrelli et al., 2020 (cpx_liq)",T,,998.8018181818312,ok,
merapi_2010_0045,merapi_kd028_pass,2010,2010-cpx1 Line 004 ,2010-cpx1,2,5871,0.2799977644084414,2.235591558652494e-06,Pet20,"Petrelli et al., 2020 (cpx_liq)",T,,1009.9454545454677,ok,
merapi_2010_0046,merapi_kd028_pass,2010,2010-cpx1 Line 005 ,2010-cpx1,3,2435,0.2800051065098412,5.106509841146245e-06,Pet20,"Petrelli et al., 2020 (cpx_liq)",T,,976.9981818181944,ok,
merapi_2010_0047,merapi_kd028_pass,2010,2010-cpx1 Line 006 ,2010-cpx1,4,15157,0.2799988812011857,1.118798814370159e-06,Pet20,"Petrelli et al., 2020 (cpx_liq)",T,,997.1090909091039,ok,
merapi_2010_0048,merapi_kd028_pass,2010,2010-cpx1 Line 007 ,2010-cpx1,5,257,0.280005844839572,5.844839571944593e-06,Pet20,"Petrelli et al., 2020 (cpx_liq)",T,,1045.9827272727407,ok,
merapi_2010_0049,merapi_kd028_pass,2010,2010-cpx1 Line 008 ,2010-cpx1,6,1295,0.2800077662750068,7.76627500681526e-06,Pet20,"Petrelli et al., 2020 (cpx_liq)",T,,1016.1727272727404,ok,
merapi_2010_0050,merapi_kd028_pass,2010,2010-cpx1 Line 009 ,2010-cpx1,7,16888,0.2800021365885482,2.136588548196094e-06,Pet20,"Petrelli et al., 2020 (cpx_liq)",T,,1014.1272727272859,ok,
merapi_2010_0051,merapi_kd028_pass,2010,2010-cpx1 Line 010 ,2010-cpx1,8,8856,0.2800015856658248,1.585665824810345e-06,Pet20,"Petrelli et al., 2020 (cpx_liq)",T,,1059.5409090909225,ok,
merapi_2010_0052,merapi_kd028_pass,2010,2010-cpx1 Line 011 ,2010-cpx1,9,1439,0.2800011849694209,1.184969420919835e-06,Pet20,"Petrelli et al., 2020 (cpx_liq)",T,,995.8363636363766,ok,
merapi_2010_0053,merapi_kd028_pass,2010,2010-cpx1 Line 012 ,2010-cpx1,10,14518,0.2800006107589095,6.107589094472843e-07,Pet20,"Petrelli et al., 2020 (cpx_liq)",T,,1091.336727272741,ok,
merapi_2010_0054,merapi_kd028_pass,2010,2010-cpx1 Line 013 ,2010-cpx1,11,16676,0.2800025879305247,2.587930524711179e-06,Pet20,"Petrelli et al., 2020 (cpx_liq)",T,,994.2563636363765,ok,
merapi_2010_0055,merapi_kd028_pass,2010,2010-cpx1 Line 014 ,2010-cpx1,12,8688,0.2800010648039675,1.064803967498751e-06,Pet20,"Petrelli et al., 2020 (cpx_liq)",T,,992.490909090922,ok,
merapi_2010_0056,merapi_kd028_pass,2010,2010-cpx1 Line 015 ,2010-cpx1,13,5877,0.2799969867108625,3.013289137543396e-06,Pet20,"Petrelli et al., 2020 (cpx_liq)",T,,986.7236363636492,ok,
merapi_2010_0057,merapi_kd028_pass,2010,2010-cpx1 Line 016 ,2010-cpx1,14,452,0.2799821560205399,1.784397946014149e-05,Pet20,"Petrelli et al., 2020 (cpx_liq)",T,,1000.8245454545585,ok,
merapi_2010_0058,merapi_kd028_pass,2010,2010-cpx1 Line 017 ,2010-cpx1,15,2032,0.2800006717020297,6.717020297197784e-07,Pet20,"Petrelli et al., 2020 (cpx_liq)",T,,1021.6918181818313,ok,
merapi_2010_0059,merapi_kd028_pass,2010,2010-cpx1 Line 018 ,2010-cpx1,16,19283,0.2800046137817918,4.613781791784621e-06,Pet20,"Petrelli et al., 2020 (cpx_liq)",T,,1006.419090909104,ok,
merapi_2010_0060,merapi_kd028_pass,2010,2010-cpx1 Line 019 ,2010-cpx1,17,8771,0.2800725605111906,7.256051119058915e-05,Pet20,"Petrelli et al., 2020 (cpx_liq)",T,,1105.8681818181958,ok,
merapi_2010_0061,merapi_kd028_pass,2010,2010-cpx1 Line 020 ,2010-cpx1,18,5387,0.2800073241282617,7.324128261654295e-06,Pet20,"Petrelli et al., 2020 (cpx_liq)",T,,1103.4054545454683,ok,
merapi_2010_0062,merapi_kd028_pass,2010,2010-cpx1 Line 021 ,2010-cpx1,19,3489,0.2799965137473102,3.486252689866021e-06,Pet20,"Petrelli et al., 2020 (cpx_liq)",T,,1120.344909090923,ok,
merapi_2010_0063,merapi_kd028_pass,2010,nov10_px5an Line 026 ,nov10_px5,84,17229,0.2799933632122469,6.636787753144802e-06,Pet20,"Petrelli et al., 2020 (cpx_liq)",T,,1064.23363636365,ok,
merapi_2010_0064,merapi_kd028_pass,2010,nov10_px5an Line 027 ,nov10_px5,85,10975,0.279998405979791,1.594020209050306e-06,Pet20,"Petrelli et al., 2020 (cpx_liq)",T,,1048.7327272727407,ok,
merapi_2010_0065,merapi_kd028_pass,2010,nov10_px5an Line 028 ,nov10_px5,86,17829,0.2800100678768651,1.006787686508304e-05,Pet20,"Petrelli et al., 2020 (cpx_liq)",T,,1048.0527272727404,ok,
merapi_2010_0066,merapi_kd028_pass,2010,nov10_px5an Line 029 ,nov10_px5,87,16574,0.2799947642915669,5.235708433082298e-06,Pet20,"Petrelli et al., 2020 (cpx_liq)",T,,1056.3209090909227,ok,
merapi_2010_0067,merapi_kd028_pass,2010,nov10_px5an Line 030 ,nov10_px5,88,9438,0.2799969807857353,3.019214264765591e-06,Pet20,"Petrelli et al., 2020 (cpx_liq)",T,,1027.0645454545588,ok,
merapi_2010_0068,merapi_kd028_pass,2010,nov10_px5an Line 031 ,nov10_px5,89,16459,0.2800051022630541,5.102263054057588e-06,Pet20,"Petrelli et al., 2020 (cpx_liq)",T,,1055.4163636363774,ok,
merapi_2010_0069,merapi_kd028_pass,2010,nov10_px5an Line 032 ,nov10_px5,90,4559,0.280006369562572,6.369562571995058e-06,Pet20,"Petrelli et al., 2020 (cpx_liq)",T,,1021.5109090909222,ok,
merapi_2010_0070,merapi_kd028_pass,2010,nov10_px5an Line 033 ,nov10_px5,91,6918,0.279989171985401,1.082801459906246e-05,Pet20,"Petrelli et al., 2020 (cpx_liq)",T,,1021.9463636363768,ok,
merapi_2010_0071,merapi_kd028_pass,2010,nov10_px5an Line 034 ,nov10_px5,92,9687,0.2800279863805439,2.798638054390956e-05,Pet20,"Petrelli et al., 2020 (cpx_liq)",T,,1032.4227272727408,ok,
merapi_2010_0072,merapi_kd028_pass,2010,nov10_px5an Line 035 ,nov10_px5,93,14424,0.2800076247920927,7.624792092653099e-06,Pet20,"Petrelli et al., 2020 (cpx_liq)",T,,1044.978181818195,ok,
merapi_2010_0073,merapi_kd028_pass,2010,nov10_px5an Line 036 ,nov10_px5,94,15711,0.279957811472103,4.218852789705796e-05,Pet20,"Petrelli et al., 2020 (cpx_liq)",T,,1011.817272727286,ok,
merapi_2010_0074,merapi_kd028_pass,2010,nov10_px5an Line 037 ,nov10_px5,95,17572,0.2800034736768699,3.473676869869546e-06,Pet20,"Petrelli et al., 2020 (cpx_liq)",T,,1027.8427272727404,ok,
merapi_2010_0075,merapi_kd028_pass,2010,nov10_px5an Line 038 ,nov10_px5,96,19294,0.2800113853387882,1.138533878813908e-05,Pet20,"Petrelli et al., 2020 (cpx_liq)",T,,1014.7072727272858,ok,
merapi_2010_0076,merapi_kd028_pass,2010,nov10_px5an Line 039 ,nov10_px5,97,17149,0.2800314474896073,3.144748960731691e-05,Pet20,"Petrelli et al., 2020 (cpx_liq)",T,,999.5127272727401,ok,
merapi_2010_0077,merapi_kd028_pass,2010,nov10_px5an Line 040 ,nov10_px5,98,2050,0.279950692550907,4.930744909298346e-05,Pet20,"Petrelli et al., 2020 (cpx_liq)",T,,1012.7654545454676,ok,
merapi_2010_0078,merapi_kd028_pass,2010,nov10_px5an Line 041 ,nov10_px5,99,5528,0.279996345939143,3.654060857005703e-06,Pet20,"Petrelli et al., 2020 (cpx_liq)",T,,1023.6427272727404,ok,
merapi_2010_0079,merapi_kd028_pass,2010,nov10_px5an Line 042 ,nov10_px5,100,798,0.2800264683941149,2.646839411485358e-05,Pet20,"Petrelli et al., 2020 (cpx_liq)",T,,1036.7981818181952,ok,
merapi_2010_0080,merapi_kd028_pass,2010,nov10_px5bn Line 020 ,nov10_px5,120,4575,0.2799610569113504,3.894308864965668e-05,Pet20,"Petrelli et al., 2020 (cpx_liq)",T,,1118.7145454545594,ok,
merapi_2010_0081,merapi_kd028_pass,2010,nov10_px5bn Line 035 ,nov10_px5,135,17245,0.2800006834025761,6.834025760849016e-07,Pet20,"Petrelli et al., 2020 (cpx_liq)",T,,1086.9227272727412,ok,
merapi_2010_0082,merapi_kd028_pass,2010,nov10_px5bn Line 036 ,nov10_px5,136,4990,0.2800030942003303,3.094200330233665e-06,Pet20,"Petrelli et al., 2020 (cpx_liq)",T,,1022.0263636363767,ok,
merapi_2010_0083,merapi_kd028_pass,2010,nov10_px5bn Line 037 ,nov10_px5,137,14581,0.2800020652329865,2.065232986458998e-06,Pet20,"Petrelli et al., 2020 (cpx_liq)",T,,995.5872727272857,ok,
merapi_2010_0084,merapi_kd028_pass,2010,nov10_px5bn Line 038 ,nov10_px5,138,5241,0.2800028069195141,2.806919514097839e-06,Pet20,"Petrelli et al., 2020 (cpx_liq)",T,,1074.2958181818317,ok,
merapi_2010_0085,merapi_kd028_pass,2010,nov10_px5bn Line 039 ,nov10_px5,139,16670,0.2799988743007921,1.125699207960018e-06,Pet20,"Petrelli et al., 2020 (cpx_liq)",T,,991.6490909091038,ok,
merapi_2010_0086,merapi_kd028_pass,2010,nov10_px5bn Line 040 ,nov10_px5,140,127,0.2800018784026617,1.878402661636969e-06,Pet20,"Petrelli et al., 2020 (cpx_liq)",T,,1067.0454545454681,ok,
merapi_2010_0087,merapi_kd028_pass,2010,nov10_px5bn Line 041 ,nov10_px5,141,4082,0.2800013188513222,1.318851322151815e-06,Pet20,"Petrelli et al., 2020 (cpx_liq)",T,,1048.3000000000134,ok,
merapi_2010_0088,merapi_kd028_pass,2010,nov10_px5bn Line 042 ,nov10_px5,142,11179,0.2800029317436675,2.931743667500264e-06,Pet20,"Petrelli et al., 2020 (cpx_liq)",T,,1098.7552727272864,ok,
merapi_2010_0089,merapi_kd028_pass,2010,nov10_px5cn Line 027 ,nov10_px5,169,8360,0.2800355603519092,3.556035190921403e-05,Pet20,"Petrelli et al., 2020 (cpx_liq)",T,,1096.2409090909227,ok,
merapi_2010_0090,merapi_kd028_pass,2010,nov10_px5cn Line 028 ,nov10_px5,170,10692,0.280010041862024,1.00418620239684e-05,Pet20,"Petrelli et al., 2020 (cpx_liq)",T,,1059.944545454559,ok,
merapi_2010_0091,merapi_kd028_pass,2010,nov10_px5cn Line 029 ,nov10_px5,171,5211,0.2799959499111569,4.050088843077226e-06,Pet20,"Petrelli et al., 2020 (cpx_liq)",T,,1060.9100000000135,ok,
merapi_2010_0092,merapi_kd028_pass,2010,nov10_px5cn Line 030 ,nov10_px5,172,4070,0.2799978980475839,2.101952416122543e-06,Pet20,"Petrelli et al., 2020 (cpx_liq)",T,,989.7581818181947,ok,
merapi_2010_0093,merapi_kd028_pass,2010,nov10_px5cn Line 031 ,nov10_px5,173,10188,0.2799935557963997,6.444203600353138e-06,Pet20,"Petrelli et al., 2020 (cpx_liq)",T,,1081.6212727272864,ok,
merapi_2010_0094,merapi_kd028_pass,2010,nov10_px5cn Line 032 ,nov10_px5,174,8753,0.2799985030544663,1.496945533752125e-06,Pet20,"Petrelli et al., 2020 (cpx_liq)",T,,1015.3763636363768,ok,
merapi_2010_0095,merapi_kd028_pass,2010,nov10_px5cn Line 033 ,nov10_px5,175,11365,0.2800044647547743,4.464754774224922e-06,Pet20,"Petrelli et al., 2020 (cpx_liq)",T,,1065.495454545468,ok,
merapi_2010_0096,merapi_kd028_pass,2010,nov10_px5cn Line 034 ,nov10_px5,176,1381,0.2799976878007022,2.312199297860307e-06,Pet20,"Petrelli et al., 2020 (cpx_liq)",T,,1034.1890909091044,ok,
merapi_2010_0097,merapi_kd028_pass,2010,nov10_px5cn Line 035 ,nov10_px5,177,15978,0.279998997814827,1.002185173015757e-06,Pet20,"Petrelli et al., 2020 (cpx_liq)",T,,1000.6781818181947,ok,
merapi_2010_0098,merapi_kd028_pass,2010,nov10_px5cn Line 036 ,nov10_px5,178,8902,0.2800031271665638,3.127166563754447e-06,Pet20,"Petrelli et al., 2020 (cpx_liq)",T,,1039.6690909091044,ok,
merapi_2010_0099,merapi_kd028_pass,2010,nov10_px5cn Line 037 ,nov10_px5,179,14293,0.2800024680425633,2.468042563263939e-06,Pet20,"Petrelli et al., 2020 (cpx_liq)",T,,1033.558181818195,ok,
merapi_2010_0100,merapi_kd028_pass,2010,nov10_px5cn Line 038 ,nov10_px5,180,12852,0.2800010792607041,1.079260704084373e-06,Pet20,"Petrelli et al., 2020 (cpx_liq)",T,,1074.642727272741,ok,
merapi_2010_0101,merapi_kd028_pass,2010,nov10_px5cn Line 039 ,nov10_px5,181,81,0.2800027112246111,2.711224611040564e-06,Pet20,"Petrelli et al., 2020 (cpx_liq)",T,,1017.429090909104,ok,
merapi_2010_0102,merapi_kd028_pass,2010,nov10_px5cn Line 040 ,nov10_px5,182,160,0.2800081154584018,8.11545840173622e-06,Pet20,"Petrelli et al., 2020 (cpx_liq)",T,,1065.7709090909225,ok,
merapi_2010_0103,merapi_kd028_pass,2010,nov10_px5cn Line 041 ,nov10_px5,183,14033,0.2799970809354401,2.919064559958606e-06,Pet20,"Petrelli et al., 2020 (cpx_liq)",T,,1072.2807272727405,ok,
merapi_2010_0104,merapi_kd028_pass,2010,nov10_px5cn Line 042 ,nov10_px5,184,11589,0.2800003808783538,3.808783537451177e-07,Pet20,"Petrelli et al., 2020 (cpx_liq)",T,,1030.907272727286,ok,
merapi_2010_0105,merapi_kd028_pass,2010,nov10_px6bn Line 022 ,nov10_px6,206,5838,0.2799975763316663,2.423668333695339e-06,Pet20,"Petrelli et al., 2020 (cpx_liq)",T,,1025.4172727272858,ok,
merapi_2010_0106,merapi_kd028_pass,2010,nov10_px6bn Line 023 ,nov10_px6,207,12299,0.2799929724821653,7.027517834767849e-06,Pet20,"Petrelli et al., 2020 (cpx_liq)",T,,1026.3109090909225,ok,
merapi_2010_0107,merapi_kd028_pass,2010,nov10_px6bn Line 024 ,nov10_px6,208,8066,0.2799979396071882,2.060392811809031e-06,Pet20,"Petrelli et al., 2020 (cpx_liq)",T,,1120.7372727272868,ok,
merapi_2010_0108,merapi_kd028_pass,2010,nov10_px6bn Line 025 ,nov10_px6,209,2000,0.2800115110848241,1.151108482405627e-05,Pet20,"Petrelli et al., 2020 (cpx_liq)",T,,1110.2345454545593,ok,
merapi_2010_0109,merapi_kd028_pass,2010,nov10_px6bn Line 026 ,nov10_px6,210,4024,0.280001245370136,1.245370135960489e-06,Pet20,"Petrelli et al., 2020 (cpx_liq)",T,,1097.8190909091045,ok,
merapi_2010_0110,merapi_kd028_pass,2010,nov10_px6bn Line 027 ,nov10_px6,211,16911,0.2799848953098698,1.510469013021876e-05,Pet20,"Petrelli et al., 2020 (cpx_liq)",T,,1065.830909090923,ok,
merapi_2010_0111,merapi_kd028_pass,2010,nov10_px6bn Line 028 ,nov10_px6,212,16798,0.2800080151835502,8.015183550147409e-06,Pet20,"Petrelli et al., 2020 (cpx_liq)",T,,1087.3318181818317,ok,
merapi_2010_0112,merapi_kd028_pass,2010,nov10_px6bn Line 029 ,nov10_px6,213,13586,0.2800028263253634,2.826325363414206e-06,Pet20,"Petrelli et al., 2020 (cpx_liq)",T,,1070.744545454559,ok,
merapi_2010_0113,merapi_kd028_pass,2010,nov10_px6bn Line 030 ,nov10_px6,214,17483,0.2800353341079006,3.533410790057534e-05,Pet20,"Petrelli et al., 2020 (cpx_liq)",T,,1064.3109090909225,ok,
merapi_2010_0114,merapi_kd028_pass,2010,nov10_px6bn Line 031 ,nov10_px6,215,18016,0.2799966796108934,3.320389106609145e-06,Pet20,"Petrelli et al., 2020 (cpx_liq)",T,,1115.480909090923,ok,
merapi_2010_0115,merapi_kd028_pass,2010,nov10_px6bn Line 032 ,nov10_px6,216,4728,0.2799866525462,1.334745380004998e-05,Pet20,"Petrelli et al., 2020 (cpx_liq)",T,,1117.304545454559,ok,
merapi_2010_0116,merapi_kd028_pass,2010,nov10_px6bn Line 033 ,nov10_px6,217,4355,0.280003212463115,3.212463115020991e-06,Pet20,"Petrelli et al., 2020 (cpx_liq)",T,,1107.8000000000138,ok,
merapi_2010_0117,merapi_kd028_pass,2010,oct10-px4a Line 001 ,oct10-px4a,218,3892,0.2800088174441775,8.817444177466882e-06,Pet20,"Petrelli et al., 2020 (cpx_liq)",T,,1094.8236363636502,ok,
merapi_2010_0118,merapi_kd028_pass,2010,oct10-px4a Line 002 ,oct10-px4a,219,7828,0.2799665652974266,3.343470257344272e-05,Pet20,"Petrelli et al., 2020 (cpx_liq)",T,,1006.729090909104,ok,
merapi_2010_0119,merapi_kd028_pass,2010,oct10-px4a Line 008 ,oct10-px4a,225,14045,0.2800199062319113,1.990623191128194e-05,Pet20,"Petrelli et al., 2020 (cpx_liq)",T,,1116.4172727272867,ok,
merapi_2010_0120,merapi_kd028_pass,2010,oct10-px4a Line 009 ,oct10-px4a,226,13348,0.2800058843242761,5.884324276117514e-06,Pet20,"Petrelli et al., 2020 (cpx_liq)",T,,1093.3681818181958,ok,
merapi_2010_0121,merapi_kd028_pass,2010,oct10-px4a Line 011 ,oct10-px4a,227,7173,0.2800390814738258,3.908147382575278e-05,Pet20,"Petrelli et al., 2020 (cpx_liq)",T,,1108.131818181832,ok,
merapi_2010_0122,merapi_kd028_pass,2010,oct10-px4a Line 012 ,oct10-px4a,228,16050,0.2799826242196712,1.737578032878773e-05,Pet20,"Petrelli et al., 2020 (cpx_liq)",T,,1116.8730909091046,ok,
merapi_2010_0123,merapi_kd028_pass,2010,oct10-px4a Line 015 ,oct10-px4a,231,8081,0.2799973712794988,2.628720501274273e-06,Pet20,"Petrelli et al., 2020 (cpx_liq)",T,,1116.33363636365,ok,
merapi_2010_0124,merapi_kd028_pass,2010,oct10-px4a Line 017 ,oct10-px4a,233,5508,0.2799943694425442,5.630557455782448e-06,Pet20,"Petrelli et al., 2020 (cpx_liq)",T,,1078.5727272727408,ok,
merapi_2010_0125,merapi_kd028_pass,2010,oct10-px4a Line 018 ,oct10-px4a,234,15738,0.2799929769501922,7.023049807819426e-06,Pet20,"Petrelli et al., 2020 (cpx_liq)",T,,1011.1800000000131,ok,
merapi_2010_0126,merapi_kd028_pass,2010,oct10-px7a Line 003 ,oct10-px7a,237,1018,0.2799773514750729,2.264852492711578e-05,Pet20,"Petrelli et al., 2020 (cpx_liq)",T,,1085.7300000000137,ok,
merapi_2010_0127,merapi_kd028_pass,2010,Un  207  2010-Cpx1-60S,2010-Cpx1-60,259,6010,0.2800185298718917,1.852987189171484e-05,Pet20,"Petrelli et al., 2020 (cpx_liq)",T,,1102.4400000000137,ok,
merapi_2010_0128,merapi_kd028_pass,2010,Un  208  2010-Cpx1-60E,2010-Cpx1-60,260,15630,0.2800210555938312,2.105559383119848e-05,Pet20,"Petrelli et al., 2020 (cpx_liq)",T,,1112.130909090923,ok,
merapi_2010_0129,merapi_kd028_pass,2010,Un  209  2010-Cpx1-Core1,2010-Cpx1-CORE,261,9023,0.2800248773529943,2.487735299427918e-05,Pet20,"Petrelli et al., 2020 (cpx_liq)",T,,1118.0218181818318,ok,
merapi_2010_0130,merapi_kd028_pass,2010,Un  210  2010-Cpx1-Core2,2010-Cpx1-CORE,262,8312,0.2799934040601317,6.595939868347944e-06,Pet20,"Petrelli et al., 2020 (cpx_liq)",T,,1098.400909090923,ok,
merapi_2010_0131,merapi_kd028_pass,2010,Un  211  2010-Cpx1-Core3,2010-Cpx1-CORE,263,16842,0.2800018738159906,1.873815990593997e-06,Pet20,"Petrelli et al., 2020 (cpx_liq)",T,,1107.2090909091048,ok,
merapi_2010_0132,merapi_kd028_pass,2010,Un  212  2010-Cpx1-61W,2010-Cpx1-61,264,9373,0.2800080710201749,8.071020174860166e-06,Pet20,"Petrelli et al., 2020 (cpx_liq)",T,,1112.6172727272865,ok,
merapi_2010_0133,merapi_kd028_pass,2010,Un  213  2010-Cpx1-61E,2010-Cpx1-61,265,11782,0.279988138916497,1.18610835029842e-05,Pet20,"Petrelli et al., 2020 (cpx_liq)",T,,1074.7636363636498,ok,
merapi_2010_0134,merapi_kd028_pass,2010,Un  214  2010-Cpx1-61N,2010-Cpx1-61,266,18560,0.2799839428361771,1.605716382291345e-05,Pet20,"Petrelli et al., 2020 (cpx_liq)",T,,1089.7390909091046,ok,
merapi_2010_0135,merapi_kd028_pass,2010,Un  216  2010-Cpx1-62W,2010-Cpx1-62,267,9894,0.27995379187536,4.620812464006807e-05,Pet20,"Petrelli et al., 2020 (cpx_liq)",T,,1064.9281818181953,ok,
merapi_2010_0136,merapi_kd028_pass,2010,Un  219  2010-Cpx1-RIM3,2010-Cpx1-RIM,268,17348,0.2799836140156229,1.638598437708749e-05,Pet20,"Petrelli et al., 2020 (cpx_liq)",T,,1006.7281818181947,ok,
merapi_2010_0137,merapi_kd028_pass,2010,Un  220  2010-Cpx1-Core4,2010-Cpx1-CORE,269,17822,0.2799927645626315,7.235437368524611e-06,Pet20,"Petrelli et al., 2020 (cpx_liq)",T,,1071.4109090909228,ok,
merapi_2010_0138,merapi_kd028_pass,2010,Un  221  2010-Cpx1-Core5,2010-Cpx1-CORE,270,15694,0.2799967501740619,3.249825938078654e-06,Pet20,"Petrelli et al., 2020 (cpx_liq)",T,,1084.2281818181955,ok,
merapi_2010_0139,merapi_kd028_pass,2010,Un  222  2010-Cpx1-Rim4,2010-Cpx1-RIM,271,11854,0.2800003101259549,3.10125954861018e-07,Pet20,"Petrelli et al., 2020 (cpx_liq)",T,,1081.4803636363772,ok,
merapi_2010_0140,merapi_kd028_pass,2010,Un  253  2010-Cpx6-52N,2010-Cpx6-52,273,7367,0.2799907355838421,9.264416157950262e-06,Pet20,"Petrelli et al., 2020 (cpx_liq)",T,,1080.2509090909225,ok,
merapi_2010_0141,merapi_kd028_pass,2010,Un  273  2010-Pair1-cpx-E2,2010-Pair1-cpx,277,6618,0.2799872793048427,1.272069515728669e-05,Pet20,"Petrelli et al., 2020 (cpx_liq)",T,,1058.7090909091044,ok,
merapi_2010_0142,merapi_kd028_pass,2010,Un  279  2010-CpxBottom-50E,2010-CpxBottom-50,283,2147,0.2799921576202294,7.842379770583996e-06,Pet20,"Petrelli et al., 2020 (cpx_liq)",T,,1112.8854545454683,ok,
merapi_2010_0143,merapi_kd028_pass,2010,Un  281  2010-CpxBottom-49N,2010-CpxBottom-49,285,15424,0.2800310738358642,3.107383586420376e-05,Pet20,"Petrelli et al., 2020 (cpx_liq)",T,,1106.8490909091047,ok,
merapi_2010_0144,merapi_kd028_pass,2010,Un  286  2010-CpxBottom-R2,2010-CpxBottom,290,10807,0.2799972476730776,2.752326922428328e-06,Pet20,"Petrelli et al., 2020 (cpx_liq)",T,,1116.0763636363777,ok,
merapi_2010_0145,merapi_kd028_pass,2010,Un  287  2010-CpxSkull-56N,2010-CpxSkull-56,291,2157,0.2799892466082562,1.075339174383405e-05,Pet20,"Petrelli et al., 2020 (cpx_liq)",T,,1047.4963636363768,ok,
merapi_2010_0146,merapi_kd028_pass,2010,Un  297  2010-CpxSkull-Rim1,2010-CpxSkull,299,19222,0.2800106561710371,1.065617103707117e-05,Pet20,"Petrelli et al., 2020 (cpx_liq)",T,,998.5381818181949,ok,
merapi_2010_0147,merapi_kd028_pass,2010,Un  300  2010-CpxSkull-Rim2,2010-CpxSkull,302,10692,0.2799953129372731,4.687062726937974e-06,Pet20,"Petrelli et al., 2020 (cpx_liq)",T,,1057.9627272727407,ok,
merapi_2010_0148,merapi_kd028_pass,2010,Un  301  2010-CpxSkull-Rim3,2010-CpxSkull,303,9366,0.2799988713753707,1.128624629309627e-06,Pet20,"Petrelli et al., 2020 (cpx_liq)",T,,988.6454545454675,ok,
merapi_2006_0001,merapi_kd028_pass,2006,2006px2 Line 001 ,2006px2,0,9581,0.2799974498225476,2.55017745243169e-06,Jor22,"Jorgenson et al., 2022 (cpx_liq)",T,,1071.6666666666667,ok,
merapi_2006_0002,merapi_kd028_pass,2006,2006px2 Line 002 ,2006px2,1,4919,0.2799870689065713,1.293109342870302e-05,Jor22,"Jorgenson et al., 2022 (cpx_liq)",T,,1046.6666666666667,ok,
merapi_2006_0003,merapi_kd028_pass,2006,2006px2 Line 003 ,2006px2,2,13958,0.2800157045766593,1.570457665922564e-05,Jor22,"Jorgenson et al., 2022 (cpx_liq)",T,,1018.75,ok,
merapi_2006_0004,merapi_kd028_pass,2006,2006px2 Line 004 ,2006px2,3,16902,0.2799995963332798,4.036667202722555e-07,Jor22,"Jorgenson et al., 2022 (cpx_liq)",T,,1003.75,ok,
merapi_2006_0005,merapi_kd028_pass,2006,2006px2 Line 005 ,2006px2,4,11378,0.2800001900063491,1.900063490989368e-07,Jor22,"Jorgenson et al., 2022 (cpx_liq)",T,,1020.0,ok,
merapi_2006_0006,merapi_kd028_pass,2006,2006px2 Line 011 ,2006px2,10,4745,0.2799668715475006,3.31284524994202e-05,Jor22,"Jorgenson et al., 2022 (cpx_liq)",T,,1050.0,ok,
merapi_2006_0007,merapi_kd028_pass,2006,2006px2 Line 012 ,2006px2,11,3134,0.2799997359248839,2.640751161631094e-07,Jor22,"Jorgenson et al., 2022 (cpx_liq)",T,,1060.0,ok,
merapi_2006_0008,merapi_kd028_pass,2006,2006px3 Line 023 ,2006px3,35,5834,0.2799684670032443,3.153299675573429e-05,Jor22,"Jorgenson et al., 2022 (cpx_liq)",T,,1020.0,ok,
merapi_2006_0009,merapi_kd028_pass,2006,2006px3 Line 024 ,2006px3,36,17798,0.2800009358429474,9.358429474137786e-07,Jor22,"Jorgenson et al., 2022 (cpx_liq)",T,,1020.0,ok,
merapi_2006_0010,merapi_kd028_pass,2006,2006px3 Line 025 ,2006px3,37,3428,0.2800156792466391,1.56792466390332e-05,Jor22,"Jorgenson et al., 2022 (cpx_liq)",T,,1052.5,ok,
merapi_2006_0011,merapi_kd028_pass,2006,2006px3 Line 026 ,2006px3,38,5590,0.2799995436317146,4.56368285384201e-07,Jor22,"Jorgenson et al., 2022 (cpx_liq)",T,,1040.0,ok,
merapi_2006_0012,merapi_kd028_pass,2006,2006px3 Line 027 ,2006px3,39,2553,0.2800041347572449,4.134757244922405e-06,Jor22,"Jorgenson et al., 2022 (cpx_liq)",T,,1057.25,ok,
merapi_2006_0013,merapi_kd028_pass,2006,2006px3 Line 028 ,2006px3,40,10701,0.2799987824852813,1.217514718765411e-06,Jor22,"Jorgenson et al., 2022 (cpx_liq)",T,,1046.6666666666667,ok,
merapi_2006_0014,merapi_kd028_pass,2006,2006px3 Line 029 ,2006px3,41,16550,0.27999970009488,2.999051200158753e-07,Jor22,"Jorgenson et al., 2022 (cpx_liq)",T,,1050.0,ok,
merapi_2006_0015,merapi_kd028_pass,2006,2006px3 Line 030 ,2006px3,42,5881,0.280001740402496,1.740402496008819e-06,Jor22,"Jorgenson et al., 2022 (cpx_liq)",T,,1028.0,ok,
merapi_2006_0016,merapi_kd028_pass,2006,2006px3 Line 031 ,2006px3,43,7032,0.2800079058247457,7.905824745690904e-06,Jor22,"Jorgenson et al., 2022 (cpx_liq)",T,,1017.5,ok,
merapi_2006_0017,merapi_kd028_pass,2006,2006px3 Line 032 ,2006px3,44,12524,0.2799786851612204,2.131483877965135e-05,Jor22,"Jorgenson et al., 2022 (cpx_liq)",T,,1045.0,ok,
merapi_2006_0018,merapi_kd028_pass,2006,2006trav1n Line 001 ,2006trav1,58,14072,0.2800026645370314,2.66453703134939e-06,Jor22,"Jorgenson et al., 2022 (cpx_liq)",T,,1000.0,ok,
merapi_2006_0019,merapi_kd028_pass,2006,2006trav1n Line 002 ,2006trav1,59,13298,0.2799967368270788,3.263172921208479e-06,Jor22,"Jorgenson et al., 2022 (cpx_liq)",T,,1045.0,ok,
merapi_2006_0020,merapi_kd028_pass,2006,2006trav1n Line 017 ,2006trav1,74,19148,0.2800022664781375,2.266478137502581e-06,Jor22,"Jorgenson et al., 2022 (cpx_liq)",T,,1050.0,ok,
merapi_2006_0021,merapi_kd028_pass,2006,2006trav1n Line 019 ,2006trav1,76,10696,0.2800256233985809,2.562339858092066e-05,Jor22,"Jorgenson et al., 2022 (cpx_liq)",T,,1057.25,ok,
merapi_2006_0022,merapi_kd028_pass,2006,2006trav1n Line 020 ,2006trav1,77,9588,0.2800043793820398,4.379382039731983e-06,Jor22,"Jorgenson et al., 2022 (cpx_liq)",T,,1045.0,ok,
merapi_2006_0023,merapi_kd028_pass,2006,2006trav1n Line 023 ,2006trav1,80,8720,0.2800041179486016,4.117948601556343e-06,Jor22,"Jorgenson et al., 2022 (cpx_liq)",T,,1050.0,ok,
merapi_2006_0024,merapi_kd028_pass,2006,2006trav1n Line 024 ,2006trav1,81,2945,0.2799832553448161,1.67446551839201e-05,Jor22,"Jorgenson et al., 2022 (cpx_liq)",T,,1036.6666666666667,ok,
merapi_2006_0025,merapi_kd028_pass,2006,2006trav1n Line 025 ,2006trav1,82,17864,0.2799966439377978,3.356062202253263e-06,Jor22,"Jorgenson et al., 2022 (cpx_liq)",T,,1041.5,ok,
merapi_2006_0026,merapi_kd028_pass,2006,2006trav1n Line 026 ,2006trav1,83,9461,0.2800025180872135,2.518087213521092e-06,Jor22,"Jorgenson et al., 2022 (cpx_liq)",T,,1050.0,ok,
merapi_2006_0027,merapi_kd028_pass,2006,2006trav1n Line 028 ,2006trav1,85,3380,0.2800126995628873,1.269956288724172e-05,Jor22,"Jorgenson et al., 2022 (cpx_liq)",T,,1075.0,ok,
merapi_2006_0028,merapi_kd028_pass,2006,2006trav1n Line 029 ,2006trav1,86,19486,0.2799759551680616,2.404483193846341e-05,Jor22,"Jorgenson et al., 2022 (cpx_liq)",T,,1045.0,ok,
merapi_2006_0029,merapi_kd028_pass,2006,2006trav1n Line 030 ,2006trav1,87,17741,0.2800037470948772,3.747094877160073e-06,Jor22,"Jorgenson et al., 2022 (cpx_liq)",T,,1045.0,ok,
merapi_2006_0030,merapi_kd028_pass,2006,2006trav1n Line 031 ,2006trav1,88,14652,0.2799971993555523,2.800644447686906e-06,Jor22,"Jorgenson et al., 2022 (cpx_liq)",T,,1073.75,ok,
merapi_2006_0031,merapi_kd028_pass,2006,2006trav1n Line 032 ,2006trav1,89,10065,0.2799724972348179,2.750276518209693e-05,Jor22,"Jorgenson et al., 2022 (cpx_liq)",T,,1050.0,ok,
merapi_2006_0032,merapi_kd028_pass,2006,2006trav1n Line 033 ,2006trav1,90,6907,0.2799969238817676,3.076118232414604e-06,Jor22,"Jorgenson et al., 2022 (cpx_liq)",T,,1026.25,ok,
merapi_2006_0033,merapi_kd028_pass,2006,2006trav1n Line 034 ,2006trav1,91,5036,0.2799912145287365,8.785471263539346e-06,Jor22,"Jorgenson et al., 2022 (cpx_liq)",T,,1046.6666666666667,ok,
merapi_2006_0034,merapi_kd028_pass,2006,2006trav2n  Line 009 ,2006trav2,108,13140,0.2799949264581835,5.073541816558169e-06,Jor22,"Jorgenson et al., 2022 (cpx_liq)",T,,1050.0,ok,
merapi_2006_0035,merapi_kd028_pass,2006,2006trav2n  Line 010 ,2006trav2,109,7560,0.2799936080720503,6.391927949767062e-06,Jor22,"Jorgenson et al., 2022 (cpx_liq)",T,,1006.6666666666666,ok,
merapi_2006_0036,merapi_kd028_pass,2006,2006trav2n  Line 011 ,2006trav2,110,8900,0.2799962877122568,3.71228774326271e-06,Jor22,"Jorgenson et al., 2022 (cpx_liq)",T,,1003.75,ok,
merapi_2006_0037,merapi_kd028_pass,2006,2006trav2n  Line 012 ,2006trav2,111,13896,0.2800091551834771,9.1551834770498e-06,Jor22,"Jorgenson et al., 2022 (cpx_liq)",T,,1000.0,ok,
merapi_2006_0038,merapi_kd028_pass,2006,2006trav2n  Line 013 ,2006trav2,112,18840,0.2799861823323435,1.381766765651271e-05,Jor22,"Jorgenson et al., 2022 (cpx_liq)",T,,1010.0,ok,
merapi_2006_0039,merapi_kd028_pass,2006,2006trav2n  Line 017 ,2006trav2,116,7030,0.279987146234402,1.285376559800877e-05,Jor22,"Jorgenson et al., 2022 (cpx_liq)",T,,1060.0,ok,
merapi_2006_0040,merapi_kd028_pass,2006,Un   95  2006cpx1-80W,2006cpx1-80,135,19746,0.2799973584549343,2.641545065684703e-06,Jor22,"Jorgenson et al., 2022 (cpx_liq)",T,,1050.0,ok,
merapi_2006_0041,merapi_kd028_pass,2006,Un   96  2006cpx1-test,2006cpx1-test,139,11432,0.2800072280802169,7.228080216914456e-06,Jor22,"Jorgenson et al., 2022 (cpx_liq)",T,,1018.75,ok,
merapi_2006_0042,merapi_kd028_pass,2006,Un   97  2006cpx1-80E,2006cpx1-80,140,89,0.2799920485428923,7.951457107691073e-06,Jor22,"Jorgenson et al., 2022 (cpx_liq)",T,,1057.5,ok,
merapi_2010_0043,merapi_kd028_pass,2010,2010-cpx1 Line 002 ,2010-cpx1,0,6018,0.2799998030112246,1.969887754582622e-07,Jor22,"Jorgenson et al., 2022 (cpx_liq)",T,,1025.0,ok,
merapi_2010_0044,merapi_kd028_pass,2010,2010-cpx1 Line 003 ,2010-cpx1,1,4057,0.2799981517158307,1.848284169325698e-06,Jor22,"Jorgenson et al., 2022 (cpx_liq)",T,,1000.0,ok,
merapi_2010_0045,merapi_kd028_pass,2010,2010-cpx1 Line 004 ,2010-cpx1,2,5871,0.2799977644084414,2.235591558652494e-06,Jor22,"Jorgenson et al., 2022 (cpx_liq)",T,,1000.0,ok,
merapi_2010_0046,merapi_kd028_pass,2010,2010-cpx1 Line 005 ,2010-cpx1,3,2435,0.2800051065098412,5.106509841146245e-06,Jor22,"Jorgenson et al., 2022 (cpx_liq)",T,,943.75,ok,
merapi_2010_0047,merapi_kd028_pass,2010,2010-cpx1 Line 006 ,2010-cpx1,4,15157,0.2799988812011857,1.118798814370159e-06,Jor22,"Jorgenson et al., 2022 (cpx_liq)",T,,982.5,ok,
merapi_2010_0048,merapi_kd028_pass,2010,2010-cpx1 Line 007 ,2010-cpx1,5,257,0.280005844839572,5.844839571944593e-06,Jor22,"Jorgenson et al., 2022 (cpx_liq)",T,,1000.0,ok,
merapi_2010_0049,merapi_kd028_pass,2010,2010-cpx1 Line 008 ,2010-cpx1,6,1295,0.2800077662750068,7.76627500681526e-06,Jor22,"Jorgenson et al., 2022 (cpx_liq)",T,,1000.0,ok,
merapi_2010_0050,merapi_kd028_pass,2010,2010-cpx1 Line 009 ,2010-cpx1,7,16888,0.2800021365885482,2.136588548196094e-06,Jor22,"Jorgenson et al., 2022 (cpx_liq)",T,,983.3333333333334,ok,
merapi_2010_0051,merapi_kd028_pass,2010,2010-cpx1 Line 010 ,2010-cpx1,8,8856,0.2800015856658248,1.585665824810345e-06,Jor22,"Jorgenson et al., 2022 (cpx_liq)",T,,1000.0,ok,
merapi_2010_0052,merapi_kd028_pass,2010,2010-cpx1 Line 011 ,2010-cpx1,9,1439,0.2800011849694209,1.184969420919835e-06,Jor22,"Jorgenson et al., 2022 (cpx_liq)",T,,977.5,ok,
merapi_2010_0053,merapi_kd028_pass,2010,2010-cpx1 Line 012 ,2010-cpx1,10,14518,0.2800006107589095,6.107589094472843e-07,Jor22,"Jorgenson et al., 2022 (cpx_liq)",T,,1005.0,ok,
merapi_2010_0054,merapi_kd028_pass,2010,2010-cpx1 Line 013 ,2010-cpx1,11,16676,0.2800025879305247,2.587930524711179e-06,Jor22,"Jorgenson et al., 2022 (cpx_liq)",T,,957.5,ok,
merapi_2010_0055,merapi_kd028_pass,2010,2010-cpx1 Line 014 ,2010-cpx1,12,8688,0.2800010648039675,1.064803967498751e-06,Jor22,"Jorgenson et al., 2022 (cpx_liq)",T,,966.6666666666666,ok,
merapi_2010_0056,merapi_kd028_pass,2010,2010-cpx1 Line 015 ,2010-cpx1,13,5877,0.2799969867108625,3.013289137543396e-06,Jor22,"Jorgenson et al., 2022 (cpx_liq)",T,,950.0,ok,
merapi_2010_0057,merapi_kd028_pass,2010,2010-cpx1 Line 016 ,2010-cpx1,14,452,0.2799821560205399,1.784397946014149e-05,Jor22,"Jorgenson et al., 2022 (cpx_liq)",T,,981.25,ok,
merapi_2010_0058,merapi_kd028_pass,2010,2010-cpx1 Line 017 ,2010-cpx1,15,2032,0.2800006717020297,6.717020297197784e-07,Jor22,"Jorgenson et al., 2022 (cpx_liq)",T,,995.0,ok,
merapi_2010_0059,merapi_kd028_pass,2010,2010-cpx1 Line 018 ,2010-cpx1,16,19283,0.2800046137817918,4.613781791784621e-06,Jor22,"Jorgenson et al., 2022 (cpx_liq)",T,,1016.6666666666666,ok,
merapi_2010_0060,merapi_kd028_pass,2010,2010-cpx1 Line 019 ,2010-cpx1,17,8771,0.2800725605111906,7.256051119058915e-05,Jor22,"Jorgenson et al., 2022 (cpx_liq)",T,,1060.0,ok,
merapi_2010_0061,merapi_kd028_pass,2010,2010-cpx1 Line 020 ,2010-cpx1,18,5387,0.2800073241282617,7.324128261654295e-06,Jor22,"Jorgenson et al., 2022 (cpx_liq)",T,,1067.5,ok,
merapi_2010_0062,merapi_kd028_pass,2010,2010-cpx1 Line 021 ,2010-cpx1,19,3489,0.2799965137473102,3.486252689866021e-06,Jor22,"Jorgenson et al., 2022 (cpx_liq)",T,,1090.0,ok,
merapi_2010_0063,merapi_kd028_pass,2010,nov10_px5an Line 026 ,nov10_px5,84,17229,0.2799933632122469,6.636787753144802e-06,Jor22,"Jorgenson et al., 2022 (cpx_liq)",T,,1008.75,ok,
merapi_2010_0064,merapi_kd028_pass,2010,nov10_px5an Line 027 ,nov10_px5,85,10975,0.279998405979791,1.594020209050306e-06,Jor22,"Jorgenson et al., 2022 (cpx_liq)",T,,1006.6666666666666,ok,
merapi_2010_0065,merapi_kd028_pass,2010,nov10_px5an Line 028 ,nov10_px5,86,17829,0.2800100678768651,1.006787686508304e-05,Jor22,"Jorgenson et al., 2022 (cpx_liq)",T,,1006.6666666666666,ok,
merapi_2010_0066,merapi_kd028_pass,2010,nov10_px5an Line 029 ,nov10_px5,87,16574,0.2799947642915669,5.235708433082298e-06,Jor22,"Jorgenson et al., 2022 (cpx_liq)",T,,1010.0,ok,
merapi_2010_0067,merapi_kd028_pass,2010,nov10_px5an Line 030 ,nov10_px5,88,9438,0.2799969807857353,3.019214264765591e-06,Jor22,"Jorgenson et al., 2022 (cpx_liq)",T,,1010.0,ok,
merapi_2010_0068,merapi_kd028_pass,2010,nov10_px5an Line 031 ,nov10_px5,89,16459,0.2800051022630541,5.102263054057588e-06,Jor22,"Jorgenson et al., 2022 (cpx_liq)",T,,1010.0,ok,
merapi_2010_0069,merapi_kd028_pass,2010,nov10_px5an Line 032 ,nov10_px5,90,4559,0.280006369562572,6.369562571995058e-06,Jor22,"Jorgenson et al., 2022 (cpx_liq)",T,,1005.0,ok,
merapi_2010_0070,merapi_kd028_pass,2010,nov10_px5an Line 033 ,nov10_px5,91,6918,0.279989171985401,1.082801459906246e-05,Jor22,"Jorgenson et al., 2022 (cpx_liq)",T,,1000.0,ok,
merapi_2010_0071,merapi_kd028_pass,2010,nov10_px5an Line 034 ,nov10_px5,92,9687,0.2800279863805439,2.798638054390956e-05,Jor22,"Jorgenson et al., 2022 (cpx_liq)",T,,1000.0,ok,
merapi_2010_0072,merapi_kd028_pass,2010,nov10_px5an Line 035 ,nov10_px5,93,14424,0.2800076247920927,7.624792092653099e-06,Jor22,"Jorgenson et al., 2022 (cpx_liq)",T,,1006.6666666666666,ok,
merapi_2010_0073,merapi_kd028_pass,2010,nov10_px5an Line 036 ,nov10_px5,94,15711,0.279957811472103,4.218852789705796e-05,Jor22,"Jorgenson et al., 2022 (cpx_liq)",T,,1007.5,ok,
merapi_2010_0074,merapi_kd028_pass,2010,nov10_px5an Line 037 ,nov10_px5,95,17572,0.2800034736768699,3.473676869869546e-06,Jor22,"Jorgenson et al., 2022 (cpx_liq)",T,,1013.75,ok,
merapi_2010_0075,merapi_kd028_pass,2010,nov10_px5an Line 038 ,nov10_px5,96,19294,0.2800113853387882,1.138533878813908e-05,Jor22,"Jorgenson et al., 2022 (cpx_liq)",T,,1000.0,ok,
merapi_2010_0076,merapi_kd028_pass,2010,nov10_px5an Line 039 ,nov10_px5,97,17149,0.2800314474896073,3.144748960731691e-05,Jor22,"Jorgenson et al., 2022 (cpx_liq)",T,,995.0,ok,
merapi_2010_0077,merapi_kd028_pass,2010,nov10_px5an Line 040 ,nov10_px5,98,2050,0.279950692550907,4.930744909298346e-05,Jor22,"Jorgenson et al., 2022 (cpx_liq)",T,,1010.0,ok,
merapi_2010_0078,merapi_kd028_pass,2010,nov10_px5an Line 041 ,nov10_px5,99,5528,0.279996345939143,3.654060857005703e-06,Jor22,"Jorgenson et al., 2022 (cpx_liq)",T,,1016.6666666666666,ok,
merapi_2010_0079,merapi_kd028_pass,2010,nov10_px5an Line 042 ,nov10_px5,100,798,0.2800264683941149,2.646839411485358e-05,Jor22,"Jorgenson et al., 2022 (cpx_liq)",T,,1006.6666666666666,ok,
merapi_2010_0080,merapi_kd028_pass,2010,nov10_px5bn Line 020 ,nov10_px5,120,4575,0.2799610569113504,3.894308864965668e-05,Jor22,"Jorgenson et al., 2022 (cpx_liq)",T,,1069.5,ok,
merapi_2010_0081,merapi_kd028_pass,2010,nov10_px5bn Line 035 ,nov10_px5,135,17245,0.2800006834025761,6.834025760849016e-07,Jor22,"Jorgenson et al., 2022 (cpx_liq)",T,,1015.0,ok,
merapi_2010_0082,merapi_kd028_pass,2010,nov10_px5bn Line 036 ,nov10_px5,136,4990,0.2800030942003303,3.094200330233665e-06,Jor22,"Jorgenson et al., 2022 (cpx_liq)",T,,1013.75,ok,
merapi_2010_0083,merapi_kd028_pass,2010,nov10_px5bn Line 037 ,nov10_px5,137,14581,0.2800020652329865,2.065232986458998e-06,Jor22,"Jorgenson et al., 2022 (cpx_liq)",T,,1000.0,ok,
merapi_2010_0084,merapi_kd028_pass,2010,nov10_px5bn Line 038 ,nov10_px5,138,5241,0.2800028069195141,2.806919514097839e-06,Jor22,"Jorgenson et al., 2022 (cpx_liq)",T,,1000.0,ok,
merapi_2010_0085,merapi_kd028_pass,2010,nov10_px5bn Line 039 ,nov10_px5,139,16670,0.2799988743007921,1.125699207960018e-06,Jor22,"Jorgenson et al., 2022 (cpx_liq)",T,,975.0,ok,
merapi_2010_0086,merapi_kd028_pass,2010,nov10_px5bn Line 040 ,nov10_px5,140,127,0.2800018784026617,1.878402661636969e-06,Jor22,"Jorgenson et al., 2022 (cpx_liq)",T,,1000.0,ok,
merapi_2010_0087,merapi_kd028_pass,2010,nov10_px5bn Line 041 ,nov10_px5,141,4082,0.2800013188513222,1.318851322151815e-06,Jor22,"Jorgenson et al., 2022 (cpx_liq)",T,,1000.0,ok,
merapi_2010_0088,merapi_kd028_pass,2010,nov10_px5bn Line 042 ,nov10_px5,142,11179,0.2800029317436675,2.931743667500264e-06,Jor22,"Jorgenson et al., 2022 (cpx_liq)",T,,1010.0,ok,
merapi_2010_0089,merapi_kd028_pass,2010,nov10_px5cn Line 027 ,nov10_px5,169,8360,0.2800355603519092,3.556035190921403e-05,Jor22,"Jorgenson et al., 2022 (cpx_liq)",T,,1045.0,ok,
merapi_2010_0090,merapi_kd028_pass,2010,nov10_px5cn Line 028 ,nov10_px5,170,10692,0.280010041862024,1.00418620239684e-05,Jor22,"Jorgenson et al., 2022 (cpx_liq)",T,,1017.5,ok,
merapi_2010_0091,merapi_kd028_pass,2010,nov10_px5cn Line 029 ,nov10_px5,171,5211,0.2799959499111569,4.050088843077226e-06,Jor22,"Jorgenson et al., 2022 (cpx_liq)",T,,1000.0,ok,
merapi_2010_0092,merapi_kd028_pass,2010,nov10_px5cn Line 030 ,nov10_px5,172,4070,0.2799978980475839,2.101952416122543e-06,Jor22,"Jorgenson et al., 2022 (cpx_liq)",T,,960.0,ok,
merapi_2010_0093,merapi_kd028_pass,2010,nov10_px5cn Line 031 ,nov10_px5,173,10188,0.2799935557963997,6.444203600353138e-06,Jor22,"Jorgenson et al., 2022 (cpx_liq)",T,,1001.25,ok,
merapi_2010_0094,merapi_kd028_pass,2010,nov10_px5cn Line 032 ,nov10_px5,174,8753,0.2799985030544663,1.496945533752125e-06,Jor22,"Jorgenson et al., 2022 (cpx_liq)",T,,1000.0,ok,
merapi_2010_0095,merapi_kd028_pass,2010,nov10_px5cn Line 033 ,nov10_px5,175,11365,0.2800044647547743,4.464754774224922e-06,Jor22,"Jorgenson et al., 2022 (cpx_liq)",T,,1000.0,ok,
merapi_2010_0096,merapi_kd028_pass,2010,nov10_px5cn Line 034 ,nov10_px5,176,1381,0.2799976878007022,2.312199297860307e-06,Jor22,"Jorgenson et al., 2022 (cpx_liq)",T,,1000.0,ok,
merapi_2010_0097,merapi_kd028_pass,2010,nov10_px5cn Line 035 ,nov10_px5,177,15978,0.279998997814827,1.002185173015757e-06,Jor22,"Jorgenson et al., 2022 (cpx_liq)",T,,975.0,ok,
merapi_2010_0098,merapi_kd028_pass,2010,nov10_px5cn Line 036 ,nov10_px5,178,8902,0.2800031271665638,3.127166563754447e-06,Jor22,"Jorgenson et al., 2022 (cpx_liq)",T,,1000.0,ok,
merapi_2010_0099,merapi_kd028_pass,2010,nov10_px5cn Line 037 ,nov10_px5,179,14293,0.2800024680425633,2.468042563263939e-06,Jor22,"Jorgenson et al., 2022 (cpx_liq)",T,,1000.0,ok,
merapi_2010_0100,merapi_kd028_pass,2010,nov10_px5cn Line 038 ,nov10_px5,180,12852,0.2800010792607041,1.079260704084373e-06,Jor22,"Jorgenson et al., 2022 (cpx_liq)",T,,1000.0,ok,
merapi_2010_0101,merapi_kd028_pass,2010,nov10_px5cn Line 039 ,nov10_px5,181,81,0.2800027112246111,2.711224611040564e-06,Jor22,"Jorgenson et al., 2022 (cpx_liq)",T,,1000.0,ok,
merapi_2010_0102,merapi_kd028_pass,2010,nov10_px5cn Line 040 ,nov10_px5,182,160,0.2800081154584018,8.11545840173622e-06,Jor22,"Jorgenson et al., 2022 (cpx_liq)",T,,1000.0,ok,
merapi_2010_0103,merapi_kd028_pass,2010,nov10_px5cn Line 041 ,nov10_px5,183,14033,0.2799970809354401,2.919064559958606e-06,Jor22,"Jorgenson et al., 2022 (cpx_liq)",T,,1000.0,ok,
merapi_2010_0104,merapi_kd028_pass,2010,nov10_px5cn Line 042 ,nov10_px5,184,11589,0.2800003808783538,3.808783537451177e-07,Jor22,"Jorgenson et al., 2022 (cpx_liq)",T,,996.6666666666666,ok,
merapi_2010_0105,merapi_kd028_pass,2010,nov10_px6bn Line 022 ,nov10_px6,206,5838,0.2799975763316663,2.423668333695339e-06,Jor22,"Jorgenson et al., 2022 (cpx_liq)",T,,1010.0,ok,
merapi_2010_0106,merapi_kd028_pass,2010,nov10_px6bn Line 023 ,nov10_px6,207,12299,0.2799929724821653,7.027517834767849e-06,Jor22,"Jorgenson et al., 2022 (cpx_liq)",T,,1010.0,ok,
merapi_2010_0107,merapi_kd028_pass,2010,nov10_px6bn Line 024 ,nov10_px6,208,8066,0.2799979396071882,2.060392811809031e-06,Jor22,"Jorgenson et al., 2022 (cpx_liq)",T,,1063.3333333333333,ok,
merapi_2010_0108,merapi_kd028_pass,2010,nov10_px6bn Line 025 ,nov10_px6,209,2000,0.2800115110848241,1.151108482405627e-05,Jor22,"Jorgenson et al., 2022 (cpx_liq)",T,,1050.0,ok,
merapi_2010_0109,merapi_kd028_pass,2010,nov10_px6bn Line 026 ,nov10_px6,210,4024,0.280001245370136,1.245370135960489e-06,Jor22,"Jorgenson et al., 2022 (cpx_liq)",T,,1025.0,ok,
merapi_2010_0110,merapi_kd028_pass,2010,nov10_px6bn Line 027 ,nov10_px6,211,16911,0.2799848953098698,1.510469013021876e-05,Jor22,"Jorgenson et al., 2022 (cpx_liq)",T,,1010.0,ok,
merapi_2010_0111,merapi_kd028_pass,2010,nov10_px6bn Line 028 ,nov10_px6,212,16798,0.2800080151835502,8.015183550147409e-06,Jor22,"Jorgenson et al., 2022 (cpx_liq)",T,,1018.3333333333334,ok,
merapi_2010_0112,merapi_kd028_pass,2010,nov10_px6bn Line 029 ,nov10_px6,213,13586,0.2800028263253634,2.826325363414206e-06,Jor22,"Jorgenson et al., 2022 (cpx_liq)",T,,1016.3333333333334,ok,
merapi_2010_0113,merapi_kd028_pass,2010,nov10_px6bn Line 030 ,nov10_px6,214,17483,0.2800353341079006,3.533410790057534e-05,Jor22,"Jorgenson et al., 2022 (cpx_liq)",T,,1023.75,ok,
merapi_2010_0114,merapi_kd028_pass,2010,nov10_px6bn Line 031 ,nov10_px6,215,18016,0.2799966796108934,3.320389106609145e-06,Jor22,"Jorgenson et al., 2022 (cpx_liq)",T,,1050.0,ok,
merapi_2010_0115,merapi_kd028_pass,2010,nov10_px6bn Line 032 ,nov10_px6,216,4728,0.2799866525462,1.334745380004998e-05,Jor22,"Jorgenson et al., 2022 (cpx_liq)",T,,1050.0,ok,
merapi_2010_0116,merapi_kd028_pass,2010,nov10_px6bn Line 033 ,nov10_px6,217,4355,0.280003212463115,3.212463115020991e-06,Jor22,"Jorgenson et al., 2022 (cpx_liq)",T,,1050.0,ok,
merapi_2010_0117,merapi_kd028_pass,2010,oct10-px4a Line 001 ,oct10-px4a,218,3892,0.2800088174441775,8.817444177466882e-06,Jor22,"Jorgenson et al., 2022 (cpx_liq)",T,,1038.6666666666667,ok,
merapi_2010_0118,merapi_kd028_pass,2010,oct10-px4a Line 002 ,oct10-px4a,219,7828,0.2799665652974266,3.343470257344272e-05,Jor22,"Jorgenson et al., 2022 (cpx_liq)",T,,1000.0,ok,
merapi_2010_0119,merapi_kd028_pass,2010,oct10-px4a Line 008 ,oct10-px4a,225,14045,0.2800199062319113,1.990623191128194e-05,Jor22,"Jorgenson et al., 2022 (cpx_liq)",T,,1070.0,ok,
merapi_2010_0120,merapi_kd028_pass,2010,oct10-px4a Line 009 ,oct10-px4a,226,13348,0.2800058843242761,5.884324276117514e-06,Jor22,"Jorgenson et al., 2022 (cpx_liq)",T,,1075.0,ok,
merapi_2010_0121,merapi_kd028_pass,2010,oct10-px4a Line 011 ,oct10-px4a,227,7173,0.2800390814738258,3.908147382575278e-05,Jor22,"Jorgenson et al., 2022 (cpx_liq)",T,,1068.5,ok,
merapi_2010_0122,merapi_kd028_pass,2010,oct10-px4a Line 012 ,oct10-px4a,228,16050,0.2799826242196712,1.737578032878773e-05,Jor22,"Jorgenson et al., 2022 (cpx_liq)",T,,1082.5,ok,
merapi_2010_0123,merapi_kd028_pass,2010,oct10-px4a Line 015 ,oct10-px4a,231,8081,0.2799973712794988,2.628720501274273e-06,Jor22,"Jorgenson et al., 2022 (cpx_liq)",T,,1058.75,ok,
merapi_2010_0124,merapi_kd028_pass,2010,oct10-px4a Line 017 ,oct10-px4a,233,5508,0.2799943694425442,5.630557455782448e-06,Jor22,"Jorgenson et al., 2022 (cpx_liq)",T,,1030.0,ok,
merapi_2010_0125,merapi_kd028_pass,2010,oct10-px4a Line 018 ,oct10-px4a,234,15738,0.2799929769501922,7.023049807819426e-06,Jor22,"Jorgenson et al., 2022 (cpx_liq)",T,,1006.6666666666666,ok,
merapi_2010_0126,merapi_kd028_pass,2010,oct10-px7a Line 003 ,oct10-px7a,237,1018,0.2799773514750729,2.264852492711578e-05,Jor22,"Jorgenson et al., 2022 (cpx_liq)",T,,1037.5,ok,
merapi_2010_0127,merapi_kd028_pass,2010,Un  207  2010-Cpx1-60S,2010-Cpx1-60,259,6010,0.2800185298718917,1.852987189171484e-05,Jor22,"Jorgenson et al., 2022 (cpx_liq)",T,,1040.0,ok,
merapi_2010_0128,merapi_kd028_pass,2010,Un  208  2010-Cpx1-60E,2010-Cpx1-60,260,15630,0.2800210555938312,2.105559383119848e-05,Jor22,"Jorgenson et al., 2022 (cpx_liq)",T,,1047.5,ok,
merapi_2010_0129,merapi_kd028_pass,2010,Un  209  2010-Cpx1-Core1,2010-Cpx1-CORE,261,9023,0.2800248773529943,2.487735299427918e-05,Jor22,"Jorgenson et al., 2022 (cpx_liq)",T,,1050.0,ok,
merapi_2010_0130,merapi_kd028_pass,2010,Un  210  2010-Cpx1-Core2,2010-Cpx1-CORE,262,8312,0.2799934040601317,6.595939868347944e-06,Jor22,"Jorgenson et al., 2022 (cpx_liq)",T,,1035.0,ok,
merapi_2010_0131,merapi_kd028_pass,2010,Un  211  2010-Cpx1-Core3,2010-Cpx1-CORE,263,16842,0.2800018738159906,1.873815990593997e-06,Jor22,"Jorgenson et al., 2022 (cpx_liq)",T,,1040.0,ok,
merapi_2010_0132,merapi_kd028_pass,2010,Un  212  2010-Cpx1-61W,2010-Cpx1-61,264,9373,0.2800080710201749,8.071020174860166e-06,Jor22,"Jorgenson et al., 2022 (cpx_liq)",T,,1050.0,ok,
merapi_2010_0133,merapi_kd028_pass,2010,Un  213  2010-Cpx1-61E,2010-Cpx1-61,265,11782,0.279988138916497,1.18610835029842e-05,Jor22,"Jorgenson et al., 2022 (cpx_liq)",T,,1031.6666666666667,ok,
merapi_2010_0134,merapi_kd028_pass,2010,Un  214  2010-Cpx1-61N,2010-Cpx1-61,266,18560,0.2799839428361771,1.605716382291345e-05,Jor22,"Jorgenson et al., 2022 (cpx_liq)",T,,1043.75,ok,
merapi_2010_0135,merapi_kd028_pass,2010,Un  216  2010-Cpx1-62W,2010-Cpx1-62,267,9894,0.27995379187536,4.620812464006807e-05,Jor22,"Jorgenson et al., 2022 (cpx_liq)",T,,1022.5,ok,
merapi_2010_0136,merapi_kd028_pass,2010,Un  219  2010-Cpx1-RIM3,2010-Cpx1-RIM,268,17348,0.2799836140156229,1.638598437708749e-05,Jor22,"Jorgenson et al., 2022 (cpx_liq)",T,,1000.0,ok,
merapi_2010_0137,merapi_kd028_pass,2010,Un  220  2010-Cpx1-Core4,2010-Cpx1-CORE,269,17822,0.2799927645626315,7.235437368524611e-06,Jor22,"Jorgenson et al., 2022 (cpx_liq)",T,,1020.0,ok,
merapi_2010_0138,merapi_kd028_pass,2010,Un  221  2010-Cpx1-Core5,2010-Cpx1-CORE,270,15694,0.2799967501740619,3.249825938078654e-06,Jor22,"Jorgenson et al., 2022 (cpx_liq)",T,,1043.75,ok,
merapi_2010_0139,merapi_kd028_pass,2010,Un  222  2010-Cpx1-Rim4,2010-Cpx1-RIM,271,11854,0.2800003101259549,3.10125954861018e-07,Jor22,"Jorgenson et al., 2022 (cpx_liq)",T,,1000.0,ok,
merapi_2010_0140,merapi_kd028_pass,2010,Un  253  2010-Cpx6-52N,2010-Cpx6-52,273,7367,0.2799907355838421,9.264416157950262e-06,Jor22,"Jorgenson et al., 2022 (cpx_liq)",T,,1026.25,ok,
merapi_2010_0141,merapi_kd028_pass,2010,Un  273  2010-Pair1-cpx-E2,2010-Pair1-cpx,277,6618,0.2799872793048427,1.272069515728669e-05,Jor22,"Jorgenson et al., 2022 (cpx_liq)",T,,1008.75,ok,
merapi_2010_0142,merapi_kd028_pass,2010,Un  279  2010-CpxBottom-50E,2010-CpxBottom-50,283,2147,0.2799921576202294,7.842379770583996e-06,Jor22,"Jorgenson et al., 2022 (cpx_liq)",T,,1053.75,ok,
merapi_2010_0143,merapi_kd028_pass,2010,Un  281  2010-CpxBottom-49N,2010-CpxBottom-49,285,15424,0.2800310738358642,3.107383586420376e-05,Jor22,"Jorgenson et al., 2022 (cpx_liq)",T,,1045.0,ok,
merapi_2010_0144,merapi_kd028_pass,2010,Un  286  2010-CpxBottom-R2,2010-CpxBottom,290,10807,0.2799972476730776,2.752326922428328e-06,Jor22,"Jorgenson et al., 2022 (cpx_liq)",T,,1050.0,ok,
merapi_2010_0145,merapi_kd028_pass,2010,Un  287  2010-CpxSkull-56N,2010-CpxSkull-56,291,2157,0.2799892466082562,1.075339174383405e-05,Jor22,"Jorgenson et al., 2022 (cpx_liq)",T,,1012.75,ok,
merapi_2010_0146,merapi_kd028_pass,2010,Un  297  2010-CpxSkull-Rim1,2010-CpxSkull,299,19222,0.2800106561710371,1.065617103707117e-05,Jor22,"Jorgenson et al., 2022 (cpx_liq)",T,,997.5,ok,
merapi_2010_0147,merapi_kd028_pass,2010,Un  300  2010-CpxSkull-Rim2,2010-CpxSkull,302,10692,0.2799953129372731,4.687062726937974e-06,Jor22,"Jorgenson et al., 2022 (cpx_liq)",T,,1011.6666666666666,ok,
merapi_2010_0148,merapi_kd028_pass,2010,Un  301  2010-CpxSkull-Rim3,2010-CpxSkull,303,9366,0.2799988713753707,1.128624629309627e-06,Jor22,"Jorgenson et al., 2022 (cpx_liq)",T,,965.0,ok,
merapi_2006_0001,merapi_kd028_pass,2006,2006px2 Line 001 ,2006px2,0,9581,0.2799974498225476,2.55017745243169e-06,AgL24,"Ágreda-López et al., 2024 (cpx_liq)",T,,1054.2381591796875,ok,
merapi_2006_0002,merapi_kd028_pass,2006,2006px2 Line 002 ,2006px2,1,4919,0.2799870689065713,1.293109342870302e-05,AgL24,"Ágreda-López et al., 2024 (cpx_liq)",T,,1050.262451171875,ok,
merapi_2006_0003,merapi_kd028_pass,2006,2006px2 Line 003 ,2006px2,2,13958,0.2800157045766593,1.570457665922564e-05,AgL24,"Ágreda-López et al., 2024 (cpx_liq)",T,,1045.8475341796875,ok,
merapi_2006_0004,merapi_kd028_pass,2006,2006px2 Line 004 ,2006px2,3,16902,0.2799995963332798,4.036667202722555e-07,AgL24,"Ágreda-López et al., 2024 (cpx_liq)",T,,1032.84033203125,ok,
merapi_2006_0005,merapi_kd028_pass,2006,2006px2 Line 005 ,2006px2,4,11378,0.2800001900063491,1.900063490989368e-07,AgL24,"Ágreda-López et al., 2024 (cpx_liq)",T,,1039.16845703125,ok,
merapi_2006_0006,merapi_kd028_pass,2006,2006px2 Line 011 ,2006px2,10,4745,0.2799668715475006,3.31284524994202e-05,AgL24,"Ágreda-López et al., 2024 (cpx_liq)",T,,1050.335693359375,ok,
merapi_2006_0007,merapi_kd028_pass,2006,2006px2 Line 012 ,2006px2,11,3134,0.2799997359248839,2.640751161631094e-07,AgL24,"Ágreda-López et al., 2024 (cpx_liq)",T,,1050.851318359375,ok,
merapi_2006_0008,merapi_kd028_pass,2006,2006px3 Line 023 ,2006px3,35,5834,0.2799684670032443,3.153299675573429e-05,AgL24,"Ágreda-López et al., 2024 (cpx_liq)",T,,1045.85888671875,ok,
merapi_2006_0009,merapi_kd028_pass,2006,2006px3 Line 024 ,2006px3,36,17798,0.2800009358429474,9.358429474137786e-07,AgL24,"Ágreda-López et al., 2024 (cpx_liq)",T,,1045.72802734375,ok,
merapi_2006_0010,merapi_kd028_pass,2006,2006px3 Line 025 ,2006px3,37,3428,0.2800156792466391,1.56792466390332e-05,AgL24,"Ágreda-López et al., 2024 (cpx_liq)",T,,1047.944091796875,ok,
merapi_2006_0011,merapi_kd028_pass,2006,2006px3 Line 026 ,2006px3,38,5590,0.2799995436317146,4.56368285384201e-07,AgL24,"Ágreda-López et al., 2024 (cpx_liq)",T,,1046.236572265625,ok,
merapi_2006_0012,merapi_kd028_pass,2006,2006px3 Line 027 ,2006px3,39,2553,0.2800041347572449,4.134757244922405e-06,AgL24,"Ágreda-López et al., 2024 (cpx_liq)",T,,1045.239501953125,ok,
merapi_2006_0013,merapi_kd028_pass,2006,2006px3 Line 028 ,2006px3,40,10701,0.2799987824852813,1.217514718765411e-06,AgL24,"Ágreda-López et al., 2024 (cpx_liq)",T,,1047.47412109375,ok,
merapi_2006_0014,merapi_kd028_pass,2006,2006px3 Line 029 ,2006px3,41,16550,0.27999970009488,2.999051200158753e-07,AgL24,"Ágreda-López et al., 2024 (cpx_liq)",T,,1045.185302734375,ok,
merapi_2006_0015,merapi_kd028_pass,2006,2006px3 Line 030 ,2006px3,42,5881,0.280001740402496,1.740402496008819e-06,AgL24,"Ágreda-López et al., 2024 (cpx_liq)",T,,1041.340087890625,ok,
merapi_2006_0016,merapi_kd028_pass,2006,2006px3 Line 031 ,2006px3,43,7032,0.2800079058247457,7.905824745690904e-06,AgL24,"Ágreda-López et al., 2024 (cpx_liq)",T,,1042.950439453125,ok,
merapi_2006_0017,merapi_kd028_pass,2006,2006px3 Line 032 ,2006px3,44,12524,0.2799786851612204,2.131483877965135e-05,AgL24,"Ágreda-López et al., 2024 (cpx_liq)",T,,1049.6568603515625,ok,
merapi_2006_0018,merapi_kd028_pass,2006,2006trav1n Line 001 ,2006trav1,58,14072,0.2800026645370314,2.66453703134939e-06,AgL24,"Ágreda-López et al., 2024 (cpx_liq)",T,,1034.66064453125,ok,
merapi_2006_0019,merapi_kd028_pass,2006,2006trav1n Line 002 ,2006trav1,59,13298,0.2799967368270788,3.263172921208479e-06,AgL24,"Ágreda-López et al., 2024 (cpx_liq)",T,,1055.5810546875,ok,
merapi_2006_0020,merapi_kd028_pass,2006,2006trav1n Line 017 ,2006trav1,74,19148,0.2800022664781375,2.266478137502581e-06,AgL24,"Ágreda-López et al., 2024 (cpx_liq)",T,,1054.461181640625,ok,
merapi_2006_0021,merapi_kd028_pass,2006,2006trav1n Line 019 ,2006trav1,76,10696,0.2800256233985809,2.562339858092066e-05,AgL24,"Ágreda-López et al., 2024 (cpx_liq)",T,,1053.20947265625,ok,
merapi_2006_0022,merapi_kd028_pass,2006,2006trav1n Line 020 ,2006trav1,77,9588,0.2800043793820398,4.379382039731983e-06,AgL24,"Ágreda-López et al., 2024 (cpx_liq)",T,,1051.533447265625,ok,
merapi_2006_0023,merapi_kd028_pass,2006,2006trav1n Line 023 ,2006trav1,80,8720,0.2800041179486016,4.117948601556343e-06,AgL24,"Ágreda-López et al., 2024 (cpx_liq)",T,,1050.544677734375,ok,
merapi_2006_0024,merapi_kd028_pass,2006,2006trav1n Line 024 ,2006trav1,81,2945,0.2799832553448161,1.67446551839201e-05,AgL24,"Ágreda-López et al., 2024 (cpx_liq)",T,,1047.0360107421875,ok,
merapi_2006_0025,merapi_kd028_pass,2006,2006trav1n Line 025 ,2006trav1,82,17864,0.2799966439377978,3.356062202253263e-06,AgL24,"Ágreda-López et al., 2024 (cpx_liq)",T,,1050.1016845703125,ok,
merapi_2006_0026,merapi_kd028_pass,2006,2006trav1n Line 026 ,2006trav1,83,9461,0.2800025180872135,2.518087213521092e-06,AgL24,"Ágreda-López et al., 2024 (cpx_liq)",T,,1054.51123046875,ok,
merapi_2006_0027,merapi_kd028_pass,2006,2006trav1n Line 028 ,2006trav1,85,3380,0.2800126995628873,1.269956288724172e-05,AgL24,"Ágreda-López et al., 2024 (cpx_liq)",T,,1055.199462890625,ok,
merapi_2006_0028,merapi_kd028_pass,2006,2006trav1n Line 029 ,2006trav1,86,19486,0.2799759551680616,2.404483193846341e-05,AgL24,"Ágreda-López et al., 2024 (cpx_liq)",T,,1052.292236328125,ok,
merapi_2006_0029,merapi_kd028_pass,2006,2006trav1n Line 030 ,2006trav1,87,17741,0.2800037470948772,3.747094877160073e-06,AgL24,"Ágreda-López et al., 2024 (cpx_liq)",T,,1048.9326171875,ok,
merapi_2006_0030,merapi_kd028_pass,2006,2006trav1n Line 031 ,2006trav1,88,14652,0.2799971993555523,2.800644447686906e-06,AgL24,"Ágreda-López et al., 2024 (cpx_liq)",T,,1054.447265625,ok,
merapi_2006_0031,merapi_kd028_pass,2006,2006trav1n Line 032 ,2006trav1,89,10065,0.2799724972348179,2.750276518209693e-05,AgL24,"Ágreda-López et al., 2024 (cpx_liq)",T,,1051.7528076171875,ok,
merapi_2006_0032,merapi_kd028_pass,2006,2006trav1n Line 033 ,2006trav1,90,6907,0.2799969238817676,3.076118232414604e-06,AgL24,"Ágreda-López et al., 2024 (cpx_liq)",T,,1046.793701171875,ok,
merapi_2006_0033,merapi_kd028_pass,2006,2006trav1n Line 034 ,2006trav1,91,5036,0.2799912145287365,8.785471263539346e-06,AgL24,"Ágreda-López et al., 2024 (cpx_liq)",T,,1050.55419921875,ok,
merapi_2006_0034,merapi_kd028_pass,2006,2006trav2n  Line 009 ,2006trav2,108,13140,0.2799949264581835,5.073541816558169e-06,AgL24,"Ágreda-López et al., 2024 (cpx_liq)",T,,1043.5411376953125,ok,
merapi_2006_0035,merapi_kd028_pass,2006,2006trav2n  Line 010 ,2006trav2,109,7560,0.2799936080720503,6.391927949767062e-06,AgL24,"Ágreda-López et al., 2024 (cpx_liq)",T,,1035.730224609375,ok,
merapi_2006_0036,merapi_kd028_pass,2006,2006trav2n  Line 011 ,2006trav2,110,8900,0.2799962877122568,3.71228774326271e-06,AgL24,"Ágreda-López et al., 2024 (cpx_liq)",T,,1037.847412109375,ok,
merapi_2006_0037,merapi_kd028_pass,2006,2006trav2n  Line 012 ,2006trav2,111,13896,0.2800091551834771,9.1551834770498e-06,AgL24,"Ágreda-López et al., 2024 (cpx_liq)",T,,1034.0302734375,ok,
merapi_2006_0038,merapi_kd028_pass,2006,2006trav2n  Line 013 ,2006trav2,112,18840,0.2799861823323435,1.381766765651271e-05,AgL24,"Ágreda-López et al., 2024 (cpx_liq)",T,,1038.3470458984375,ok,
merapi_2006_0039,merapi_kd028_pass,2006,2006trav2n  Line 017 ,2006trav2,116,7030,0.279987146234402,1.285376559800877e-05,AgL24,"Ágreda-López et al., 2024 (cpx_liq)",T,,1052.5401611328125,ok,
merapi_2006_0040,merapi_kd028_pass,2006,Un   95  2006cpx1-80W,2006cpx1-80,135,19746,0.2799973584549343,2.641545065684703e-06,AgL24,"Ágreda-López et al., 2024 (cpx_liq)",T,,1047.923828125,ok,
merapi_2006_0041,merapi_kd028_pass,2006,Un   96  2006cpx1-test,2006cpx1-test,139,11432,0.2800072280802169,7.228080216914456e-06,AgL24,"Ágreda-López et al., 2024 (cpx_liq)",T,,1041.775146484375,ok,
merapi_2006_0042,merapi_kd028_pass,2006,Un   97  2006cpx1-80E,2006cpx1-80,140,89,0.2799920485428923,7.951457107691073e-06,AgL24,"Ágreda-López et al., 2024 (cpx_liq)",T,,1045.747802734375,ok,
merapi_2010_0043,merapi_kd028_pass,2010,2010-cpx1 Line 002 ,2010-cpx1,0,6018,0.2799998030112246,1.969887754582622e-07,AgL24,"Ágreda-López et al., 2024 (cpx_liq)",T,,1028.830078125,ok,
merapi_2010_0044,merapi_kd028_pass,2010,2010-cpx1 Line 003 ,2010-cpx1,1,4057,0.2799981517158307,1.848284169325698e-06,AgL24,"Ágreda-López et al., 2024 (cpx_liq)",T,,1041.806884765625,ok,
merapi_2010_0045,merapi_kd028_pass,2010,2010-cpx1 Line 004 ,2010-cpx1,2,5871,0.2799977644084414,2.235591558652494e-06,AgL24,"Ágreda-López et al., 2024 (cpx_liq)",T,,1038.9024658203125,ok,
merapi_2010_0046,merapi_kd028_pass,2010,2010-cpx1 Line 005 ,2010-cpx1,3,2435,0.2800051065098412,5.106509841146245e-06,AgL24,"Ágreda-López et al., 2024 (cpx_liq)",T,,1001.0687255859375,ok,
merapi_2010_0047,merapi_kd028_pass,2010,2010-cpx1 Line 006 ,2010-cpx1,4,15157,0.2799988812011857,1.118798814370159e-06,AgL24,"Ágreda-López et al., 2024 (cpx_liq)",T,,1028.3465576171875,ok,
merapi_2010_0048,merapi_kd028_pass,2010,2010-cpx1 Line 007 ,2010-cpx1,5,257,0.280005844839572,5.844839571944593e-06,AgL24,"Ágreda-López et al., 2024 (cpx_liq)",T,,1033.5452880859375,ok,
merapi_2010_0049,merapi_kd028_pass,2010,2010-cpx1 Line 008 ,2010-cpx1,6,1295,0.2800077662750068,7.76627500681526e-06,AgL24,"Ágreda-López et al., 2024 (cpx_liq)",T,,1040.814697265625,ok,
merapi_2010_0050,merapi_kd028_pass,2010,2010-cpx1 Line 009 ,2010-cpx1,7,16888,0.2800021365885482,2.136588548196094e-06,AgL24,"Ágreda-López et al., 2024 (cpx_liq)",T,,1025.9970703125,ok,
merapi_2010_0051,merapi_kd028_pass,2010,2010-cpx1 Line 010 ,2010-cpx1,8,8856,0.2800015856658248,1.585665824810345e-06,AgL24,"Ágreda-López et al., 2024 (cpx_liq)",T,,1040.79150390625,ok,
merapi_2010_0052,merapi_kd028_pass,2010,2010-cpx1 Line 011 ,2010-cpx1,9,1439,0.2800011849694209,1.184969420919835e-06,AgL24,"Ágreda-López et al., 2024 (cpx_liq)",T,,1027.153564453125,ok,
merapi_2010_0053,merapi_kd028_pass,2010,2010-cpx1 Line 012 ,2010-cpx1,10,14518,0.2800006107589095,6.107589094472843e-07,AgL24,"Ágreda-López et al., 2024 (cpx_liq)",T,,1033.2952880859375,ok,
merapi_2010_0054,merapi_kd028_pass,2010,2010-cpx1 Line 013 ,2010-cpx1,11,16676,0.2800025879305247,2.587930524711179e-06,AgL24,"Ágreda-López et al., 2024 (cpx_liq)",T,,1022.0487060546875,ok,
merapi_2010_0055,merapi_kd028_pass,2010,2010-cpx1 Line 014 ,2010-cpx1,12,8688,0.2800010648039675,1.064803967498751e-06,AgL24,"Ágreda-López et al., 2024 (cpx_liq)",T,,1019.404052734375,ok,
merapi_2010_0056,merapi_kd028_pass,2010,2010-cpx1 Line 015 ,2010-cpx1,13,5877,0.2799969867108625,3.013289137543396e-06,AgL24,"Ágreda-López et al., 2024 (cpx_liq)",T,,1008.45166015625,ok,
merapi_2010_0057,merapi_kd028_pass,2010,2010-cpx1 Line 016 ,2010-cpx1,14,452,0.2799821560205399,1.784397946014149e-05,AgL24,"Ágreda-López et al., 2024 (cpx_liq)",T,,1022.0511474609375,ok,
merapi_2010_0058,merapi_kd028_pass,2010,2010-cpx1 Line 017 ,2010-cpx1,15,2032,0.2800006717020297,6.717020297197784e-07,AgL24,"Ágreda-López et al., 2024 (cpx_liq)",T,,1030.52294921875,ok,
merapi_2010_0059,merapi_kd028_pass,2010,2010-cpx1 Line 018 ,2010-cpx1,16,19283,0.2800046137817918,4.613781791784621e-06,AgL24,"Ágreda-López et al., 2024 (cpx_liq)",T,,1040.931640625,ok,
merapi_2010_0060,merapi_kd028_pass,2010,2010-cpx1 Line 019 ,2010-cpx1,17,8771,0.2800725605111906,7.256051119058915e-05,AgL24,"Ágreda-López et al., 2024 (cpx_liq)",T,,1050.7017822265625,ok,
merapi_2010_0061,merapi_kd028_pass,2010,2010-cpx1 Line 020 ,2010-cpx1,18,5387,0.2800073241282617,7.324128261654295e-06,AgL24,"Ágreda-López et al., 2024 (cpx_liq)",T,,1046.7852783203125,ok,
merapi_2010_0062,merapi_kd028_pass,2010,2010-cpx1 Line 021 ,2010-cpx1,19,3489,0.2799965137473102,3.486252689866021e-06,AgL24,"Ágreda-López et al., 2024 (cpx_liq)",T,,1059.607177734375,ok,
merapi_2010_0063,merapi_kd028_pass,2010,nov10_px5an Line 026 ,nov10_px5,84,17229,0.2799933632122469,6.636787753144802e-06,AgL24,"Ágreda-López et al., 2024 (cpx_liq)",T,,1036.3946533203125,ok,
merapi_2010_0064,merapi_kd028_pass,2010,nov10_px5an Line 027 ,nov10_px5,85,10975,0.279998405979791,1.594020209050306e-06,AgL24,"Ágreda-López et al., 2024 (cpx_liq)",T,,1040.93115234375,ok,
merapi_2010_0065,merapi_kd028_pass,2010,nov10_px5an Line 028 ,nov10_px5,86,17829,0.2800100678768651,1.006787686508304e-05,AgL24,"Ágreda-López et al., 2024 (cpx_liq)",T,,1040.076416015625,ok,
merapi_2010_0066,merapi_kd028_pass,2010,nov10_px5an Line 029 ,nov10_px5,87,16574,0.2799947642915669,5.235708433082298e-06,AgL24,"Ágreda-López et al., 2024 (cpx_liq)",T,,1041.51806640625,ok,
merapi_2010_0067,merapi_kd028_pass,2010,nov10_px5an Line 030 ,nov10_px5,88,9438,0.2799969807857353,3.019214264765591e-06,AgL24,"Ágreda-López et al., 2024 (cpx_liq)",T,,1048.4287109375,ok,
merapi_2010_0068,merapi_kd028_pass,2010,nov10_px5an Line 031 ,nov10_px5,89,16459,0.2800051022630541,5.102263054057588e-06,AgL24,"Ágreda-López et al., 2024 (cpx_liq)",T,,1039.8388671875,ok,
merapi_2010_0069,merapi_kd028_pass,2010,nov10_px5an Line 032 ,nov10_px5,90,4559,0.280006369562572,6.369562571995058e-06,AgL24,"Ágreda-López et al., 2024 (cpx_liq)",T,,1044.041748046875,ok,
merapi_2010_0070,merapi_kd028_pass,2010,nov10_px5an Line 033 ,nov10_px5,91,6918,0.279989171985401,1.082801459906246e-05,AgL24,"Ágreda-López et al., 2024 (cpx_liq)",T,,1042.242919921875,ok,
merapi_2010_0071,merapi_kd028_pass,2010,nov10_px5an Line 034 ,nov10_px5,92,9687,0.2800279863805439,2.798638054390956e-05,AgL24,"Ágreda-López et al., 2024 (cpx_liq)",T,,1041.076904296875,ok,
merapi_2010_0072,merapi_kd028_pass,2010,nov10_px5an Line 035 ,nov10_px5,93,14424,0.2800076247920927,7.624792092653099e-06,AgL24,"Ágreda-López et al., 2024 (cpx_liq)",T,,1041.169921875,ok,
merapi_2010_0073,merapi_kd028_pass,2010,nov10_px5an Line 036 ,nov10_px5,94,15711,0.279957811472103,4.218852789705796e-05,AgL24,"Ágreda-López et al., 2024 (cpx_liq)",T,,1042.041748046875,ok,
merapi_2010_0074,merapi_kd028_pass,2010,nov10_px5an Line 037 ,nov10_px5,95,17572,0.2800034736768699,3.473676869869546e-06,AgL24,"Ágreda-López et al., 2024 (cpx_liq)",T,,1047.924072265625,ok,
merapi_2010_0075,merapi_kd028_pass,2010,nov10_px5an Line 038 ,nov10_px5,96,19294,0.2800113853387882,1.138533878813908e-05,AgL24,"Ágreda-López et al., 2024 (cpx_liq)",T,,1040.953369140625,ok,
merapi_2010_0076,merapi_kd028_pass,2010,nov10_px5an Line 039 ,nov10_px5,97,17149,0.2800314474896073,3.144748960731691e-05,AgL24,"Ágreda-López et al., 2024 (cpx_liq)",T,,1036.899658203125,ok,
merapi_2010_0077,merapi_kd028_pass,2010,nov10_px5an Line 040 ,nov10_px5,98,2050,0.279950692550907,4.930744909298346e-05,AgL24,"Ágreda-López et al., 2024 (cpx_liq)",T,,1043.645751953125,ok,
merapi_2010_0078,merapi_kd028_pass,2010,nov10_px5an Line 041 ,nov10_px5,99,5528,0.279996345939143,3.654060857005703e-06,AgL24,"Ágreda-López et al., 2024 (cpx_liq)",T,,1042.7281494140625,ok,
merapi_2010_0079,merapi_kd028_pass,2010,nov10_px5an Line 042 ,nov10_px5,100,798,0.2800264683941149,2.646839411485358e-05,AgL24,"Ágreda-López et al., 2024 (cpx_liq)",T,,1039.7078857421875,ok,
merapi_2010_0080,merapi_kd028_pass,2010,nov10_px5bn Line 020 ,nov10_px5,120,4575,0.2799610569113504,3.894308864965668e-05,AgL24,"Ágreda-López et al., 2024 (cpx_liq)",T,,1052.9852294921875,ok,
merapi_2010_0081,merapi_kd028_pass,2010,nov10_px5bn Line 035 ,nov10_px5,135,17245,0.2800006834025761,6.834025760849016e-07,AgL24,"Ágreda-López et al., 2024 (cpx_liq)",T,,1041.50732421875,ok,
merapi_2010_0082,merapi_kd028_pass,2010,nov10_px5bn Line 036 ,nov10_px5,136,4990,0.2800030942003303,3.094200330233665e-06,AgL24,"Ágreda-López et al., 2024 (cpx_liq)",T,,1048.6981201171875,ok,
merapi_2010_0083,merapi_kd028_pass,2010,nov10_px5bn Line 037 ,nov10_px5,137,14581,0.2800020652329865,2.065232986458998e-06,AgL24,"Ágreda-López et al., 2024 (cpx_liq)",T,,1034.03271484375,ok,
merapi_2010_0084,merapi_kd028_pass,2010,nov10_px5bn Line 038 ,nov10_px5,138,5241,0.2800028069195141,2.806919514097839e-06,AgL24,"Ágreda-López et al., 2024 (cpx_liq)",T,,1034.08740234375,ok,
merapi_2010_0085,merapi_kd028_pass,2010,nov10_px5bn Line 039 ,nov10_px5,139,16670,0.2799988743007921,1.125699207960018e-06,AgL24,"Ágreda-López et al., 2024 (cpx_liq)",T,,1024.090087890625,ok,
merapi_2010_0086,merapi_kd028_pass,2010,nov10_px5bn Line 040 ,nov10_px5,140,127,0.2800018784026617,1.878402661636969e-06,AgL24,"Ágreda-López et al., 2024 (cpx_liq)",T,,1030.746337890625,ok,
merapi_2010_0087,merapi_kd028_pass,2010,nov10_px5bn Line 041 ,nov10_px5,141,4082,0.2800013188513222,1.318851322151815e-06,AgL24,"Ágreda-López et al., 2024 (cpx_liq)",T,,1037.168701171875,ok,
merapi_2010_0088,merapi_kd028_pass,2010,nov10_px5bn Line 042 ,nov10_px5,142,11179,0.2800029317436675,2.931743667500264e-06,AgL24,"Ágreda-López et al., 2024 (cpx_liq)",T,,1035.5369873046875,ok,
merapi_2010_0089,merapi_kd028_pass,2010,nov10_px5cn Line 027 ,nov10_px5,169,8360,0.2800355603519092,3.556035190921403e-05,AgL24,"Ágreda-López et al., 2024 (cpx_liq)",T,,1047.606201171875,ok,
merapi_2010_0090,merapi_kd028_pass,2010,nov10_px5cn Line 028 ,nov10_px5,170,10692,0.280010041862024,1.00418620239684e-05,AgL24,"Ágreda-López et al., 2024 (cpx_liq)",T,,1039.77734375,ok,
merapi_2010_0091,merapi_kd028_pass,2010,nov10_px5cn Line 029 ,nov10_px5,171,5211,0.2799959499111569,4.050088843077226e-06,AgL24,"Ágreda-López et al., 2024 (cpx_liq)",T,,1034.0966796875,ok,
merapi_2010_0092,merapi_kd028_pass,2010,nov10_px5cn Line 030 ,nov10_px5,172,4070,0.2799978980475839,2.101952416122543e-06,AgL24,"Ágreda-López et al., 2024 (cpx_liq)",T,,1012.83349609375,ok,
merapi_2010_0093,merapi_kd028_pass,2010,nov10_px5cn Line 031 ,nov10_px5,173,10188,0.2799935557963997,6.444203600353138e-06,AgL24,"Ágreda-López et al., 2024 (cpx_liq)",T,,1036.6358642578125,ok,
merapi_2010_0094,merapi_kd028_pass,2010,nov10_px5cn Line 032 ,nov10_px5,174,8753,0.2799985030544663,1.496945533752125e-06,AgL24,"Ágreda-López et al., 2024 (cpx_liq)",T,,1042.921875,ok,
merapi_2010_0095,merapi_kd028_pass,2010,nov10_px5cn Line 033 ,nov10_px5,175,11365,0.2800044647547743,4.464754774224922e-06,AgL24,"Ágreda-López et al., 2024 (cpx_liq)",T,,1033.39453125,ok,
merapi_2010_0096,merapi_kd028_pass,2010,nov10_px5cn Line 034 ,nov10_px5,176,1381,0.2799976878007022,2.312199297860307e-06,AgL24,"Ágreda-López et al., 2024 (cpx_liq)",T,,1039.26123046875,ok,
merapi_2010_0097,merapi_kd028_pass,2010,nov10_px5cn Line 035 ,nov10_px5,177,15978,0.279998997814827,1.002185173015757e-06,AgL24,"Ágreda-López et al., 2024 (cpx_liq)",T,,1027.56494140625,ok,
merapi_2010_0098,merapi_kd028_pass,2010,nov10_px5cn Line 036 ,nov10_px5,178,8902,0.2800031271665638,3.127166563754447e-06,AgL24,"Ágreda-López et al., 2024 (cpx_liq)",T,,1038.22216796875,ok,
merapi_2010_0099,merapi_kd028_pass,2010,nov10_px5cn Line 037 ,nov10_px5,179,14293,0.2800024680425633,2.468042563263939e-06,AgL24,"Ágreda-López et al., 2024 (cpx_liq)",T,,1037.6810302734375,ok,
merapi_2010_0100,merapi_kd028_pass,2010,nov10_px5cn Line 038 ,nov10_px5,180,12852,0.2800010792607041,1.079260704084373e-06,AgL24,"Ágreda-López et al., 2024 (cpx_liq)",T,,1032.896240234375,ok,
merapi_2010_0101,merapi_kd028_pass,2010,nov10_px5cn Line 039 ,nov10_px5,181,81,0.2800027112246111,2.711224611040564e-06,AgL24,"Ágreda-López et al., 2024 (cpx_liq)",T,,1042.549072265625,ok,
merapi_2010_0102,merapi_kd028_pass,2010,nov10_px5cn Line 040 ,nov10_px5,182,160,0.2800081154584018,8.11545840173622e-06,AgL24,"Ágreda-López et al., 2024 (cpx_liq)",T,,1036.2392578125,ok,
merapi_2010_0103,merapi_kd028_pass,2010,nov10_px5cn Line 041 ,nov10_px5,183,14033,0.2799970809354401,2.919064559958606e-06,AgL24,"Ágreda-López et al., 2024 (cpx_liq)",T,,1033.839111328125,ok,
merapi_2010_0104,merapi_kd028_pass,2010,nov10_px5cn Line 042 ,nov10_px5,184,11589,0.2800003808783538,3.808783537451177e-07,AgL24,"Ágreda-López et al., 2024 (cpx_liq)",T,,1036.630615234375,ok,
merapi_2010_0105,merapi_kd028_pass,2010,nov10_px6bn Line 022 ,nov10_px6,206,5838,0.2799975763316663,2.423668333695339e-06,AgL24,"Ágreda-López et al., 2024 (cpx_liq)",T,,1048.50634765625,ok,
merapi_2010_0106,merapi_kd028_pass,2010,nov10_px6bn Line 023 ,nov10_px6,207,12299,0.2799929724821653,7.027517834767849e-06,AgL24,"Ágreda-López et al., 2024 (cpx_liq)",T,,1043.85693359375,ok,
merapi_2010_0107,merapi_kd028_pass,2010,nov10_px6bn Line 024 ,nov10_px6,208,8066,0.2799979396071882,2.060392811809031e-06,AgL24,"Ágreda-López et al., 2024 (cpx_liq)",T,,1057.6043701171875,ok,
merapi_2010_0108,merapi_kd028_pass,2010,nov10_px6bn Line 025 ,nov10_px6,209,2000,0.2800115110848241,1.151108482405627e-05,AgL24,"Ágreda-López et al., 2024 (cpx_liq)",T,,1053.113525390625,ok,
merapi_2010_0109,merapi_kd028_pass,2010,nov10_px6bn Line 026 ,nov10_px6,210,4024,0.280001245370136,1.245370135960489e-06,AgL24,"Ágreda-López et al., 2024 (cpx_liq)",T,,1045.2734375,ok,
merapi_2010_0110,merapi_kd028_pass,2010,nov10_px6bn Line 027 ,nov10_px6,211,16911,0.2799848953098698,1.510469013021876e-05,AgL24,"Ágreda-López et al., 2024 (cpx_liq)",T,,1040.4296875,ok,
merapi_2010_0111,merapi_kd028_pass,2010,nov10_px6bn Line 028 ,nov10_px6,212,16798,0.2800080151835502,8.015183550147409e-06,AgL24,"Ágreda-López et al., 2024 (cpx_liq)",T,,1042.739013671875,ok,
merapi_2010_0112,merapi_kd028_pass,2010,nov10_px6bn Line 029 ,nov10_px6,213,13586,0.2800028263253634,2.826325363414206e-06,AgL24,"Ágreda-López et al., 2024 (cpx_liq)",T,,1038.043701171875,ok,
merapi_2010_0113,merapi_kd028_pass,2010,nov10_px6bn Line 030 ,nov10_px6,214,17483,0.2800353341079006,3.533410790057534e-05,AgL24,"Ágreda-López et al., 2024 (cpx_liq)",T,,1046.03759765625,ok,
merapi_2010_0114,merapi_kd028_pass,2010,nov10_px6bn Line 031 ,nov10_px6,215,18016,0.2799966796108934,3.320389106609145e-06,AgL24,"Ágreda-López et al., 2024 (cpx_liq)",T,,1044.648681640625,ok,
merapi_2010_0115,merapi_kd028_pass,2010,nov10_px6bn Line 032 ,nov10_px6,216,4728,0.2799866525462,1.334745380004998e-05,AgL24,"Ágreda-López et al., 2024 (cpx_liq)",T,,1055.070556640625,ok,
merapi_2010_0116,merapi_kd028_pass,2010,nov10_px6bn Line 033 ,nov10_px6,217,4355,0.280003212463115,3.212463115020991e-06,AgL24,"Ágreda-López et al., 2024 (cpx_liq)",T,,1054.442138671875,ok,
merapi_2010_0117,merapi_kd028_pass,2010,oct10-px4a Line 001 ,oct10-px4a,218,3892,0.2800088174441775,8.817444177466882e-06,AgL24,"Ágreda-López et al., 2024 (cpx_liq)",T,,1043.837890625,ok,
merapi_2010_0118,merapi_kd028_pass,2010,oct10-px4a Line 002 ,oct10-px4a,219,7828,0.2799665652974266,3.343470257344272e-05,AgL24,"Ágreda-López et al., 2024 (cpx_liq)",T,,1046.02197265625,ok,
merapi_2010_0119,merapi_kd028_pass,2010,oct10-px4a Line 008 ,oct10-px4a,225,14045,0.2800199062319113,1.990623191128194e-05,AgL24,"Ágreda-López et al., 2024 (cpx_liq)",T,,1066.65966796875,ok,
merapi_2010_0120,merapi_kd028_pass,2010,oct10-px4a Line 009 ,oct10-px4a,226,13348,0.2800058843242761,5.884324276117514e-06,AgL24,"Ágreda-López et al., 2024 (cpx_liq)",T,,1079.5390625,ok,
merapi_2010_0121,merapi_kd028_pass,2010,oct10-px4a Line 011 ,oct10-px4a,227,7173,0.2800390814738258,3.908147382575278e-05,AgL24,"Ágreda-López et al., 2024 (cpx_liq)",T,,1073.8046875,ok,
merapi_2010_0122,merapi_kd028_pass,2010,oct10-px4a Line 012 ,oct10-px4a,228,16050,0.2799826242196712,1.737578032878773e-05,AgL24,"Ágreda-López et al., 2024 (cpx_liq)",T,,1054.6141357421875,ok,
merapi_2010_0123,merapi_kd028_pass,2010,oct10-px4a Line 015 ,oct10-px4a,231,8081,0.2799973712794988,2.628720501274273e-06,AgL24,"Ágreda-López et al., 2024 (cpx_liq)",T,,1055.023193359375,ok,
merapi_2010_0124,merapi_kd028_pass,2010,oct10-px4a Line 017 ,oct10-px4a,233,5508,0.2799943694425442,5.630557455782448e-06,AgL24,"Ágreda-López et al., 2024 (cpx_liq)",T,,1046.4656982421875,ok,
merapi_2010_0125,merapi_kd028_pass,2010,oct10-px4a Line 018 ,oct10-px4a,234,15738,0.2799929769501922,7.023049807819426e-06,AgL24,"Ágreda-López et al., 2024 (cpx_liq)",T,,1049.70556640625,ok,
merapi_2010_0126,merapi_kd028_pass,2010,oct10-px7a Line 003 ,oct10-px7a,237,1018,0.2799773514750729,2.264852492711578e-05,AgL24,"Ágreda-López et al., 2024 (cpx_liq)",T,,1042.625732421875,ok,
merapi_2010_0127,merapi_kd028_pass,2010,Un  207  2010-Cpx1-60S,2010-Cpx1-60,259,6010,0.2800185298718917,1.852987189171484e-05,AgL24,"Ágreda-López et al., 2024 (cpx_liq)",T,,1047.234375,ok,
merapi_2010_0128,merapi_kd028_pass,2010,Un  208  2010-Cpx1-60E,2010-Cpx1-60,260,15630,0.2800210555938312,2.105559383119848e-05,AgL24,"Ágreda-López et al., 2024 (cpx_liq)",T,,1053.088134765625,ok,
merapi_2010_0129,merapi_kd028_pass,2010,Un  209  2010-Cpx1-Core1,2010-Cpx1-CORE,261,9023,0.2800248773529943,2.487735299427918e-05,AgL24,"Ágreda-López et al., 2024 (cpx_liq)",T,,1054.8468017578125,ok,
merapi_2010_0130,merapi_kd028_pass,2010,Un  210  2010-Cpx1-Core2,2010-Cpx1-CORE,262,8312,0.2799934040601317,6.595939868347944e-06,AgL24,"Ágreda-López et al., 2024 (cpx_liq)",T,,1045.3497314453125,ok,
merapi_2010_0131,merapi_kd028_pass,2010,Un  211  2010-Cpx1-Core3,2010-Cpx1-CORE,263,16842,0.2800018738159906,1.873815990593997e-06,AgL24,"Ágreda-López et al., 2024 (cpx_liq)",T,,1044.92041015625,ok,
merapi_2010_0132,merapi_kd028_pass,2010,Un  212  2010-Cpx1-61W,2010-Cpx1-61,264,9373,0.2800080710201749,8.071020174860166e-06,AgL24,"Ágreda-López et al., 2024 (cpx_liq)",T,,1056.4130859375,ok,
merapi_2010_0133,merapi_kd028_pass,2010,Un  213  2010-Cpx1-61E,2010-Cpx1-61,265,11782,0.279988138916497,1.18610835029842e-05,AgL24,"Ágreda-López et al., 2024 (cpx_liq)",T,,1048.04833984375,ok,
merapi_2010_0134,merapi_kd028_pass,2010,Un  214  2010-Cpx1-61N,2010-Cpx1-61,266,18560,0.2799839428361771,1.605716382291345e-05,AgL24,"Ágreda-López et al., 2024 (cpx_liq)",T,,1045.20947265625,ok,
merapi_2010_0135,merapi_kd028_pass,2010,Un  216  2010-Cpx1-62W,2010-Cpx1-62,267,9894,0.27995379187536,4.620812464006807e-05,AgL24,"Ágreda-López et al., 2024 (cpx_liq)",T,,1041.3326416015625,ok,
merapi_2010_0136,merapi_kd028_pass,2010,Un  219  2010-Cpx1-RIM3,2010-Cpx1-RIM,268,17348,0.2799836140156229,1.638598437708749e-05,AgL24,"Ágreda-López et al., 2024 (cpx_liq)",T,,1042.1265869140625,ok,
merapi_2010_0137,merapi_kd028_pass,2010,Un  220  2010-Cpx1-Core4,2010-Cpx1-CORE,269,17822,0.2799927645626315,7.235437368524611e-06,AgL24,"Ágreda-López et al., 2024 (cpx_liq)",T,,1047.924560546875,ok,
merapi_2010_0138,merapi_kd028_pass,2010,Un  221  2010-Cpx1-Core5,2010-Cpx1-CORE,270,15694,0.2799967501740619,3.249825938078654e-06,AgL24,"Ágreda-López et al., 2024 (cpx_liq)",T,,1049.5311279296875,ok,
merapi_2010_0139,merapi_kd028_pass,2010,Un  222  2010-Cpx1-Rim4,2010-Cpx1-RIM,271,11854,0.2800003101259549,3.10125954861018e-07,AgL24,"Ágreda-López et al., 2024 (cpx_liq)",T,,1031.43505859375,ok,
merapi_2010_0140,merapi_kd028_pass,2010,Un  253  2010-Cpx6-52N,2010-Cpx6-52,273,7367,0.2799907355838421,9.264416157950262e-06,AgL24,"Ágreda-López et al., 2024 (cpx_liq)",T,,1048.6478271484375,ok,
merapi_2010_0141,merapi_kd028_pass,2010,Un  273  2010-Pair1-cpx-E2,2010-Pair1-cpx,277,6618,0.2799872793048427,1.272069515728669e-05,AgL24,"Ágreda-López et al., 2024 (cpx_liq)",T,,1031.66845703125,ok,
merapi_2010_0142,merapi_kd028_pass,2010,Un  279  2010-CpxBottom-50E,2010-CpxBottom-50,283,2147,0.2799921576202294,7.842379770583996e-06,AgL24,"Ágreda-López et al., 2024 (cpx_liq)",T,,1052.740478515625,ok,
merapi_2010_0143,merapi_kd028_pass,2010,Un  281  2010-CpxBottom-49N,2010-CpxBottom-49,285,15424,0.2800310738358642,3.107383586420376e-05,AgL24,"Ágreda-López et al., 2024 (cpx_liq)",T,,1042.024658203125,ok,
merapi_2010_0144,merapi_kd028_pass,2010,Un  286  2010-CpxBottom-R2,2010-CpxBottom,290,10807,0.2799972476730776,2.752326922428328e-06,AgL24,"Ágreda-López et al., 2024 (cpx_liq)",T,,1044.82421875,ok,
merapi_2010_0145,merapi_kd028_pass,2010,Un  287  2010-CpxSkull-56N,2010-CpxSkull-56,291,2157,0.2799892466082562,1.075339174383405e-05,AgL24,"Ágreda-López et al., 2024 (cpx_liq)",T,,1041.83837890625,ok,
merapi_2010_0146,merapi_kd028_pass,2010,Un  297  2010-CpxSkull-Rim1,2010-CpxSkull,299,19222,0.2800106561710371,1.065617103707117e-05,AgL24,"Ágreda-López et al., 2024 (cpx_liq)",T,,1039.6806640625,ok,
merapi_2010_0147,merapi_kd028_pass,2010,Un  300  2010-CpxSkull-Rim2,2010-CpxSkull,302,10692,0.2799953129372731,4.687062726937974e-06,AgL24,"Ágreda-López et al., 2024 (cpx_liq)",T,,1038.01025390625,ok,
merapi_2010_0148,merapi_kd028_pass,2010,Un  301  2010-CpxSkull-Rim3,2010-CpxSkull,303,9366,0.2799988713753707,1.128624629309627e-06,AgL24,"Ágreda-López et al., 2024 (cpx_liq)",T,,1026.684814453125,ok,
merapi_2006_0001,merapi_kd028_pass,2006,2006px2 Line 001 ,2006px2,0,9581,0.2799974498225476,2.55017745243169e-06,Chi23,"Chicchi et al., 2023 (cpx_liq)",T,,1034.0,ok,
merapi_2006_0002,merapi_kd028_pass,2006,2006px2 Line 002 ,2006px2,1,4919,0.2799870689065713,1.293109342870302e-05,Chi23,"Chicchi et al., 2023 (cpx_liq)",T,,981.0,ok,
merapi_2006_0003,merapi_kd028_pass,2006,2006px2 Line 003 ,2006px2,2,13958,0.2800157045766593,1.570457665922564e-05,Chi23,"Chicchi et al., 2023 (cpx_liq)",T,,927.0,ok,
merapi_2006_0004,merapi_kd028_pass,2006,2006px2 Line 004 ,2006px2,3,16902,0.2799995963332798,4.036667202722555e-07,Chi23,"Chicchi et al., 2023 (cpx_liq)",T,,915.0,ok,
merapi_2006_0005,merapi_kd028_pass,2006,2006px2 Line 005 ,2006px2,4,11378,0.2800001900063491,1.900063490989368e-07,Chi23,"Chicchi et al., 2023 (cpx_liq)",T,,958.0,ok,
merapi_2006_0006,merapi_kd028_pass,2006,2006px2 Line 011 ,2006px2,10,4745,0.2799668715475006,3.31284524994202e-05,Chi23,"Chicchi et al., 2023 (cpx_liq)",T,,1010.0,ok,
merapi_2006_0007,merapi_kd028_pass,2006,2006px2 Line 012 ,2006px2,11,3134,0.2799997359248839,2.640751161631094e-07,Chi23,"Chicchi et al., 2023 (cpx_liq)",T,,1021.0,ok,
merapi_2006_0008,merapi_kd028_pass,2006,2006px3 Line 023 ,2006px3,35,5834,0.2799684670032443,3.153299675573429e-05,Chi23,"Chicchi et al., 2023 (cpx_liq)",T,,944.0,ok,
merapi_2006_0009,merapi_kd028_pass,2006,2006px3 Line 024 ,2006px3,36,17798,0.2800009358429474,9.358429474137786e-07,Chi23,"Chicchi et al., 2023 (cpx_liq)",T,,923.0,ok,
merapi_2006_0010,merapi_kd028_pass,2006,2006px3 Line 025 ,2006px3,37,3428,0.2800156792466391,1.56792466390332e-05,Chi23,"Chicchi et al., 2023 (cpx_liq)",T,,949.0,ok,
merapi_2006_0011,merapi_kd028_pass,2006,2006px3 Line 026 ,2006px3,38,5590,0.2799995436317146,4.56368285384201e-07,Chi23,"Chicchi et al., 2023 (cpx_liq)",T,,955.0,ok,
merapi_2006_0012,merapi_kd028_pass,2006,2006px3 Line 027 ,2006px3,39,2553,0.2800041347572449,4.134757244922405e-06,Chi23,"Chicchi et al., 2023 (cpx_liq)",T,,982.0,ok,
merapi_2006_0013,merapi_kd028_pass,2006,2006px3 Line 028 ,2006px3,40,10701,0.2799987824852813,1.217514718765411e-06,Chi23,"Chicchi et al., 2023 (cpx_liq)",T,,944.0,ok,
merapi_2006_0014,merapi_kd028_pass,2006,2006px3 Line 029 ,2006px3,41,16550,0.27999970009488,2.999051200158753e-07,Chi23,"Chicchi et al., 2023 (cpx_liq)",T,,949.0,ok,
merapi_2006_0015,merapi_kd028_pass,2006,2006px3 Line 030 ,2006px3,42,5881,0.280001740402496,1.740402496008819e-06,Chi23,"Chicchi et al., 2023 (cpx_liq)",T,,960.0,ok,
merapi_2006_0016,merapi_kd028_pass,2006,2006px3 Line 031 ,2006px3,43,7032,0.2800079058247457,7.905824745690904e-06,Chi23,"Chicchi et al., 2023 (cpx_liq)",T,,948.0,ok,
merapi_2006_0017,merapi_kd028_pass,2006,2006px3 Line 032 ,2006px3,44,12524,0.2799786851612204,2.131483877965135e-05,Chi23,"Chicchi et al., 2023 (cpx_liq)",T,,985.0,ok,
merapi_2006_0018,merapi_kd028_pass,2006,2006trav1n Line 001 ,2006trav1,58,14072,0.2800026645370314,2.66453703134939e-06,Chi23,"Chicchi et al., 2023 (cpx_liq)",T,,911.0,ok,
merapi_2006_0019,merapi_kd028_pass,2006,2006trav1n Line 002 ,2006trav1,59,13298,0.2799967368270788,3.263172921208479e-06,Chi23,"Chicchi et al., 2023 (cpx_liq)",T,,930.0,ok,
merapi_2006_0020,merapi_kd028_pass,2006,2006trav1n Line 017 ,2006trav1,74,19148,0.2800022664781375,2.266478137502581e-06,Chi23,"Chicchi et al., 2023 (cpx_liq)",T,,957.0,ok,
merapi_2006_0021,merapi_kd028_pass,2006,2006trav1n Line 019 ,2006trav1,76,10696,0.2800256233985809,2.562339858092066e-05,Chi23,"Chicchi et al., 2023 (cpx_liq)",T,,968.0,ok,
merapi_2006_0022,merapi_kd028_pass,2006,2006trav1n Line 020 ,2006trav1,77,9588,0.2800043793820398,4.379382039731983e-06,Chi23,"Chicchi et al., 2023 (cpx_liq)",T,,945.0,ok,
merapi_2006_0023,merapi_kd028_pass,2006,2006trav1n Line 023 ,2006trav1,80,8720,0.2800041179486016,4.117948601556343e-06,Chi23,"Chicchi et al., 2023 (cpx_liq)",T,,945.0,ok,
merapi_2006_0024,merapi_kd028_pass,2006,2006trav1n Line 024 ,2006trav1,81,2945,0.2799832553448161,1.67446551839201e-05,Chi23,"Chicchi et al., 2023 (cpx_liq)",T,,941.0,ok,
merapi_2006_0025,merapi_kd028_pass,2006,2006trav1n Line 025 ,2006trav1,82,17864,0.2799966439377978,3.356062202253263e-06,Chi23,"Chicchi et al., 2023 (cpx_liq)",T,,947.0,ok,
merapi_2006_0026,merapi_kd028_pass,2006,2006trav1n Line 026 ,2006trav1,83,9461,0.2800025180872135,2.518087213521092e-06,Chi23,"Chicchi et al., 2023 (cpx_liq)",T,,945.0,ok,
merapi_2006_0027,merapi_kd028_pass,2006,2006trav1n Line 028 ,2006trav1,85,3380,0.2800126995628873,1.269956288724172e-05,Chi23,"Chicchi et al., 2023 (cpx_liq)",T,,976.0,ok,
merapi_2006_0028,merapi_kd028_pass,2006,2006trav1n Line 029 ,2006trav1,86,19486,0.2799759551680616,2.404483193846341e-05,Chi23,"Chicchi et al., 2023 (cpx_liq)",T,,949.0,ok,
merapi_2006_0029,merapi_kd028_pass,2006,2006trav1n Line 030 ,2006trav1,87,17741,0.2800037470948772,3.747094877160073e-06,Chi23,"Chicchi et al., 2023 (cpx_liq)",T,,945.0,ok,
merapi_2006_0030,merapi_kd028_pass,2006,2006trav1n Line 031 ,2006trav1,88,14652,0.2799971993555523,2.800644447686906e-06,Chi23,"Chicchi et al., 2023 (cpx_liq)",T,,976.0,ok,
merapi_2006_0031,merapi_kd028_pass,2006,2006trav1n Line 032 ,2006trav1,89,10065,0.2799724972348179,2.750276518209693e-05,Chi23,"Chicchi et al., 2023 (cpx_liq)",T,,943.0,ok,
merapi_2006_0032,merapi_kd028_pass,2006,2006trav1n Line 033 ,2006trav1,90,6907,0.2799969238817676,3.076118232414604e-06,Chi23,"Chicchi et al., 2023 (cpx_liq)",T,,934.0,ok,
merapi_2006_0033,merapi_kd028_pass,2006,2006trav1n Line 034 ,2006trav1,91,5036,0.2799912145287365,8.785471263539346e-06,Chi23,"Chicchi et al., 2023 (cpx_liq)",T,,948.0,ok,
merapi_2006_0034,merapi_kd028_pass,2006,2006trav2n  Line 009 ,2006trav2,108,13140,0.2799949264581835,5.073541816558169e-06,Chi23,"Chicchi et al., 2023 (cpx_liq)",T,,999.0,ok,
merapi_2006_0035,merapi_kd028_pass,2006,2006trav2n  Line 010 ,2006trav2,109,7560,0.2799936080720503,6.391927949767062e-06,Chi23,"Chicchi et al., 2023 (cpx_liq)",T,,901.0,ok,
merapi_2006_0036,merapi_kd028_pass,2006,2006trav2n  Line 011 ,2006trav2,110,8900,0.2799962877122568,3.71228774326271e-06,Chi23,"Chicchi et al., 2023 (cpx_liq)",T,,892.0,ok,
merapi_2006_0037,merapi_kd028_pass,2006,2006trav2n  Line 012 ,2006trav2,111,13896,0.2800091551834771,9.1551834770498e-06,Chi23,"Chicchi et al., 2023 (cpx_liq)",T,,911.0,ok,
merapi_2006_0038,merapi_kd028_pass,2006,2006trav2n  Line 013 ,2006trav2,112,18840,0.2799861823323435,1.381766765651271e-05,Chi23,"Chicchi et al., 2023 (cpx_liq)",T,,919.0,ok,
merapi_2006_0039,merapi_kd028_pass,2006,2006trav2n  Line 017 ,2006trav2,116,7030,0.279987146234402,1.285376559800877e-05,Chi23,"Chicchi et al., 2023 (cpx_liq)",T,,981.0,ok,
merapi_2006_0040,merapi_kd028_pass,2006,Un   95  2006cpx1-80W,2006cpx1-80,135,19746,0.2799973584549343,2.641545065684703e-06,Chi23,"Chicchi et al., 2023 (cpx_liq)",T,,974.0,ok,
merapi_2006_0041,merapi_kd028_pass,2006,Un   96  2006cpx1-test,2006cpx1-test,139,11432,0.2800072280802169,7.228080216914456e-06,Chi23,"Chicchi et al., 2023 (cpx_liq)",T,,932.0,ok,
merapi_2006_0042,merapi_kd028_pass,2006,Un   97  2006cpx1-80E,2006cpx1-80,140,89,0.2799920485428923,7.951457107691073e-06,Chi23,"Chicchi et al., 2023 (cpx_liq)",T,,1026.0,ok,
merapi_2010_0043,merapi_kd028_pass,2010,2010-cpx1 Line 002 ,2010-cpx1,0,6018,0.2799998030112246,1.969887754582622e-07,Chi23,"Chicchi et al., 2023 (cpx_liq)",T,,971.0,ok,
merapi_2010_0044,merapi_kd028_pass,2010,2010-cpx1 Line 003 ,2010-cpx1,1,4057,0.2799981517158307,1.848284169325698e-06,Chi23,"Chicchi et al., 2023 (cpx_liq)",T,,891.0,ok,
merapi_2010_0045,merapi_kd028_pass,2010,2010-cpx1 Line 004 ,2010-cpx1,2,5871,0.2799977644084414,2.235591558652494e-06,Chi23,"Chicchi et al., 2023 (cpx_liq)",T,,916.0,ok,
merapi_2010_0046,merapi_kd028_pass,2010,2010-cpx1 Line 005 ,2010-cpx1,3,2435,0.2800051065098412,5.106509841146245e-06,Chi23,"Chicchi et al., 2023 (cpx_liq)",T,,881.0,ok,
merapi_2010_0047,merapi_kd028_pass,2010,2010-cpx1 Line 006 ,2010-cpx1,4,15157,0.2799988812011857,1.118798814370159e-06,Chi23,"Chicchi et al., 2023 (cpx_liq)",T,,886.0,ok,
merapi_2010_0048,merapi_kd028_pass,2010,2010-cpx1 Line 007 ,2010-cpx1,5,257,0.280005844839572,5.844839571944593e-06,Chi23,"Chicchi et al., 2023 (cpx_liq)",T,,914.0,ok,
merapi_2010_0049,merapi_kd028_pass,2010,2010-cpx1 Line 008 ,2010-cpx1,6,1295,0.2800077662750068,7.76627500681526e-06,Chi23,"Chicchi et al., 2023 (cpx_liq)",T,,895.0,ok,
merapi_2010_0050,merapi_kd028_pass,2010,2010-cpx1 Line 009 ,2010-cpx1,7,16888,0.2800021365885482,2.136588548196094e-06,Chi23,"Chicchi et al., 2023 (cpx_liq)",T,,884.0,ok,
merapi_2010_0051,merapi_kd028_pass,2010,2010-cpx1 Line 010 ,2010-cpx1,8,8856,0.2800015856658248,1.585665824810345e-06,Chi23,"Chicchi et al., 2023 (cpx_liq)",T,,909.0,ok,
merapi_2010_0052,merapi_kd028_pass,2010,2010-cpx1 Line 011 ,2010-cpx1,9,1439,0.2800011849694209,1.184969420919835e-06,Chi23,"Chicchi et al., 2023 (cpx_liq)",T,,885.0,ok,
merapi_2010_0053,merapi_kd028_pass,2010,2010-cpx1 Line 012 ,2010-cpx1,10,14518,0.2800006107589095,6.107589094472843e-07,Chi23,"Chicchi et al., 2023 (cpx_liq)",T,,933.0,ok,
merapi_2010_0054,merapi_kd028_pass,2010,2010-cpx1 Line 013 ,2010-cpx1,11,16676,0.2800025879305247,2.587930524711179e-06,Chi23,"Chicchi et al., 2023 (cpx_liq)",T,,908.0,ok,
merapi_2010_0055,merapi_kd028_pass,2010,2010-cpx1 Line 014 ,2010-cpx1,12,8688,0.2800010648039675,1.064803967498751e-06,Chi23,"Chicchi et al., 2023 (cpx_liq)",T,,910.0,ok,
merapi_2010_0056,merapi_kd028_pass,2010,2010-cpx1 Line 015 ,2010-cpx1,13,5877,0.2799969867108625,3.013289137543396e-06,Chi23,"Chicchi et al., 2023 (cpx_liq)",T,,897.0,ok,
merapi_2010_0057,merapi_kd028_pass,2010,2010-cpx1 Line 016 ,2010-cpx1,14,452,0.2799821560205399,1.784397946014149e-05,Chi23,"Chicchi et al., 2023 (cpx_liq)",T,,912.0,ok,
merapi_2010_0058,merapi_kd028_pass,2010,2010-cpx1 Line 017 ,2010-cpx1,15,2032,0.2800006717020297,6.717020297197784e-07,Chi23,"Chicchi et al., 2023 (cpx_liq)",T,,904.0,ok,
merapi_2010_0059,merapi_kd028_pass,2010,2010-cpx1 Line 018 ,2010-cpx1,16,19283,0.2800046137817918,4.613781791784621e-06,Chi23,"Chicchi et al., 2023 (cpx_liq)",T,,894.0,ok,
merapi_2010_0060,merapi_kd028_pass,2010,2010-cpx1 Line 019 ,2010-cpx1,17,8771,0.2800725605111906,7.256051119058915e-05,Chi23,"Chicchi et al., 2023 (cpx_liq)",T,,1019.0,ok,
merapi_2010_0061,merapi_kd028_pass,2010,2010-cpx1 Line 020 ,2010-cpx1,18,5387,0.2800073241282617,7.324128261654295e-06,Chi23,"Chicchi et al., 2023 (cpx_liq)",T,,1015.0,ok,
merapi_2010_0062,merapi_kd028_pass,2010,2010-cpx1 Line 021 ,2010-cpx1,19,3489,0.2799965137473102,3.486252689866021e-06,Chi23,"Chicchi et al., 2023 (cpx_liq)",T,,1034.0,ok,
merapi_2010_0063,merapi_kd028_pass,2010,nov10_px5an Line 026 ,nov10_px5,84,17229,0.2799933632122469,6.636787753144802e-06,Chi23,"Chicchi et al., 2023 (cpx_liq)",T,,939.0,ok,
merapi_2010_0064,merapi_kd028_pass,2010,nov10_px5an Line 027 ,nov10_px5,85,10975,0.279998405979791,1.594020209050306e-06,Chi23,"Chicchi et al., 2023 (cpx_liq)",T,,900.0,ok,
merapi_2010_0065,merapi_kd028_pass,2010,nov10_px5an Line 028 ,nov10_px5,86,17829,0.2800100678768651,1.006787686508304e-05,Chi23,"Chicchi et al., 2023 (cpx_liq)",T,,900.0,ok,
merapi_2010_0066,merapi_kd028_pass,2010,nov10_px5an Line 029 ,nov10_px5,87,16574,0.2799947642915669,5.235708433082298e-06,Chi23,"Chicchi et al., 2023 (cpx_liq)",T,,912.0,ok,
merapi_2010_0067,merapi_kd028_pass,2010,nov10_px5an Line 030 ,nov10_px5,88,9438,0.2799969807857353,3.019214264765591e-06,Chi23,"Chicchi et al., 2023 (cpx_liq)",T,,890.0,ok,
merapi_2010_0068,merapi_kd028_pass,2010,nov10_px5an Line 031 ,nov10_px5,89,16459,0.2800051022630541,5.102263054057588e-06,Chi23,"Chicchi et al., 2023 (cpx_liq)",T,,909.0,ok,
merapi_2010_0069,merapi_kd028_pass,2010,nov10_px5an Line 032 ,nov10_px5,90,4559,0.280006369562572,6.369562571995058e-06,Chi23,"Chicchi et al., 2023 (cpx_liq)",T,,886.0,ok,
merapi_2010_0070,merapi_kd028_pass,2010,nov10_px5an Line 033 ,nov10_px5,91,6918,0.279989171985401,1.082801459906246e-05,Chi23,"Chicchi et al., 2023 (cpx_liq)",T,,893.0,ok,
merapi_2010_0071,merapi_kd028_pass,2010,nov10_px5an Line 034 ,nov10_px5,92,9687,0.2800279863805439,2.798638054390956e-05,Chi23,"Chicchi et al., 2023 (cpx_liq)",T,,896.0,ok,
merapi_2010_0072,merapi_kd028_pass,2010,nov10_px5an Line 035 ,nov10_px5,93,14424,0.2800076247920927,7.624792092653099e-06,Chi23,"Chicchi et al., 2023 (cpx_liq)",T,,902.0,ok,
merapi_2010_0073,merapi_kd028_pass,2010,nov10_px5an Line 036 ,nov10_px5,94,15711,0.279957811472103,4.218852789705796e-05,Chi23,"Chicchi et al., 2023 (cpx_liq)",T,,890.0,ok,
merapi_2010_0074,merapi_kd028_pass,2010,nov10_px5an Line 037 ,nov10_px5,95,17572,0.2800034736768699,3.473676869869546e-06,Chi23,"Chicchi et al., 2023 (cpx_liq)",T,,889.0,ok,
merapi_2010_0075,merapi_kd028_pass,2010,nov10_px5an Line 038 ,nov10_px5,96,19294,0.2800113853387882,1.138533878813908e-05,Chi23,"Chicchi et al., 2023 (cpx_liq)",T,,895.0,ok,
merapi_2010_0076,merapi_kd028_pass,2010,nov10_px5an Line 039 ,nov10_px5,97,17149,0.2800314474896073,3.144748960731691e-05,Chi23,"Chicchi et al., 2023 (cpx_liq)",T,,881.0,ok,
merapi_2010_0077,merapi_kd028_pass,2010,nov10_px5an Line 040 ,nov10_px5,98,2050,0.279950692550907,4.930744909298346e-05,Chi23,"Chicchi et al., 2023 (cpx_liq)",T,,890.0,ok,
merapi_2010_0078,merapi_kd028_pass,2010,nov10_px5an Line 041 ,nov10_px5,99,5528,0.279996345939143,3.654060857005703e-06,Chi23,"Chicchi et al., 2023 (cpx_liq)",T,,895.0,ok,
merapi_2010_0079,merapi_kd028_pass,2010,nov10_px5an Line 042 ,nov10_px5,100,798,0.2800264683941149,2.646839411485358e-05,Chi23,"Chicchi et al., 2023 (cpx_liq)",T,,905.0,ok,
merapi_2010_0080,merapi_kd028_pass,2010,nov10_px5bn Line 020 ,nov10_px5,120,4575,0.2799610569113504,3.894308864965668e-05,Chi23,"Chicchi et al., 2023 (cpx_liq)",T,,993.0,ok,
merapi_2010_0081,merapi_kd028_pass,2010,nov10_px5bn Line 035 ,nov10_px5,135,17245,0.2800006834025761,6.834025760849016e-07,Chi23,"Chicchi et al., 2023 (cpx_liq)",T,,952.0,ok,
merapi_2010_0082,merapi_kd028_pass,2010,nov10_px5bn Line 036 ,nov10_px5,136,4990,0.2800030942003303,3.094200330233665e-06,Chi23,"Chicchi et al., 2023 (cpx_liq)",T,,890.0,ok,
merapi_2010_0083,merapi_kd028_pass,2010,nov10_px5bn Line 037 ,nov10_px5,137,14581,0.2800020652329865,2.065232986458998e-06,Chi23,"Chicchi et al., 2023 (cpx_liq)",T,,885.0,ok,
merapi_2010_0084,merapi_kd028_pass,2010,nov10_px5bn Line 038 ,nov10_px5,138,5241,0.2800028069195141,2.806919514097839e-06,Chi23,"Chicchi et al., 2023 (cpx_liq)",T,,923.0,ok,
merapi_2010_0085,merapi_kd028_pass,2010,nov10_px5bn Line 039 ,nov10_px5,139,16670,0.2799988743007921,1.125699207960018e-06,Chi23,"Chicchi et al., 2023 (cpx_liq)",T,,889.0,ok,
merapi_2010_0086,merapi_kd028_pass,2010,nov10_px5bn Line 040 ,nov10_px5,140,127,0.2800018784026617,1.878402661636969e-06,Chi23,"Chicchi et al., 2023 (cpx_liq)",T,,923.0,ok,
merapi_2010_0087,merapi_kd028_pass,2010,nov10_px5bn Line 041 ,nov10_px5,141,4082,0.2800013188513222,1.318851322151815e-06,Chi23,"Chicchi et al., 2023 (cpx_liq)",T,,916.0,ok,
merapi_2010_0088,merapi_kd028_pass,2010,nov10_px5bn Line 042 ,nov10_px5,142,11179,0.2800029317436675,2.931743667500264e-06,Chi23,"Chicchi et al., 2023 (cpx_liq)",T,,942.0,ok,
merapi_2010_0089,merapi_kd028_pass,2010,nov10_px5cn Line 027 ,nov10_px5,169,8360,0.2800355603519092,3.556035190921403e-05,Chi23,"Chicchi et al., 2023 (cpx_liq)",T,,966.0,ok,
merapi_2010_0090,merapi_kd028_pass,2010,nov10_px5cn Line 028 ,nov10_px5,170,10692,0.280010041862024,1.00418620239684e-05,Chi23,"Chicchi et al., 2023 (cpx_liq)",T,,922.0,ok,
merapi_2010_0091,merapi_kd028_pass,2010,nov10_px5cn Line 029 ,nov10_px5,171,5211,0.2799959499111569,4.050088843077226e-06,Chi23,"Chicchi et al., 2023 (cpx_liq)",T,,917.0,ok,
merapi_2010_0092,merapi_kd028_pass,2010,nov10_px5cn Line 030 ,nov10_px5,172,4070,0.2799978980475839,2.101952416122543e-06,Chi23,"Chicchi et al., 2023 (cpx_liq)",T,,881.0,ok,
merapi_2010_0093,merapi_kd028_pass,2010,nov10_px5cn Line 031 ,nov10_px5,173,10188,0.2799935557963997,6.444203600353138e-06,Chi23,"Chicchi et al., 2023 (cpx_liq)",T,,925.0,ok,
merapi_2010_0094,merapi_kd028_pass,2010,nov10_px5cn Line 032 ,nov10_px5,174,8753,0.2799985030544663,1.496945533752125e-06,Chi23,"Chicchi et al., 2023 (cpx_liq)",T,,891.0,ok,
merapi_2010_0095,merapi_kd028_pass,2010,nov10_px5cn Line 033 ,nov10_px5,175,11365,0.2800044647547743,4.464754774224922e-06,Chi23,"Chicchi et al., 2023 (cpx_liq)",T,,922.0,ok,
merapi_2010_0096,merapi_kd028_pass,2010,nov10_px5cn Line 034 ,nov10_px5,176,1381,0.2799976878007022,2.312199297860307e-06,Chi23,"Chicchi et al., 2023 (cpx_liq)",T,,901.0,ok,
merapi_2010_0097,merapi_kd028_pass,2010,nov10_px5cn Line 035 ,nov10_px5,177,15978,0.279998997814827,1.002185173015757e-06,Chi23,"Chicchi et al., 2023 (cpx_liq)",T,,885.0,ok,
merapi_2010_0098,merapi_kd028_pass,2010,nov10_px5cn Line 036 ,nov10_px5,178,8902,0.2800031271665638,3.127166563754447e-06,Chi23,"Chicchi et al., 2023 (cpx_liq)",T,,907.0,ok,
merapi_2010_0099,merapi_kd028_pass,2010,nov10_px5cn Line 037 ,nov10_px5,179,14293,0.2800024680425633,2.468042563263939e-06,Chi23,"Chicchi et al., 2023 (cpx_liq)",T,,901.0,ok,
merapi_2010_0100,merapi_kd028_pass,2010,nov10_px5cn Line 038 ,nov10_px5,180,12852,0.2800010792607041,1.079260704084373e-06,Chi23,"Chicchi et al., 2023 (cpx_liq)",T,,924.0,ok,
merapi_2010_0101,merapi_kd028_pass,2010,nov10_px5cn Line 039 ,nov10_px5,181,81,0.2800027112246111,2.711224611040564e-06,Chi23,"Chicchi et al., 2023 (cpx_liq)",T,,890.0,ok,
merapi_2010_0102,merapi_kd028_pass,2010,nov10_px5cn Line 040 ,nov10_px5,182,160,0.2800081154584018,8.11545840173622e-06,Chi23,"Chicchi et al., 2023 (cpx_liq)",T,,912.0,ok,
merapi_2010_0103,merapi_kd028_pass,2010,nov10_px5cn Line 041 ,nov10_px5,183,14033,0.2799970809354401,2.919064559958606e-06,Chi23,"Chicchi et al., 2023 (cpx_liq)",T,,934.0,ok,
merapi_2010_0104,merapi_kd028_pass,2010,nov10_px5cn Line 042 ,nov10_px5,184,11589,0.2800003808783538,3.808783537451177e-07,Chi23,"Chicchi et al., 2023 (cpx_liq)",T,,901.0,ok,
merapi_2010_0105,merapi_kd028_pass,2010,nov10_px6bn Line 022 ,nov10_px6,206,5838,0.2799975763316663,2.423668333695339e-06,Chi23,"Chicchi et al., 2023 (cpx_liq)",T,,886.0,ok,
merapi_2010_0106,merapi_kd028_pass,2010,nov10_px6bn Line 023 ,nov10_px6,207,12299,0.2799929724821653,7.027517834767849e-06,Chi23,"Chicchi et al., 2023 (cpx_liq)",T,,896.0,ok,
merapi_2010_0107,merapi_kd028_pass,2010,nov10_px6bn Line 024 ,nov10_px6,208,8066,0.2799979396071882,2.060392811809031e-06,Chi23,"Chicchi et al., 2023 (cpx_liq)",T,,941.0,ok,
merapi_2010_0108,merapi_kd028_pass,2010,nov10_px6bn Line 025 ,nov10_px6,209,2000,0.2800115110848241,1.151108482405627e-05,Chi23,"Chicchi et al., 2023 (cpx_liq)",T,,926.0,ok,
merapi_2010_0109,merapi_kd028_pass,2010,nov10_px6bn Line 026 ,nov10_px6,210,4024,0.280001245370136,1.245370135960489e-06,Chi23,"Chicchi et al., 2023 (cpx_liq)",T,,940.0,ok,
merapi_2010_0110,merapi_kd028_pass,2010,nov10_px6bn Line 027 ,nov10_px6,211,16911,0.2799848953098698,1.510469013021876e-05,Chi23,"Chicchi et al., 2023 (cpx_liq)",T,,911.0,ok,
merapi_2010_0111,merapi_kd028_pass,2010,nov10_px6bn Line 028 ,nov10_px6,212,16798,0.2800080151835502,8.015183550147409e-06,Chi23,"Chicchi et al., 2023 (cpx_liq)",T,,932.0,ok,
merapi_2010_0112,merapi_kd028_pass,2010,nov10_px6bn Line 029 ,nov10_px6,213,13586,0.2800028263253634,2.826325363414206e-06,Chi23,"Chicchi et al., 2023 (cpx_liq)",T,,920.0,ok,
merapi_2010_0113,merapi_kd028_pass,2010,nov10_px6bn Line 030 ,nov10_px6,214,17483,0.2800353341079006,3.533410790057534e-05,Chi23,"Chicchi et al., 2023 (cpx_liq)",T,,909.0,ok,
merapi_2010_0114,merapi_kd028_pass,2010,nov10_px6bn Line 031 ,nov10_px6,215,18016,0.2799966796108934,3.320389106609145e-06,Chi23,"Chicchi et al., 2023 (cpx_liq)",T,,955.0,ok,
merapi_2010_0115,merapi_kd028_pass,2010,nov10_px6bn Line 032 ,nov10_px6,216,4728,0.2799866525462,1.334745380004998e-05,Chi23,"Chicchi et al., 2023 (cpx_liq)",T,,970.0,ok,
merapi_2010_0116,merapi_kd028_pass,2010,nov10_px6bn Line 033 ,nov10_px6,217,4355,0.280003212463115,3.212463115020991e-06,Chi23,"Chicchi et al., 2023 (cpx_liq)",T,,980.0,ok,
merapi_2010_0117,merapi_kd028_pass,2010,oct10-px4a Line 001 ,oct10-px4a,218,3892,0.2800088174441775,8.817444177466882e-06,Chi23,"Chicchi et al., 2023 (cpx_liq)",T,,978.0,ok,
merapi_2010_0118,merapi_kd028_pass,2010,oct10-px4a Line 002 ,oct10-px4a,219,7828,0.2799665652974266,3.343470257344272e-05,Chi23,"Chicchi et al., 2023 (cpx_liq)",T,,881.0,ok,
merapi_2010_0119,merapi_kd028_pass,2010,oct10-px4a Line 008 ,oct10-px4a,225,14045,0.2800199062319113,1.990623191128194e-05,Chi23,"Chicchi et al., 2023 (cpx_liq)",T,,1026.0,ok,
merapi_2010_0120,merapi_kd028_pass,2010,oct10-px4a Line 009 ,oct10-px4a,226,13348,0.2800058843242761,5.884324276117514e-06,Chi23,"Chicchi et al., 2023 (cpx_liq)",T,,971.0,ok,
merapi_2010_0121,merapi_kd028_pass,2010,oct10-px4a Line 011 ,oct10-px4a,227,7173,0.2800390814738258,3.908147382575278e-05,Chi23,"Chicchi et al., 2023 (cpx_liq)",T,,1043.0,ok,
merapi_2010_0122,merapi_kd028_pass,2010,oct10-px4a Line 012 ,oct10-px4a,228,16050,0.2799826242196712,1.737578032878773e-05,Chi23,"Chicchi et al., 2023 (cpx_liq)",T,,1044.0,ok,
merapi_2010_0123,merapi_kd028_pass,2010,oct10-px4a Line 015 ,oct10-px4a,231,8081,0.2799973712794988,2.628720501274273e-06,Chi23,"Chicchi et al., 2023 (cpx_liq)",T,,1028.0,ok,
merapi_2010_0124,merapi_kd028_pass,2010,oct10-px4a Line 017 ,oct10-px4a,233,5508,0.2799943694425442,5.630557455782448e-06,Chi23,"Chicchi et al., 2023 (cpx_liq)",T,,957.0,ok,
merapi_2010_0125,merapi_kd028_pass,2010,oct10-px4a Line 018 ,oct10-px4a,234,15738,0.2799929769501922,7.023049807819426e-06,Chi23,"Chicchi et al., 2023 (cpx_liq)",T,,888.0,ok,
merapi_2010_0126,merapi_kd028_pass,2010,oct10-px7a Line 003 ,oct10-px7a,237,1018,0.2799773514750729,2.264852492711578e-05,Chi23,"Chicchi et al., 2023 (cpx_liq)",T,,970.0,ok,
merapi_2010_0127,merapi_kd028_pass,2010,Un  207  2010-Cpx1-60S,2010-Cpx1-60,259,6010,0.2800185298718917,1.852987189171484e-05,Chi23,"Chicchi et al., 2023 (cpx_liq)",T,,938.0,ok,
merapi_2010_0128,merapi_kd028_pass,2010,Un  208  2010-Cpx1-60E,2010-Cpx1-60,260,15630,0.2800210555938312,2.105559383119848e-05,Chi23,"Chicchi et al., 2023 (cpx_liq)",T,,926.0,ok,
merapi_2010_0129,merapi_kd028_pass,2010,Un  209  2010-Cpx1-Core1,2010-Cpx1-CORE,261,9023,0.2800248773529943,2.487735299427918e-05,Chi23,"Chicchi et al., 2023 (cpx_liq)",T,,970.0,ok,
merapi_2010_0130,merapi_kd028_pass,2010,Un  210  2010-Cpx1-Core2,2010-Cpx1-CORE,262,8312,0.2799934040601317,6.595939868347944e-06,Chi23,"Chicchi et al., 2023 (cpx_liq)",T,,945.0,ok,
merapi_2010_0131,merapi_kd028_pass,2010,Un  211  2010-Cpx1-Core3,2010-Cpx1-CORE,263,16842,0.2800018738159906,1.873815990593997e-06,Chi23,"Chicchi et al., 2023 (cpx_liq)",T,,954.0,ok,
merapi_2010_0132,merapi_kd028_pass,2010,Un  212  2010-Cpx1-61W,2010-Cpx1-61,264,9373,0.2800080710201749,8.071020174860166e-06,Chi23,"Chicchi et al., 2023 (cpx_liq)",T,,963.0,ok,
merapi_2010_0133,merapi_kd028_pass,2010,Un  213  2010-Cpx1-61E,2010-Cpx1-61,265,11782,0.279988138916497,1.18610835029842e-05,Chi23,"Chicchi et al., 2023 (cpx_liq)",T,,909.0,ok,
merapi_2010_0134,merapi_kd028_pass,2010,Un  214  2010-Cpx1-61N,2010-Cpx1-61,266,18560,0.2799839428361771,1.605716382291345e-05,Chi23,"Chicchi et al., 2023 (cpx_liq)",T,,931.0,ok,
merapi_2010_0135,merapi_kd028_pass,2010,Un  216  2010-Cpx1-62W,2010-Cpx1-62,267,9894,0.27995379187536,4.620812464006807e-05,Chi23,"Chicchi et al., 2023 (cpx_liq)",T,,922.0,ok,
merapi_2010_0136,merapi_kd028_pass,2010,Un  219  2010-Cpx1-RIM3,2010-Cpx1-RIM,268,17348,0.2799836140156229,1.638598437708749e-05,Chi23,"Chicchi et al., 2023 (cpx_liq)",T,,884.0,ok,
merapi_2010_0137,merapi_kd028_pass,2010,Un  220  2010-Cpx1-Core4,2010-Cpx1-CORE,269,17822,0.2799927645626315,7.235437368524611e-06,Chi23,"Chicchi et al., 2023 (cpx_liq)",T,,913.0,ok,
merapi_2010_0138,merapi_kd028_pass,2010,Un  221  2010-Cpx1-Core5,2010-Cpx1-CORE,270,15694,0.2799967501740619,3.249825938078654e-06,Chi23,"Chicchi et al., 2023 (cpx_liq)",T,,927.0,ok,
merapi_2010_0139,merapi_kd028_pass,2010,Un  222  2010-Cpx1-Rim4,2010-Cpx1-RIM,271,11854,0.2800003101259549,3.10125954861018e-07,Chi23,"Chicchi et al., 2023 (cpx_liq)",T,,937.0,ok,
merapi_2010_0140,merapi_kd028_pass,2010,Un  253  2010-Cpx6-52N,2010-Cpx6-52,273,7367,0.2799907355838421,9.264416157950262e-06,Chi23,"Chicchi et al., 2023 (cpx_liq)",T,,964.0,ok,
merapi_2010_0141,merapi_kd028_pass,2010,Un  273  2010-Pair1-cpx-E2,2010-Pair1-cpx,277,6618,0.2799872793048427,1.272069515728669e-05,Chi23,"Chicchi et al., 2023 (cpx_liq)",T,,918.0,ok,
merapi_2010_0142,merapi_kd028_pass,2010,Un  279  2010-CpxBottom-50E,2010-CpxBottom-50,283,2147,0.2799921576202294,7.842379770583996e-06,Chi23,"Chicchi et al., 2023 (cpx_liq)",T,,1027.0,ok,
merapi_2010_0143,merapi_kd028_pass,2010,Un  281  2010-CpxBottom-49N,2010-CpxBottom-49,285,15424,0.2800310738358642,3.107383586420376e-05,Chi23,"Chicchi et al., 2023 (cpx_liq)",T,,982.0,ok,
merapi_2010_0144,merapi_kd028_pass,2010,Un  286  2010-CpxBottom-R2,2010-CpxBottom,290,10807,0.2799972476730776,2.752326922428328e-06,Chi23,"Chicchi et al., 2023 (cpx_liq)",T,,962.0,ok,
merapi_2010_0145,merapi_kd028_pass,2010,Un  287  2010-CpxSkull-56N,2010-CpxSkull-56,291,2157,0.2799892466082562,1.075339174383405e-05,Chi23,"Chicchi et al., 2023 (cpx_liq)",T,,910.0,ok,
merapi_2010_0146,merapi_kd028_pass,2010,Un  297  2010-CpxSkull-Rim1,2010-CpxSkull,299,19222,0.2800106561710371,1.065617103707117e-05,Chi23,"Chicchi et al., 2023 (cpx_liq)",T,,884.0,ok,
merapi_2010_0147,merapi_kd028_pass,2010,Un  300  2010-CpxSkull-Rim2,2010-CpxSkull,302,10692,0.2799953129372731,4.687062726937974e-06,Chi23,"Chicchi et al., 2023 (cpx_liq)",T,,923.0,ok,
merapi_2010_0148,merapi_kd028_pass,2010,Un  301  2010-CpxSkull-Rim3,2010-CpxSkull,303,9366,0.2799988713753707,1.128624629309627e-06,Chi23,"Chicchi et al., 2023 (cpx_liq)",T,,879.0,ok,
